2026-01-15 12:02:56,858 - __main__ - INFO - ============================================================
2026-01-15 12:02:56,860 - __main__ - INFO - PureOptionsBot v2.0 - Modular Architecture
2026-01-15 12:02:56,860 - __main__ - INFO - ============================================================
2026-01-15 12:02:56,878 - __main__ - INFO - Configuration loaded successfully
2026-01-15 12:02:56,879 - __main__ - WARNING - API client not initialized - using mock mode
2026-01-15 12:02:56,947 - core.engine - INFO - Trading Engine initialized
2026-01-15 12:02:56,948 - __main__ - INFO - Trading Engine created successfully
2026-01-15 12:02:56,948 - __main__ - INFO - Starting event loop...
2026-01-15 12:02:56,949 - core.engine - INFO - Starting Trading Engine...
2026-01-15 12:02:56,950 - core.engine - INFO - [TASK] Signal scanner started
2026-01-15 12:02:57,063 - core.engine - INFO - [TASK] Risk monitor started
2026-01-15 12:02:57,076 - core.engine - INFO - [TASK] Position sync started
2026-01-15 12:02:57,077 - core.engine - ERROR - Position sync error: 'NoneType' object has no attribute 'positions'
Traceback (most recent call last):
  File "C:\Rahul\06_Nikku\Strategies\PureOptionsBot\core\engine.py", line 328, in position_sync_task
    await self._sync_positions()
  File "C:\Rahul\06_Nikku\Strategies\PureOptionsBot\core\engine.py", line 341, in _sync_positions
    self.client.positions
AttributeError: 'NoneType' object has no attribute 'positions'
2026-01-15 12:03:07,091 - core.engine - ERROR - Position sync error: 'NoneType' object has no attribute 'positions'
Traceback (most recent call last):
  File "C:\Rahul\06_Nikku\Strategies\PureOptionsBot\core\engine.py", line 328, in position_sync_task
    await self._sync_positions()
  File "C:\Rahul\06_Nikku\Strategies\PureOptionsBot\core\engine.py", line 341, in _sync_positions
    self.client.positions
AttributeError: 'NoneType' object has no attribute 'positions'
2026-01-15 12:03:17,125 - core.engine - ERROR - Position sync error: 'NoneType' object has no attribute 'positions'
Traceback (most recent call last):
  File "C:\Rahul\06_Nikku\Strategies\PureOptionsBot\core\engine.py", line 328, in position_sync_task
    await self._sync_positions()
  File "C:\Rahul\06_Nikku\Strategies\PureOptionsBot\core\engine.py", line 341, in _sync_positions
    self.client.positions
AttributeError: 'NoneType' object has no attribute 'positions'
2026-01-15 12:03:18,709 - __main__ - INFO - Goodbye!
2026-01-15 12:07:38,616 - __main__ - INFO - ============================================================
2026-01-15 12:07:38,616 - __main__ - INFO - PureOptionsBot v2.0 - Modular Architecture
2026-01-15 12:07:38,616 - __main__ - INFO - ============================================================
2026-01-15 12:07:38,641 - __main__ - INFO - Configuration loaded successfully
2026-01-15 12:07:41,518 - __main__ - INFO - API client loaded from PureOptionsStrategy.py
2026-01-15 12:07:41,523 - core.engine - INFO - Trading Engine initialized
2026-01-15 12:07:41,523 - __main__ - INFO - Trading Engine created successfully
2026-01-15 12:07:41,524 - __main__ - INFO - Starting event loop...
2026-01-15 12:07:41,524 - core.engine - INFO - Starting Trading Engine...
2026-01-15 12:07:41,524 - core.engine - INFO - [TASK] Signal scanner started
2026-01-15 12:07:41,634 - core.engine - INFO - [TASK] Risk monitor started
2026-01-15 12:07:41,634 - core.engine - INFO - [TASK] Position sync started
2026-01-15 12:07:41,634 - core.engine - ERROR - Position sync error: 'api' object has no attribute 'positions'
Traceback (most recent call last):
  File "C:\Rahul\06_Nikku\Strategies\PureOptionsBot\core\engine.py", line 328, in position_sync_task
    await self._sync_positions()
  File "C:\Rahul\06_Nikku\Strategies\PureOptionsBot\core\engine.py", line 341, in _sync_positions
    self.client.positions
AttributeError: 'api' object has no attribute 'positions'
2026-01-15 12:07:51,642 - core.engine - ERROR - Position sync error: 'api' object has no attribute 'positions'
Traceback (most recent call last):
  File "C:\Rahul\06_Nikku\Strategies\PureOptionsBot\core\engine.py", line 328, in position_sync_task
    await self._sync_positions()
  File "C:\Rahul\06_Nikku\Strategies\PureOptionsBot\core\engine.py", line 341, in _sync_positions
    self.client.positions
AttributeError: 'api' object has no attribute 'positions'
2026-01-15 12:08:01,662 - core.engine - ERROR - Position sync error: 'api' object has no attribute 'positions'
Traceback (most recent call last):
  File "C:\Rahul\06_Nikku\Strategies\PureOptionsBot\core\engine.py", line 328, in position_sync_task
    await self._sync_positions()
  File "C:\Rahul\06_Nikku\Strategies\PureOptionsBot\core\engine.py", line 341, in _sync_positions
    self.client.positions
AttributeError: 'api' object has no attribute 'positions'
2026-01-15 12:08:11,674 - core.engine - ERROR - Position sync error: 'api' object has no attribute 'positions'
Traceback (most recent call last):
  File "C:\Rahul\06_Nikku\Strategies\PureOptionsBot\core\engine.py", line 328, in position_sync_task
    await self._sync_positions()
  File "C:\Rahul\06_Nikku\Strategies\PureOptionsBot\core\engine.py", line 341, in _sync_positions
    self.client.positions
AttributeError: 'api' object has no attribute 'positions'
2026-01-15 12:08:21,689 - core.engine - ERROR - Position sync error: 'api' object has no attribute 'positions'
Traceback (most recent call last):
  File "C:\Rahul\06_Nikku\Strategies\PureOptionsBot\core\engine.py", line 328, in position_sync_task
    await self._sync_positions()
  File "C:\Rahul\06_Nikku\Strategies\PureOptionsBot\core\engine.py", line 341, in _sync_positions
    self.client.positions
AttributeError: 'api' object has no attribute 'positions'
2026-01-15 12:08:31,712 - core.engine - ERROR - Position sync error: 'api' object has no attribute 'positions'
Traceback (most recent call last):
  File "C:\Rahul\06_Nikku\Strategies\PureOptionsBot\core\engine.py", line 328, in position_sync_task
    await self._sync_positions()
  File "C:\Rahul\06_Nikku\Strategies\PureOptionsBot\core\engine.py", line 341, in _sync_positions
    self.client.positions
AttributeError: 'api' object has no attribute 'positions'
2026-01-15 12:08:41,715 - core.engine - ERROR - Position sync error: 'api' object has no attribute 'positions'
Traceback (most recent call last):
  File "C:\Rahul\06_Nikku\Strategies\PureOptionsBot\core\engine.py", line 328, in position_sync_task
    await self._sync_positions()
  File "C:\Rahul\06_Nikku\Strategies\PureOptionsBot\core\engine.py", line 341, in _sync_positions
    self.client.positions
AttributeError: 'api' object has no attribute 'positions'
2026-01-15 12:08:51,743 - core.engine - ERROR - Position sync error: 'api' object has no attribute 'positions'
Traceback (most recent call last):
  File "C:\Rahul\06_Nikku\Strategies\PureOptionsBot\core\engine.py", line 328, in position_sync_task
    await self._sync_positions()
  File "C:\Rahul\06_Nikku\Strategies\PureOptionsBot\core\engine.py", line 341, in _sync_positions
    self.client.positions
AttributeError: 'api' object has no attribute 'positions'
2026-01-15 12:09:01,746 - core.engine - ERROR - Position sync error: 'api' object has no attribute 'positions'
Traceback (most recent call last):
  File "C:\Rahul\06_Nikku\Strategies\PureOptionsBot\core\engine.py", line 328, in position_sync_task
    await self._sync_positions()
  File "C:\Rahul\06_Nikku\Strategies\PureOptionsBot\core\engine.py", line 341, in _sync_positions
    self.client.positions
AttributeError: 'api' object has no attribute 'positions'
2026-01-15 12:09:11,772 - core.engine - ERROR - Position sync error: 'api' object has no attribute 'positions'
Traceback (most recent call last):
  File "C:\Rahul\06_Nikku\Strategies\PureOptionsBot\core\engine.py", line 328, in position_sync_task
    await self._sync_positions()
  File "C:\Rahul\06_Nikku\Strategies\PureOptionsBot\core\engine.py", line 341, in _sync_positions
    self.client.positions
AttributeError: 'api' object has no attribute 'positions'
2026-01-15 12:09:21,773 - core.engine - ERROR - Position sync error: 'api' object has no attribute 'positions'
Traceback (most recent call last):
  File "C:\Rahul\06_Nikku\Strategies\PureOptionsBot\core\engine.py", line 328, in position_sync_task
    await self._sync_positions()
  File "C:\Rahul\06_Nikku\Strategies\PureOptionsBot\core\engine.py", line 341, in _sync_positions
    self.client.positions
AttributeError: 'api' object has no attribute 'positions'
2026-01-15 12:09:31,789 - core.engine - ERROR - Position sync error: 'api' object has no attribute 'positions'
Traceback (most recent call last):
  File "C:\Rahul\06_Nikku\Strategies\PureOptionsBot\core\engine.py", line 328, in position_sync_task
    await self._sync_positions()
  File "C:\Rahul\06_Nikku\Strategies\PureOptionsBot\core\engine.py", line 341, in _sync_positions
    self.client.positions
AttributeError: 'api' object has no attribute 'positions'
2026-01-15 12:09:41,803 - core.engine - ERROR - Position sync error: 'api' object has no attribute 'positions'
Traceback (most recent call last):
  File "C:\Rahul\06_Nikku\Strategies\PureOptionsBot\core\engine.py", line 328, in position_sync_task
    await self._sync_positions()
  File "C:\Rahul\06_Nikku\Strategies\PureOptionsBot\core\engine.py", line 341, in _sync_positions
    self.client.positions
AttributeError: 'api' object has no attribute 'positions'
2026-01-15 12:09:51,811 - core.engine - ERROR - Position sync error: 'api' object has no attribute 'positions'
Traceback (most recent call last):
  File "C:\Rahul\06_Nikku\Strategies\PureOptionsBot\core\engine.py", line 328, in position_sync_task
    await self._sync_positions()
  File "C:\Rahul\06_Nikku\Strategies\PureOptionsBot\core\engine.py", line 341, in _sync_positions
    self.client.positions
AttributeError: 'api' object has no attribute 'positions'
2026-01-15 12:10:01,820 - core.engine - ERROR - Position sync error: 'api' object has no attribute 'positions'
Traceback (most recent call last):
  File "C:\Rahul\06_Nikku\Strategies\PureOptionsBot\core\engine.py", line 328, in position_sync_task
    await self._sync_positions()
  File "C:\Rahul\06_Nikku\Strategies\PureOptionsBot\core\engine.py", line 341, in _sync_positions
    self.client.positions
AttributeError: 'api' object has no attribute 'positions'
2026-01-15 12:10:11,827 - core.engine - ERROR - Position sync error: 'api' object has no attribute 'positions'
Traceback (most recent call last):
  File "C:\Rahul\06_Nikku\Strategies\PureOptionsBot\core\engine.py", line 328, in position_sync_task
    await self._sync_positions()
  File "C:\Rahul\06_Nikku\Strategies\PureOptionsBot\core\engine.py", line 341, in _sync_positions
    self.client.positions
AttributeError: 'api' object has no attribute 'positions'
2026-01-15 12:10:21,852 - core.engine - ERROR - Position sync error: 'api' object has no attribute 'positions'
Traceback (most recent call last):
  File "C:\Rahul\06_Nikku\Strategies\PureOptionsBot\core\engine.py", line 328, in position_sync_task
    await self._sync_positions()
  File "C:\Rahul\06_Nikku\Strategies\PureOptionsBot\core\engine.py", line 341, in _sync_positions
    self.client.positions
AttributeError: 'api' object has no attribute 'positions'
2026-01-15 12:10:31,859 - core.engine - ERROR - Position sync error: 'api' object has no attribute 'positions'
Traceback (most recent call last):
  File "C:\Rahul\06_Nikku\Strategies\PureOptionsBot\core\engine.py", line 328, in position_sync_task
    await self._sync_positions()
  File "C:\Rahul\06_Nikku\Strategies\PureOptionsBot\core\engine.py", line 341, in _sync_positions
    self.client.positions
AttributeError: 'api' object has no attribute 'positions'
2026-01-15 12:10:41,881 - core.engine - ERROR - Position sync error: 'api' object has no attribute 'positions'
Traceback (most recent call last):
  File "C:\Rahul\06_Nikku\Strategies\PureOptionsBot\core\engine.py", line 328, in position_sync_task
    await self._sync_positions()
  File "C:\Rahul\06_Nikku\Strategies\PureOptionsBot\core\engine.py", line 341, in _sync_positions
    self.client.positions
AttributeError: 'api' object has no attribute 'positions'
2026-01-15 12:10:51,890 - core.engine - ERROR - Position sync error: 'api' object has no attribute 'positions'
Traceback (most recent call last):
  File "C:\Rahul\06_Nikku\Strategies\PureOptionsBot\core\engine.py", line 328, in position_sync_task
    await self._sync_positions()
  File "C:\Rahul\06_Nikku\Strategies\PureOptionsBot\core\engine.py", line 341, in _sync_positions
    self.client.positions
AttributeError: 'api' object has no attribute 'positions'
2026-01-15 12:11:01,907 - core.engine - ERROR - Position sync error: 'api' object has no attribute 'positions'
Traceback (most recent call last):
  File "C:\Rahul\06_Nikku\Strategies\PureOptionsBot\core\engine.py", line 328, in position_sync_task
    await self._sync_positions()
  File "C:\Rahul\06_Nikku\Strategies\PureOptionsBot\core\engine.py", line 341, in _sync_positions
    self.client.positions
AttributeError: 'api' object has no attribute 'positions'
2026-01-15 12:11:11,926 - core.engine - ERROR - Position sync error: 'api' object has no attribute 'positions'
Traceback (most recent call last):
  File "C:\Rahul\06_Nikku\Strategies\PureOptionsBot\core\engine.py", line 328, in position_sync_task
    await self._sync_positions()
  File "C:\Rahul\06_Nikku\Strategies\PureOptionsBot\core\engine.py", line 341, in _sync_positions
    self.client.positions
AttributeError: 'api' object has no attribute 'positions'
2026-01-15 12:11:21,928 - core.engine - ERROR - Position sync error: 'api' object has no attribute 'positions'
Traceback (most recent call last):
  File "C:\Rahul\06_Nikku\Strategies\PureOptionsBot\core\engine.py", line 328, in position_sync_task
    await self._sync_positions()
  File "C:\Rahul\06_Nikku\Strategies\PureOptionsBot\core\engine.py", line 341, in _sync_positions
    self.client.positions
AttributeError: 'api' object has no attribute 'positions'
2026-01-15 12:11:31,941 - core.engine - ERROR - Position sync error: 'api' object has no attribute 'positions'
Traceback (most recent call last):
  File "C:\Rahul\06_Nikku\Strategies\PureOptionsBot\core\engine.py", line 328, in position_sync_task
    await self._sync_positions()
  File "C:\Rahul\06_Nikku\Strategies\PureOptionsBot\core\engine.py", line 341, in _sync_positions
    self.client.positions
AttributeError: 'api' object has no attribute 'positions'
2026-01-15 12:11:41,943 - core.engine - ERROR - Position sync error: 'api' object has no attribute 'positions'
Traceback (most recent call last):
  File "C:\Rahul\06_Nikku\Strategies\PureOptionsBot\core\engine.py", line 328, in position_sync_task
    await self._sync_positions()
  File "C:\Rahul\06_Nikku\Strategies\PureOptionsBot\core\engine.py", line 341, in _sync_positions
    self.client.positions
AttributeError: 'api' object has no attribute 'positions'
2026-01-15 12:11:51,958 - core.engine - ERROR - Position sync error: 'api' object has no attribute 'positions'
Traceback (most recent call last):
  File "C:\Rahul\06_Nikku\Strategies\PureOptionsBot\core\engine.py", line 328, in position_sync_task
    await self._sync_positions()
  File "C:\Rahul\06_Nikku\Strategies\PureOptionsBot\core\engine.py", line 341, in _sync_positions
    self.client.positions
AttributeError: 'api' object has no attribute 'positions'
2026-01-15 12:12:01,972 - core.engine - ERROR - Position sync error: 'api' object has no attribute 'positions'
Traceback (most recent call last):
  File "C:\Rahul\06_Nikku\Strategies\PureOptionsBot\core\engine.py", line 328, in position_sync_task
    await self._sync_positions()
  File "C:\Rahul\06_Nikku\Strategies\PureOptionsBot\core\engine.py", line 341, in _sync_positions
    self.client.positions
AttributeError: 'api' object has no attribute 'positions'
2026-01-15 12:12:11,989 - core.engine - ERROR - Position sync error: 'api' object has no attribute 'positions'
Traceback (most recent call last):
  File "C:\Rahul\06_Nikku\Strategies\PureOptionsBot\core\engine.py", line 328, in position_sync_task
    await self._sync_positions()
  File "C:\Rahul\06_Nikku\Strategies\PureOptionsBot\core\engine.py", line 341, in _sync_positions
    self.client.positions
AttributeError: 'api' object has no attribute 'positions'
2026-01-15 12:12:21,997 - core.engine - ERROR - Position sync error: 'api' object has no attribute 'positions'
Traceback (most recent call last):
  File "C:\Rahul\06_Nikku\Strategies\PureOptionsBot\core\engine.py", line 328, in position_sync_task
    await self._sync_positions()
  File "C:\Rahul\06_Nikku\Strategies\PureOptionsBot\core\engine.py", line 341, in _sync_positions
    self.client.positions
AttributeError: 'api' object has no attribute 'positions'
2026-01-15 12:12:32,016 - core.engine - ERROR - Position sync error: 'api' object has no attribute 'positions'
Traceback (most recent call last):
  File "C:\Rahul\06_Nikku\Strategies\PureOptionsBot\core\engine.py", line 328, in position_sync_task
    await self._sync_positions()
  File "C:\Rahul\06_Nikku\Strategies\PureOptionsBot\core\engine.py", line 341, in _sync_positions
    self.client.positions
AttributeError: 'api' object has no attribute 'positions'
2026-01-15 12:12:42,036 - core.engine - ERROR - Position sync error: 'api' object has no attribute 'positions'
Traceback (most recent call last):
  File "C:\Rahul\06_Nikku\Strategies\PureOptionsBot\core\engine.py", line 328, in position_sync_task
    await self._sync_positions()
  File "C:\Rahul\06_Nikku\Strategies\PureOptionsBot\core\engine.py", line 341, in _sync_positions
    self.client.positions
AttributeError: 'api' object has no attribute 'positions'
2026-01-15 12:12:52,043 - core.engine - ERROR - Position sync error: 'api' object has no attribute 'positions'
Traceback (most recent call last):
  File "C:\Rahul\06_Nikku\Strategies\PureOptionsBot\core\engine.py", line 328, in position_sync_task
    await self._sync_positions()
  File "C:\Rahul\06_Nikku\Strategies\PureOptionsBot\core\engine.py", line 341, in _sync_positions
    self.client.positions
AttributeError: 'api' object has no attribute 'positions'
2026-01-15 12:13:02,057 - core.engine - ERROR - Position sync error: 'api' object has no attribute 'positions'
Traceback (most recent call last):
  File "C:\Rahul\06_Nikku\Strategies\PureOptionsBot\core\engine.py", line 328, in position_sync_task
    await self._sync_positions()
  File "C:\Rahul\06_Nikku\Strategies\PureOptionsBot\core\engine.py", line 341, in _sync_positions
    self.client.positions
AttributeError: 'api' object has no attribute 'positions'
2026-01-15 12:13:12,075 - core.engine - ERROR - Position sync error: 'api' object has no attribute 'positions'
Traceback (most recent call last):
  File "C:\Rahul\06_Nikku\Strategies\PureOptionsBot\core\engine.py", line 328, in position_sync_task
    await self._sync_positions()
  File "C:\Rahul\06_Nikku\Strategies\PureOptionsBot\core\engine.py", line 341, in _sync_positions
    self.client.positions
AttributeError: 'api' object has no attribute 'positions'
2026-01-15 12:13:22,093 - core.engine - ERROR - Position sync error: 'api' object has no attribute 'positions'
Traceback (most recent call last):
  File "C:\Rahul\06_Nikku\Strategies\PureOptionsBot\core\engine.py", line 328, in position_sync_task
    await self._sync_positions()
  File "C:\Rahul\06_Nikku\Strategies\PureOptionsBot\core\engine.py", line 341, in _sync_positions
    self.client.positions
AttributeError: 'api' object has no attribute 'positions'
2026-01-15 12:13:32,110 - core.engine - ERROR - Position sync error: 'api' object has no attribute 'positions'
Traceback (most recent call last):
  File "C:\Rahul\06_Nikku\Strategies\PureOptionsBot\core\engine.py", line 328, in position_sync_task
    await self._sync_positions()
  File "C:\Rahul\06_Nikku\Strategies\PureOptionsBot\core\engine.py", line 341, in _sync_positions
    self.client.positions
AttributeError: 'api' object has no attribute 'positions'
2026-01-15 12:13:42,117 - core.engine - ERROR - Position sync error: 'api' object has no attribute 'positions'
Traceback (most recent call last):
  File "C:\Rahul\06_Nikku\Strategies\PureOptionsBot\core\engine.py", line 328, in position_sync_task
    await self._sync_positions()
  File "C:\Rahul\06_Nikku\Strategies\PureOptionsBot\core\engine.py", line 341, in _sync_positions
    self.client.positions
AttributeError: 'api' object has no attribute 'positions'
2026-01-15 12:13:52,132 - core.engine - ERROR - Position sync error: 'api' object has no attribute 'positions'
Traceback (most recent call last):
  File "C:\Rahul\06_Nikku\Strategies\PureOptionsBot\core\engine.py", line 328, in position_sync_task
    await self._sync_positions()
  File "C:\Rahul\06_Nikku\Strategies\PureOptionsBot\core\engine.py", line 341, in _sync_positions
    self.client.positions
AttributeError: 'api' object has no attribute 'positions'
2026-01-15 12:14:02,147 - core.engine - ERROR - Position sync error: 'api' object has no attribute 'positions'
Traceback (most recent call last):
  File "C:\Rahul\06_Nikku\Strategies\PureOptionsBot\core\engine.py", line 328, in position_sync_task
    await self._sync_positions()
  File "C:\Rahul\06_Nikku\Strategies\PureOptionsBot\core\engine.py", line 341, in _sync_positions
    self.client.positions
AttributeError: 'api' object has no attribute 'positions'
2026-01-15 12:14:12,152 - core.engine - ERROR - Position sync error: 'api' object has no attribute 'positions'
Traceback (most recent call last):
  File "C:\Rahul\06_Nikku\Strategies\PureOptionsBot\core\engine.py", line 328, in position_sync_task
    await self._sync_positions()
  File "C:\Rahul\06_Nikku\Strategies\PureOptionsBot\core\engine.py", line 341, in _sync_positions
    self.client.positions
AttributeError: 'api' object has no attribute 'positions'
2026-01-15 12:14:15,570 - __main__ - INFO - ============================================================
2026-01-15 12:14:15,570 - __main__ - INFO - PureOptionsBot v2.0 - Modular Architecture
2026-01-15 12:14:15,571 - __main__ - INFO - ============================================================
2026-01-15 12:14:15,587 - __main__ - INFO - Configuration loaded successfully
2026-01-15 12:14:16,604 - __main__ - INFO - API client loaded from PureOptionsStrategy.py
2026-01-15 12:14:16,606 - core.engine - INFO - Trading Engine initialized
2026-01-15 12:14:16,606 - __main__ - INFO - Trading Engine created successfully
2026-01-15 12:14:16,607 - __main__ - INFO - Starting event loop...
2026-01-15 12:14:16,607 - core.engine - INFO - Starting Trading Engine...
2026-01-15 12:14:16,608 - core.engine - INFO - [TASK] Signal scanner started
2026-01-15 12:14:16,611 - core.engine - INFO - [TASK] Risk monitor started
2026-01-15 12:14:16,612 - core.engine - INFO - [TASK] Position sync started
2026-01-15 12:14:16,612 - core.engine - ERROR - Position sync error: 'api' object has no attribute 'positions'
Traceback (most recent call last):
  File "C:\Rahul\06_Nikku\Strategies\PureOptionsBot\core\engine.py", line 328, in position_sync_task
    await self._sync_positions()
  File "C:\Rahul\06_Nikku\Strategies\PureOptionsBot\core\engine.py", line 341, in _sync_positions
    self.client.positions
AttributeError: 'api' object has no attribute 'positions'
2026-01-15 12:14:22,174 - core.engine - ERROR - Position sync error: 'api' object has no attribute 'positions'
Traceback (most recent call last):
  File "C:\Rahul\06_Nikku\Strategies\PureOptionsBot\core\engine.py", line 328, in position_sync_task
    await self._sync_positions()
  File "C:\Rahul\06_Nikku\Strategies\PureOptionsBot\core\engine.py", line 341, in _sync_positions
    self.client.positions
AttributeError: 'api' object has no attribute 'positions'
2026-01-15 12:14:26,626 - core.engine - ERROR - Position sync error: 'api' object has no attribute 'positions'
Traceback (most recent call last):
  File "C:\Rahul\06_Nikku\Strategies\PureOptionsBot\core\engine.py", line 328, in position_sync_task
    await self._sync_positions()
  File "C:\Rahul\06_Nikku\Strategies\PureOptionsBot\core\engine.py", line 341, in _sync_positions
    self.client.positions
AttributeError: 'api' object has no attribute 'positions'
2026-01-15 12:14:32,189 - core.engine - ERROR - Position sync error: 'api' object has no attribute 'positions'
Traceback (most recent call last):
  File "C:\Rahul\06_Nikku\Strategies\PureOptionsBot\core\engine.py", line 328, in position_sync_task
    await self._sync_positions()
  File "C:\Rahul\06_Nikku\Strategies\PureOptionsBot\core\engine.py", line 341, in _sync_positions
    self.client.positions
AttributeError: 'api' object has no attribute 'positions'
2026-01-15 12:14:36,629 - core.engine - ERROR - Position sync error: 'api' object has no attribute 'positions'
Traceback (most recent call last):
  File "C:\Rahul\06_Nikku\Strategies\PureOptionsBot\core\engine.py", line 328, in position_sync_task
    await self._sync_positions()
  File "C:\Rahul\06_Nikku\Strategies\PureOptionsBot\core\engine.py", line 341, in _sync_positions
    self.client.positions
AttributeError: 'api' object has no attribute 'positions'
2026-01-15 12:14:42,193 - core.engine - ERROR - Position sync error: 'api' object has no attribute 'positions'
Traceback (most recent call last):
  File "C:\Rahul\06_Nikku\Strategies\PureOptionsBot\core\engine.py", line 328, in position_sync_task
    await self._sync_positions()
  File "C:\Rahul\06_Nikku\Strategies\PureOptionsBot\core\engine.py", line 341, in _sync_positions
    self.client.positions
AttributeError: 'api' object has no attribute 'positions'
2026-01-15 12:14:46,627 - core.engine - ERROR - Position sync error: 'api' object has no attribute 'positions'
Traceback (most recent call last):
  File "C:\Rahul\06_Nikku\Strategies\PureOptionsBot\core\engine.py", line 328, in position_sync_task
    await self._sync_positions()
  File "C:\Rahul\06_Nikku\Strategies\PureOptionsBot\core\engine.py", line 341, in _sync_positions
    self.client.positions
AttributeError: 'api' object has no attribute 'positions'
2026-01-15 12:14:52,199 - core.engine - ERROR - Position sync error: 'api' object has no attribute 'positions'
Traceback (most recent call last):
  File "C:\Rahul\06_Nikku\Strategies\PureOptionsBot\core\engine.py", line 328, in position_sync_task
    await self._sync_positions()
  File "C:\Rahul\06_Nikku\Strategies\PureOptionsBot\core\engine.py", line 341, in _sync_positions
    self.client.positions
AttributeError: 'api' object has no attribute 'positions'
2026-01-15 12:14:56,632 - core.engine - ERROR - Position sync error: 'api' object has no attribute 'positions'
Traceback (most recent call last):
  File "C:\Rahul\06_Nikku\Strategies\PureOptionsBot\core\engine.py", line 328, in position_sync_task
    await self._sync_positions()
  File "C:\Rahul\06_Nikku\Strategies\PureOptionsBot\core\engine.py", line 341, in _sync_positions
    self.client.positions
AttributeError: 'api' object has no attribute 'positions'
2026-01-15 12:15:02,216 - core.engine - ERROR - Position sync error: 'api' object has no attribute 'positions'
Traceback (most recent call last):
  File "C:\Rahul\06_Nikku\Strategies\PureOptionsBot\core\engine.py", line 328, in position_sync_task
    await self._sync_positions()
  File "C:\Rahul\06_Nikku\Strategies\PureOptionsBot\core\engine.py", line 341, in _sync_positions
    self.client.positions
AttributeError: 'api' object has no attribute 'positions'
2026-01-15 12:15:06,643 - core.engine - ERROR - Position sync error: 'api' object has no attribute 'positions'
Traceback (most recent call last):
  File "C:\Rahul\06_Nikku\Strategies\PureOptionsBot\core\engine.py", line 328, in position_sync_task
    await self._sync_positions()
  File "C:\Rahul\06_Nikku\Strategies\PureOptionsBot\core\engine.py", line 341, in _sync_positions
    self.client.positions
AttributeError: 'api' object has no attribute 'positions'
2026-01-15 12:15:12,237 - core.engine - ERROR - Position sync error: 'api' object has no attribute 'positions'
Traceback (most recent call last):
  File "C:\Rahul\06_Nikku\Strategies\PureOptionsBot\core\engine.py", line 328, in position_sync_task
    await self._sync_positions()
  File "C:\Rahul\06_Nikku\Strategies\PureOptionsBot\core\engine.py", line 341, in _sync_positions
    self.client.positions
AttributeError: 'api' object has no attribute 'positions'
2026-01-15 12:15:16,661 - core.engine - ERROR - Position sync error: 'api' object has no attribute 'positions'
Traceback (most recent call last):
  File "C:\Rahul\06_Nikku\Strategies\PureOptionsBot\core\engine.py", line 328, in position_sync_task
    await self._sync_positions()
  File "C:\Rahul\06_Nikku\Strategies\PureOptionsBot\core\engine.py", line 341, in _sync_positions
    self.client.positions
AttributeError: 'api' object has no attribute 'positions'
2026-01-15 12:15:22,257 - core.engine - ERROR - Position sync error: 'api' object has no attribute 'positions'
Traceback (most recent call last):
  File "C:\Rahul\06_Nikku\Strategies\PureOptionsBot\core\engine.py", line 328, in position_sync_task
    await self._sync_positions()
  File "C:\Rahul\06_Nikku\Strategies\PureOptionsBot\core\engine.py", line 341, in _sync_positions
    self.client.positions
AttributeError: 'api' object has no attribute 'positions'
2026-01-15 12:15:26,679 - core.engine - ERROR - Position sync error: 'api' object has no attribute 'positions'
Traceback (most recent call last):
  File "C:\Rahul\06_Nikku\Strategies\PureOptionsBot\core\engine.py", line 328, in position_sync_task
    await self._sync_positions()
  File "C:\Rahul\06_Nikku\Strategies\PureOptionsBot\core\engine.py", line 341, in _sync_positions
    self.client.positions
AttributeError: 'api' object has no attribute 'positions'
2026-01-15 12:15:32,263 - core.engine - ERROR - Position sync error: 'api' object has no attribute 'positions'
Traceback (most recent call last):
  File "C:\Rahul\06_Nikku\Strategies\PureOptionsBot\core\engine.py", line 328, in position_sync_task
    await self._sync_positions()
  File "C:\Rahul\06_Nikku\Strategies\PureOptionsBot\core\engine.py", line 341, in _sync_positions
    self.client.positions
AttributeError: 'api' object has no attribute 'positions'
2026-01-15 12:15:36,684 - core.engine - ERROR - Position sync error: 'api' object has no attribute 'positions'
Traceback (most recent call last):
  File "C:\Rahul\06_Nikku\Strategies\PureOptionsBot\core\engine.py", line 328, in position_sync_task
    await self._sync_positions()
  File "C:\Rahul\06_Nikku\Strategies\PureOptionsBot\core\engine.py", line 341, in _sync_positions
    self.client.positions
AttributeError: 'api' object has no attribute 'positions'
2026-01-15 12:15:42,285 - core.engine - ERROR - Position sync error: 'api' object has no attribute 'positions'
Traceback (most recent call last):
  File "C:\Rahul\06_Nikku\Strategies\PureOptionsBot\core\engine.py", line 328, in position_sync_task
    await self._sync_positions()
  File "C:\Rahul\06_Nikku\Strategies\PureOptionsBot\core\engine.py", line 341, in _sync_positions
    self.client.positions
AttributeError: 'api' object has no attribute 'positions'
2026-01-15 12:15:46,703 - core.engine - ERROR - Position sync error: 'api' object has no attribute 'positions'
Traceback (most recent call last):
  File "C:\Rahul\06_Nikku\Strategies\PureOptionsBot\core\engine.py", line 328, in position_sync_task
    await self._sync_positions()
  File "C:\Rahul\06_Nikku\Strategies\PureOptionsBot\core\engine.py", line 341, in _sync_positions
    self.client.positions
AttributeError: 'api' object has no attribute 'positions'
2026-01-15 12:15:52,289 - core.engine - ERROR - Position sync error: 'api' object has no attribute 'positions'
Traceback (most recent call last):
  File "C:\Rahul\06_Nikku\Strategies\PureOptionsBot\core\engine.py", line 328, in position_sync_task
    await self._sync_positions()
  File "C:\Rahul\06_Nikku\Strategies\PureOptionsBot\core\engine.py", line 341, in _sync_positions
    self.client.positions
AttributeError: 'api' object has no attribute 'positions'
2026-01-15 12:15:56,712 - core.engine - ERROR - Position sync error: 'api' object has no attribute 'positions'
Traceback (most recent call last):
  File "C:\Rahul\06_Nikku\Strategies\PureOptionsBot\core\engine.py", line 328, in position_sync_task
    await self._sync_positions()
  File "C:\Rahul\06_Nikku\Strategies\PureOptionsBot\core\engine.py", line 341, in _sync_positions
    self.client.positions
AttributeError: 'api' object has no attribute 'positions'
2026-01-15 12:16:02,293 - core.engine - ERROR - Position sync error: 'api' object has no attribute 'positions'
Traceback (most recent call last):
  File "C:\Rahul\06_Nikku\Strategies\PureOptionsBot\core\engine.py", line 328, in position_sync_task
    await self._sync_positions()
  File "C:\Rahul\06_Nikku\Strategies\PureOptionsBot\core\engine.py", line 341, in _sync_positions
    None,
AttributeError: 'api' object has no attribute 'positions'
2026-01-15 12:16:06,734 - core.engine - ERROR - Position sync error: 'api' object has no attribute 'positions'
Traceback (most recent call last):
  File "C:\Rahul\06_Nikku\Strategies\PureOptionsBot\core\engine.py", line 328, in position_sync_task
    await self._sync_positions()
  File "C:\Rahul\06_Nikku\Strategies\PureOptionsBot\core\engine.py", line 341, in _sync_positions
    None,
AttributeError: 'api' object has no attribute 'positions'
2026-01-15 12:16:12,319 - core.engine - ERROR - Position sync error: 'api' object has no attribute 'positions'
Traceback (most recent call last):
  File "C:\Rahul\06_Nikku\Strategies\PureOptionsBot\core\engine.py", line 328, in position_sync_task
    await self._sync_positions()
  File "C:\Rahul\06_Nikku\Strategies\PureOptionsBot\core\engine.py", line 341, in _sync_positions
    None,
AttributeError: 'api' object has no attribute 'positions'
2026-01-15 12:16:16,752 - core.engine - ERROR - Position sync error: 'api' object has no attribute 'positions'
Traceback (most recent call last):
  File "C:\Rahul\06_Nikku\Strategies\PureOptionsBot\core\engine.py", line 328, in position_sync_task
    await self._sync_positions()
  File "C:\Rahul\06_Nikku\Strategies\PureOptionsBot\core\engine.py", line 341, in _sync_positions
    None,
AttributeError: 'api' object has no attribute 'positions'
2026-01-15 12:16:22,338 - core.engine - ERROR - Position sync error: 'api' object has no attribute 'positions'
Traceback (most recent call last):
  File "C:\Rahul\06_Nikku\Strategies\PureOptionsBot\core\engine.py", line 328, in position_sync_task
    await self._sync_positions()
  File "C:\Rahul\06_Nikku\Strategies\PureOptionsBot\core\engine.py", line 341, in _sync_positions
    None,
AttributeError: 'api' object has no attribute 'positions'
2026-01-15 12:16:26,770 - core.engine - ERROR - Position sync error: 'api' object has no attribute 'positions'
Traceback (most recent call last):
  File "C:\Rahul\06_Nikku\Strategies\PureOptionsBot\core\engine.py", line 328, in position_sync_task
    await self._sync_positions()
  File "C:\Rahul\06_Nikku\Strategies\PureOptionsBot\core\engine.py", line 341, in _sync_positions
    None,
AttributeError: 'api' object has no attribute 'positions'
2026-01-15 12:16:32,351 - core.engine - ERROR - Position sync error: 'api' object has no attribute 'positions'
Traceback (most recent call last):
  File "C:\Rahul\06_Nikku\Strategies\PureOptionsBot\core\engine.py", line 328, in position_sync_task
    await self._sync_positions()
  File "C:\Rahul\06_Nikku\Strategies\PureOptionsBot\core\engine.py", line 341, in _sync_positions
    None,
AttributeError: 'api' object has no attribute 'positions'
2026-01-15 12:16:36,787 - core.engine - ERROR - Position sync error: 'api' object has no attribute 'positions'
Traceback (most recent call last):
  File "C:\Rahul\06_Nikku\Strategies\PureOptionsBot\core\engine.py", line 328, in position_sync_task
    await self._sync_positions()
  File "C:\Rahul\06_Nikku\Strategies\PureOptionsBot\core\engine.py", line 341, in _sync_positions
    None,
AttributeError: 'api' object has no attribute 'positions'
2026-01-15 12:16:42,357 - core.engine - ERROR - Position sync error: 'api' object has no attribute 'positions'
Traceback (most recent call last):
  File "C:\Rahul\06_Nikku\Strategies\PureOptionsBot\core\engine.py", line 328, in position_sync_task
    await self._sync_positions()
  File "C:\Rahul\06_Nikku\Strategies\PureOptionsBot\core\engine.py", line 341, in _sync_positions
    None,
AttributeError: 'api' object has no attribute 'positions'
2026-01-15 12:16:46,794 - core.engine - ERROR - Position sync error: 'api' object has no attribute 'positions'
Traceback (most recent call last):
  File "C:\Rahul\06_Nikku\Strategies\PureOptionsBot\core\engine.py", line 328, in position_sync_task
    await self._sync_positions()
  File "C:\Rahul\06_Nikku\Strategies\PureOptionsBot\core\engine.py", line 341, in _sync_positions
    None,
AttributeError: 'api' object has no attribute 'positions'
2026-01-15 12:16:52,384 - core.engine - ERROR - Position sync error: 'api' object has no attribute 'positions'
Traceback (most recent call last):
  File "C:\Rahul\06_Nikku\Strategies\PureOptionsBot\core\engine.py", line 328, in position_sync_task
    await self._sync_positions()
  File "C:\Rahul\06_Nikku\Strategies\PureOptionsBot\core\engine.py", line 341, in _sync_positions
    None,
AttributeError: 'api' object has no attribute 'positions'
2026-01-15 12:16:56,815 - core.engine - ERROR - Position sync error: 'api' object has no attribute 'positions'
Traceback (most recent call last):
  File "C:\Rahul\06_Nikku\Strategies\PureOptionsBot\core\engine.py", line 328, in position_sync_task
    await self._sync_positions()
  File "C:\Rahul\06_Nikku\Strategies\PureOptionsBot\core\engine.py", line 341, in _sync_positions
    None,
AttributeError: 'api' object has no attribute 'positions'
2026-01-15 12:17:02,404 - core.engine - ERROR - Position sync error: 'api' object has no attribute 'positions'
Traceback (most recent call last):
  File "C:\Rahul\06_Nikku\Strategies\PureOptionsBot\core\engine.py", line 328, in position_sync_task
    await self._sync_positions()
  File "C:\Rahul\06_Nikku\Strategies\PureOptionsBot\core\engine.py", line 341, in _sync_positions
    None,
AttributeError: 'api' object has no attribute 'positions'
2026-01-15 12:17:06,828 - core.engine - ERROR - Position sync error: 'api' object has no attribute 'positions'
Traceback (most recent call last):
  File "C:\Rahul\06_Nikku\Strategies\PureOptionsBot\core\engine.py", line 328, in position_sync_task
    await self._sync_positions()
  File "C:\Rahul\06_Nikku\Strategies\PureOptionsBot\core\engine.py", line 341, in _sync_positions
    None,
AttributeError: 'api' object has no attribute 'positions'
2026-01-15 12:17:12,427 - core.engine - ERROR - Position sync error: 'api' object has no attribute 'positions'
Traceback (most recent call last):
  File "C:\Rahul\06_Nikku\Strategies\PureOptionsBot\core\engine.py", line 328, in position_sync_task
    await self._sync_positions()
  File "C:\Rahul\06_Nikku\Strategies\PureOptionsBot\core\engine.py", line 341, in _sync_positions
    None,
AttributeError: 'api' object has no attribute 'positions'
2026-01-15 12:17:16,851 - core.engine - ERROR - Position sync error: 'api' object has no attribute 'positions'
Traceback (most recent call last):
  File "C:\Rahul\06_Nikku\Strategies\PureOptionsBot\core\engine.py", line 328, in position_sync_task
    await self._sync_positions()
  File "C:\Rahul\06_Nikku\Strategies\PureOptionsBot\core\engine.py", line 341, in _sync_positions
    None,
AttributeError: 'api' object has no attribute 'positions'
2026-01-15 12:17:22,437 - core.engine - ERROR - Position sync error: 'api' object has no attribute 'positions'
Traceback (most recent call last):
  File "C:\Rahul\06_Nikku\Strategies\PureOptionsBot\core\engine.py", line 328, in position_sync_task
    await self._sync_positions()
  File "C:\Rahul\06_Nikku\Strategies\PureOptionsBot\core\engine.py", line 341, in _sync_positions
    None,
AttributeError: 'api' object has no attribute 'positions'
2026-01-15 12:17:26,863 - core.engine - ERROR - Position sync error: 'api' object has no attribute 'positions'
Traceback (most recent call last):
  File "C:\Rahul\06_Nikku\Strategies\PureOptionsBot\core\engine.py", line 328, in position_sync_task
    await self._sync_positions()
  File "C:\Rahul\06_Nikku\Strategies\PureOptionsBot\core\engine.py", line 341, in _sync_positions
    None,
AttributeError: 'api' object has no attribute 'positions'
2026-01-15 12:17:32,451 - core.engine - ERROR - Position sync error: 'api' object has no attribute 'positions'
Traceback (most recent call last):
  File "C:\Rahul\06_Nikku\Strategies\PureOptionsBot\core\engine.py", line 328, in position_sync_task
    await self._sync_positions()
  File "C:\Rahul\06_Nikku\Strategies\PureOptionsBot\core\engine.py", line 341, in _sync_positions
    None,
AttributeError: 'api' object has no attribute 'positions'
2026-01-15 12:17:36,873 - core.engine - ERROR - Position sync error: 'api' object has no attribute 'positions'
Traceback (most recent call last):
  File "C:\Rahul\06_Nikku\Strategies\PureOptionsBot\core\engine.py", line 328, in position_sync_task
    await self._sync_positions()
  File "C:\Rahul\06_Nikku\Strategies\PureOptionsBot\core\engine.py", line 341, in _sync_positions
    None,
AttributeError: 'api' object has no attribute 'positions'
2026-01-15 12:17:42,465 - core.engine - ERROR - Position sync error: 'api' object has no attribute 'positions'
Traceback (most recent call last):
  File "C:\Rahul\06_Nikku\Strategies\PureOptionsBot\core\engine.py", line 328, in position_sync_task
    await self._sync_positions()
  File "C:\Rahul\06_Nikku\Strategies\PureOptionsBot\core\engine.py", line 341, in _sync_positions
    None,
AttributeError: 'api' object has no attribute 'positions'
2026-01-15 12:17:46,896 - core.engine - ERROR - Position sync error: 'api' object has no attribute 'positions'
Traceback (most recent call last):
  File "C:\Rahul\06_Nikku\Strategies\PureOptionsBot\core\engine.py", line 328, in position_sync_task
    await self._sync_positions()
  File "C:\Rahul\06_Nikku\Strategies\PureOptionsBot\core\engine.py", line 341, in _sync_positions
    None,
AttributeError: 'api' object has no attribute 'positions'
2026-01-15 12:17:52,489 - core.engine - ERROR - Position sync error: 'api' object has no attribute 'positions'
Traceback (most recent call last):
  File "C:\Rahul\06_Nikku\Strategies\PureOptionsBot\core\engine.py", line 328, in position_sync_task
    await self._sync_positions()
  File "C:\Rahul\06_Nikku\Strategies\PureOptionsBot\core\engine.py", line 341, in _sync_positions
    None,
AttributeError: 'api' object has no attribute 'positions'
2026-01-15 12:17:56,904 - core.engine - ERROR - Position sync error: 'api' object has no attribute 'positions'
Traceback (most recent call last):
  File "C:\Rahul\06_Nikku\Strategies\PureOptionsBot\core\engine.py", line 328, in position_sync_task
    await self._sync_positions()
  File "C:\Rahul\06_Nikku\Strategies\PureOptionsBot\core\engine.py", line 341, in _sync_positions
    None,
AttributeError: 'api' object has no attribute 'positions'
2026-01-15 12:18:02,490 - core.engine - ERROR - Position sync error: 'api' object has no attribute 'positions'
Traceback (most recent call last):
  File "C:\Rahul\06_Nikku\Strategies\PureOptionsBot\core\engine.py", line 328, in position_sync_task
    await self._sync_positions()
  File "C:\Rahul\06_Nikku\Strategies\PureOptionsBot\core\engine.py", line 341, in _sync_positions
    None,
AttributeError: 'api' object has no attribute 'positions'
2026-01-15 12:18:06,932 - core.engine - ERROR - Position sync error: 'api' object has no attribute 'positions'
Traceback (most recent call last):
  File "C:\Rahul\06_Nikku\Strategies\PureOptionsBot\core\engine.py", line 328, in position_sync_task
    await self._sync_positions()
  File "C:\Rahul\06_Nikku\Strategies\PureOptionsBot\core\engine.py", line 341, in _sync_positions
    None,
AttributeError: 'api' object has no attribute 'positions'
2026-01-15 12:18:12,488 - core.engine - ERROR - Position sync error: 'api' object has no attribute 'positions'
Traceback (most recent call last):
  File "C:\Rahul\06_Nikku\Strategies\PureOptionsBot\core\engine.py", line 328, in position_sync_task
    await self._sync_positions()
  File "C:\Rahul\06_Nikku\Strategies\PureOptionsBot\core\engine.py", line 341, in _sync_positions
    None,
AttributeError: 'api' object has no attribute 'positions'
2026-01-15 12:18:16,950 - core.engine - ERROR - Position sync error: 'api' object has no attribute 'positions'
Traceback (most recent call last):
  File "C:\Rahul\06_Nikku\Strategies\PureOptionsBot\core\engine.py", line 328, in position_sync_task
    await self._sync_positions()
  File "C:\Rahul\06_Nikku\Strategies\PureOptionsBot\core\engine.py", line 341, in _sync_positions
    None,
AttributeError: 'api' object has no attribute 'positions'
2026-01-15 12:18:22,467 - core.engine - ERROR - Position sync error: 'api' object has no attribute 'positions'
Traceback (most recent call last):
  File "C:\Rahul\06_Nikku\Strategies\PureOptionsBot\core\engine.py", line 328, in position_sync_task
    await self._sync_positions()
  File "C:\Rahul\06_Nikku\Strategies\PureOptionsBot\core\engine.py", line 341, in _sync_positions
    None,
AttributeError: 'api' object has no attribute 'positions'
2026-01-15 12:18:26,960 - core.engine - ERROR - Position sync error: 'api' object has no attribute 'positions'
Traceback (most recent call last):
  File "C:\Rahul\06_Nikku\Strategies\PureOptionsBot\core\engine.py", line 328, in position_sync_task
    await self._sync_positions()
  File "C:\Rahul\06_Nikku\Strategies\PureOptionsBot\core\engine.py", line 341, in _sync_positions
    None,
AttributeError: 'api' object has no attribute 'positions'
2026-01-15 12:18:32,493 - core.engine - ERROR - Position sync error: 'api' object has no attribute 'positions'
Traceback (most recent call last):
  File "C:\Rahul\06_Nikku\Strategies\PureOptionsBot\core\engine.py", line 328, in position_sync_task
    await self._sync_positions()
  File "C:\Rahul\06_Nikku\Strategies\PureOptionsBot\core\engine.py", line 341, in _sync_positions
    None,
AttributeError: 'api' object has no attribute 'positions'
2026-01-15 12:18:36,969 - core.engine - ERROR - Position sync error: 'api' object has no attribute 'positions'
Traceback (most recent call last):
  File "C:\Rahul\06_Nikku\Strategies\PureOptionsBot\core\engine.py", line 328, in position_sync_task
    await self._sync_positions()
  File "C:\Rahul\06_Nikku\Strategies\PureOptionsBot\core\engine.py", line 341, in _sync_positions
    None,
AttributeError: 'api' object has no attribute 'positions'
2026-01-15 12:18:42,497 - core.engine - ERROR - Position sync error: 'api' object has no attribute 'positions'
Traceback (most recent call last):
  File "C:\Rahul\06_Nikku\Strategies\PureOptionsBot\core\engine.py", line 328, in position_sync_task
    await self._sync_positions()
  File "C:\Rahul\06_Nikku\Strategies\PureOptionsBot\core\engine.py", line 341, in _sync_positions
    None,
AttributeError: 'api' object has no attribute 'positions'
2026-01-15 12:18:46,986 - core.engine - ERROR - Position sync error: 'api' object has no attribute 'positions'
Traceback (most recent call last):
  File "C:\Rahul\06_Nikku\Strategies\PureOptionsBot\core\engine.py", line 328, in position_sync_task
    await self._sync_positions()
  File "C:\Rahul\06_Nikku\Strategies\PureOptionsBot\core\engine.py", line 341, in _sync_positions
    None,
AttributeError: 'api' object has no attribute 'positions'
2026-01-15 12:18:52,517 - core.engine - ERROR - Position sync error: 'api' object has no attribute 'positions'
Traceback (most recent call last):
  File "C:\Rahul\06_Nikku\Strategies\PureOptionsBot\core\engine.py", line 328, in position_sync_task
    await self._sync_positions()
  File "C:\Rahul\06_Nikku\Strategies\PureOptionsBot\core\engine.py", line 341, in _sync_positions
    None,
AttributeError: 'api' object has no attribute 'positions'
2026-01-15 12:18:57,010 - core.engine - ERROR - Position sync error: 'api' object has no attribute 'positions'
Traceback (most recent call last):
  File "C:\Rahul\06_Nikku\Strategies\PureOptionsBot\core\engine.py", line 328, in position_sync_task
    await self._sync_positions()
  File "C:\Rahul\06_Nikku\Strategies\PureOptionsBot\core\engine.py", line 341, in _sync_positions
    None,
AttributeError: 'api' object has no attribute 'positions'
2026-01-15 12:19:02,534 - core.engine - ERROR - Position sync error: 'api' object has no attribute 'positions'
Traceback (most recent call last):
  File "C:\Rahul\06_Nikku\Strategies\PureOptionsBot\core\engine.py", line 328, in position_sync_task
    await self._sync_positions()
  File "C:\Rahul\06_Nikku\Strategies\PureOptionsBot\core\engine.py", line 341, in _sync_positions
    None,
AttributeError: 'api' object has no attribute 'positions'
2026-01-15 12:19:07,019 - core.engine - ERROR - Position sync error: 'api' object has no attribute 'positions'
Traceback (most recent call last):
  File "C:\Rahul\06_Nikku\Strategies\PureOptionsBot\core\engine.py", line 328, in position_sync_task
    await self._sync_positions()
  File "C:\Rahul\06_Nikku\Strategies\PureOptionsBot\core\engine.py", line 341, in _sync_positions
    None,
AttributeError: 'api' object has no attribute 'positions'
2026-01-15 12:19:12,543 - core.engine - ERROR - Position sync error: 'api' object has no attribute 'positions'
Traceback (most recent call last):
  File "C:\Rahul\06_Nikku\Strategies\PureOptionsBot\core\engine.py", line 328, in position_sync_task
    await self._sync_positions()
  File "C:\Rahul\06_Nikku\Strategies\PureOptionsBot\core\engine.py", line 341, in _sync_positions
    None,
AttributeError: 'api' object has no attribute 'positions'
2026-01-15 12:19:17,031 - core.engine - ERROR - Position sync error: 'api' object has no attribute 'positions'
Traceback (most recent call last):
  File "C:\Rahul\06_Nikku\Strategies\PureOptionsBot\core\engine.py", line 328, in position_sync_task
    await self._sync_positions()
  File "C:\Rahul\06_Nikku\Strategies\PureOptionsBot\core\engine.py", line 341, in _sync_positions
    None,
AttributeError: 'api' object has no attribute 'positions'
2026-01-15 12:19:22,568 - core.engine - ERROR - Position sync error: 'api' object has no attribute 'positions'
Traceback (most recent call last):
  File "C:\Rahul\06_Nikku\Strategies\PureOptionsBot\core\engine.py", line 328, in position_sync_task
    await self._sync_positions()
  File "C:\Rahul\06_Nikku\Strategies\PureOptionsBot\core\engine.py", line 341, in _sync_positions
    None,
AttributeError: 'api' object has no attribute 'positions'
2026-01-15 12:19:27,054 - core.engine - ERROR - Position sync error: 'api' object has no attribute 'positions'
Traceback (most recent call last):
  File "C:\Rahul\06_Nikku\Strategies\PureOptionsBot\core\engine.py", line 328, in position_sync_task
    await self._sync_positions()
  File "C:\Rahul\06_Nikku\Strategies\PureOptionsBot\core\engine.py", line 341, in _sync_positions
    None,
AttributeError: 'api' object has no attribute 'positions'
2026-01-15 12:19:32,578 - core.engine - ERROR - Position sync error: 'api' object has no attribute 'positions'
Traceback (most recent call last):
  File "C:\Rahul\06_Nikku\Strategies\PureOptionsBot\core\engine.py", line 328, in position_sync_task
    await self._sync_positions()
  File "C:\Rahul\06_Nikku\Strategies\PureOptionsBot\core\engine.py", line 341, in _sync_positions
    None,
AttributeError: 'api' object has no attribute 'positions'
2026-01-15 12:19:37,072 - core.engine - ERROR - Position sync error: 'api' object has no attribute 'positions'
Traceback (most recent call last):
  File "C:\Rahul\06_Nikku\Strategies\PureOptionsBot\core\engine.py", line 328, in position_sync_task
    await self._sync_positions()
  File "C:\Rahul\06_Nikku\Strategies\PureOptionsBot\core\engine.py", line 341, in _sync_positions
    None,
AttributeError: 'api' object has no attribute 'positions'
2026-01-15 12:19:42,592 - core.engine - ERROR - Position sync error: 'api' object has no attribute 'positions'
Traceback (most recent call last):
  File "C:\Rahul\06_Nikku\Strategies\PureOptionsBot\core\engine.py", line 328, in position_sync_task
    await self._sync_positions()
  File "C:\Rahul\06_Nikku\Strategies\PureOptionsBot\core\engine.py", line 341, in _sync_positions
    None,
AttributeError: 'api' object has no attribute 'positions'
2026-01-15 12:19:47,082 - core.engine - ERROR - Position sync error: 'api' object has no attribute 'positions'
Traceback (most recent call last):
  File "C:\Rahul\06_Nikku\Strategies\PureOptionsBot\core\engine.py", line 328, in position_sync_task
    await self._sync_positions()
  File "C:\Rahul\06_Nikku\Strategies\PureOptionsBot\core\engine.py", line 341, in _sync_positions
    None,
AttributeError: 'api' object has no attribute 'positions'
2026-01-15 12:19:52,618 - core.engine - ERROR - Position sync error: 'api' object has no attribute 'positions'
Traceback (most recent call last):
  File "C:\Rahul\06_Nikku\Strategies\PureOptionsBot\core\engine.py", line 328, in position_sync_task
    await self._sync_positions()
  File "C:\Rahul\06_Nikku\Strategies\PureOptionsBot\core\engine.py", line 341, in _sync_positions
    None,
AttributeError: 'api' object has no attribute 'positions'
2026-01-15 12:19:57,101 - core.engine - ERROR - Position sync error: 'api' object has no attribute 'positions'
Traceback (most recent call last):
  File "C:\Rahul\06_Nikku\Strategies\PureOptionsBot\core\engine.py", line 328, in position_sync_task
    await self._sync_positions()
  File "C:\Rahul\06_Nikku\Strategies\PureOptionsBot\core\engine.py", line 341, in _sync_positions
    None,
AttributeError: 'api' object has no attribute 'positions'
2026-01-15 12:20:02,626 - core.engine - ERROR - Position sync error: 'api' object has no attribute 'positions'
Traceback (most recent call last):
  File "C:\Rahul\06_Nikku\Strategies\PureOptionsBot\core\engine.py", line 328, in position_sync_task
    await self._sync_positions()
  File "C:\Rahul\06_Nikku\Strategies\PureOptionsBot\core\engine.py", line 341, in _sync_positions
    None,
AttributeError: 'api' object has no attribute 'positions'
2026-01-15 12:20:07,112 - core.engine - ERROR - Position sync error: 'api' object has no attribute 'positions'
Traceback (most recent call last):
  File "C:\Rahul\06_Nikku\Strategies\PureOptionsBot\core\engine.py", line 328, in position_sync_task
    await self._sync_positions()
  File "C:\Rahul\06_Nikku\Strategies\PureOptionsBot\core\engine.py", line 341, in _sync_positions
    None,
AttributeError: 'api' object has no attribute 'positions'
2026-01-15 12:20:12,643 - core.engine - ERROR - Position sync error: 'api' object has no attribute 'positions'
Traceback (most recent call last):
  File "C:\Rahul\06_Nikku\Strategies\PureOptionsBot\core\engine.py", line 328, in position_sync_task
    await self._sync_positions()
  File "C:\Rahul\06_Nikku\Strategies\PureOptionsBot\core\engine.py", line 341, in _sync_positions
    None,
AttributeError: 'api' object has no attribute 'positions'
2026-01-15 12:20:17,132 - core.engine - ERROR - Position sync error: 'api' object has no attribute 'positions'
Traceback (most recent call last):
  File "C:\Rahul\06_Nikku\Strategies\PureOptionsBot\core\engine.py", line 328, in position_sync_task
    await self._sync_positions()
  File "C:\Rahul\06_Nikku\Strategies\PureOptionsBot\core\engine.py", line 341, in _sync_positions
    None,
AttributeError: 'api' object has no attribute 'positions'
2026-01-15 12:20:22,599 - __main__ - INFO - Goodbye!
2026-01-15 12:20:22,648 - core.engine - ERROR - Position sync error: 'api' object has no attribute 'positions'
Traceback (most recent call last):
  File "C:\Rahul\06_Nikku\Strategies\PureOptionsBot\core\engine.py", line 328, in position_sync_task
    await self._sync_positions()
  File "C:\Rahul\06_Nikku\Strategies\PureOptionsBot\core\engine.py", line 341, in _sync_positions
    None,
AttributeError: 'api' object has no attribute 'positions'
2026-01-15 12:20:28,143 - __main__ - INFO - ============================================================
2026-01-15 12:20:28,144 - __main__ - INFO - PureOptionsBot v2.0 - Modular Architecture
2026-01-15 12:20:28,145 - __main__ - INFO - ============================================================
2026-01-15 12:20:28,155 - __main__ - INFO - Configuration loaded successfully
2026-01-15 12:20:28,975 - __main__ - INFO - API client loaded from PureOptionsStrategy.py
2026-01-15 12:20:28,978 - core.engine - INFO - Trading Engine initialized
2026-01-15 12:20:28,979 - __main__ - INFO - Trading Engine created successfully
2026-01-15 12:20:28,979 - __main__ - INFO - Starting event loop...
2026-01-15 12:20:28,980 - core.engine - INFO - Starting Trading Engine...
2026-01-15 12:20:28,981 - core.engine - INFO - [TASK] Signal scanner started
2026-01-15 12:20:28,989 - core.engine - INFO - [TASK] Risk monitor started
2026-01-15 12:20:28,989 - core.engine - INFO - [TASK] Position sync started
2026-01-15 12:20:29,650 - httpx - INFO - HTTP Request: POST http://127.0.0.1:5000/api/v1/positionbook "HTTP/1.1 200 OK"
2026-01-15 12:20:29,673 - httpx - INFO - HTTP Request: POST http://127.0.0.1:5000/api/v1/history "HTTP/1.1 400 BAD REQUEST"
2026-01-15 12:20:32,658 - core.engine - ERROR - Position sync error: 'api' object has no attribute 'positions'
Traceback (most recent call last):
  File "C:\Rahul\06_Nikku\Strategies\PureOptionsBot\core\engine.py", line 328, in position_sync_task
    await self._sync_positions()
  File "C:\Rahul\06_Nikku\Strategies\PureOptionsBot\core\engine.py", line 341, in _sync_positions
    None,
AttributeError: 'api' object has no attribute 'positions'
2026-01-15 12:20:35,170 - httpx - INFO - HTTP Request: POST http://127.0.0.1:5000/api/v1/history "HTTP/1.1 400 BAD REQUEST"
2026-01-15 12:20:40,083 - httpx - INFO - HTTP Request: POST http://127.0.0.1:5000/api/v1/positionbook "HTTP/1.1 200 OK"
2026-01-15 12:20:40,630 - httpx - INFO - HTTP Request: POST http://127.0.0.1:5000/api/v1/history "HTTP/1.1 400 BAD REQUEST"
2026-01-15 12:20:42,675 - core.engine - ERROR - Position sync error: 'api' object has no attribute 'positions'
Traceback (most recent call last):
  File "C:\Rahul\06_Nikku\Strategies\PureOptionsBot\core\engine.py", line 328, in position_sync_task
    await self._sync_positions()
  File "C:\Rahul\06_Nikku\Strategies\PureOptionsBot\core\engine.py", line 341, in _sync_positions
    None,
AttributeError: 'api' object has no attribute 'positions'
2026-01-15 12:20:46,145 - httpx - INFO - HTTP Request: POST http://127.0.0.1:5000/api/v1/history "HTTP/1.1 400 BAD REQUEST"
2026-01-15 12:20:50,579 - httpx - INFO - HTTP Request: POST http://127.0.0.1:5000/api/v1/positionbook "HTTP/1.1 200 OK"
2026-01-15 12:20:51,642 - httpx - INFO - HTTP Request: POST http://127.0.0.1:5000/api/v1/history "HTTP/1.1 400 BAD REQUEST"
2026-01-15 12:20:52,683 - core.engine - ERROR - Position sync error: 'api' object has no attribute 'positions'
Traceback (most recent call last):
  File "C:\Rahul\06_Nikku\Strategies\PureOptionsBot\core\engine.py", line 328, in position_sync_task
    await self._sync_positions()
  File "C:\Rahul\06_Nikku\Strategies\PureOptionsBot\core\engine.py", line 341, in _sync_positions
    None,
AttributeError: 'api' object has no attribute 'positions'
2026-01-15 12:20:57,063 - httpx - INFO - HTTP Request: POST http://127.0.0.1:5000/api/v1/history "HTTP/1.1 400 BAD REQUEST"
2026-01-15 12:21:01,035 - httpx - INFO - HTTP Request: POST http://127.0.0.1:5000/api/v1/positionbook "HTTP/1.1 200 OK"
2026-01-15 12:21:02,482 - httpx - INFO - HTTP Request: POST http://127.0.0.1:5000/api/v1/history "HTTP/1.1 400 BAD REQUEST"
2026-01-15 12:21:02,701 - core.engine - ERROR - Position sync error: 'api' object has no attribute 'positions'
Traceback (most recent call last):
  File "C:\Rahul\06_Nikku\Strategies\PureOptionsBot\core\engine.py", line 328, in position_sync_task
    await self._sync_positions()
  File "C:\Rahul\06_Nikku\Strategies\PureOptionsBot\core\engine.py", line 341, in _sync_positions
    None,
AttributeError: 'api' object has no attribute 'positions'
2026-01-15 12:21:08,010 - httpx - INFO - HTTP Request: POST http://127.0.0.1:5000/api/v1/history "HTTP/1.1 400 BAD REQUEST"
2026-01-15 12:21:11,538 - httpx - INFO - HTTP Request: POST http://127.0.0.1:5000/api/v1/positionbook "HTTP/1.1 200 OK"
2026-01-15 12:21:12,721 - core.engine - ERROR - Position sync error: 'api' object has no attribute 'positions'
Traceback (most recent call last):
  File "C:\Rahul\06_Nikku\Strategies\PureOptionsBot\core\engine.py", line 328, in position_sync_task
    await self._sync_positions()
  File "C:\Rahul\06_Nikku\Strategies\PureOptionsBot\core\engine.py", line 341, in _sync_positions
    None,
AttributeError: 'api' object has no attribute 'positions'
2026-01-15 12:21:13,435 - httpx - INFO - HTTP Request: POST http://127.0.0.1:5000/api/v1/history "HTTP/1.1 400 BAD REQUEST"
2026-01-15 12:21:18,860 - httpx - INFO - HTTP Request: POST http://127.0.0.1:5000/api/v1/history "HTTP/1.1 400 BAD REQUEST"
2026-01-15 12:21:21,954 - httpx - INFO - HTTP Request: POST http://127.0.0.1:5000/api/v1/positionbook "HTTP/1.1 200 OK"
2026-01-15 12:21:22,739 - core.engine - ERROR - Position sync error: 'api' object has no attribute 'positions'
Traceback (most recent call last):
  File "C:\Rahul\06_Nikku\Strategies\PureOptionsBot\core\engine.py", line 328, in position_sync_task
    await self._sync_positions()
  File "C:\Rahul\06_Nikku\Strategies\PureOptionsBot\core\engine.py", line 341, in _sync_positions
    None,
AttributeError: 'api' object has no attribute 'positions'
2026-01-15 12:21:24,321 - httpx - INFO - HTTP Request: POST http://127.0.0.1:5000/api/v1/history "HTTP/1.1 400 BAD REQUEST"
2026-01-15 12:21:29,699 - httpx - INFO - HTTP Request: POST http://127.0.0.1:5000/api/v1/history "HTTP/1.1 400 BAD REQUEST"
2026-01-15 12:21:32,401 - httpx - INFO - HTTP Request: POST http://127.0.0.1:5000/api/v1/positionbook "HTTP/1.1 200 OK"
2026-01-15 12:21:32,755 - core.engine - ERROR - Position sync error: 'api' object has no attribute 'positions'
Traceback (most recent call last):
  File "C:\Rahul\06_Nikku\Strategies\PureOptionsBot\core\engine.py", line 328, in position_sync_task
    await self._sync_positions()
  File "C:\Rahul\06_Nikku\Strategies\PureOptionsBot\core\engine.py", line 341, in _sync_positions
    None,
AttributeError: 'api' object has no attribute 'positions'
2026-01-15 12:21:35,132 - httpx - INFO - HTTP Request: POST http://127.0.0.1:5000/api/v1/history "HTTP/1.1 400 BAD REQUEST"
2026-01-15 12:21:40,606 - httpx - INFO - HTTP Request: POST http://127.0.0.1:5000/api/v1/history "HTTP/1.1 400 BAD REQUEST"
2026-01-15 12:21:42,758 - core.engine - ERROR - Position sync error: 'api' object has no attribute 'positions'
Traceback (most recent call last):
  File "C:\Rahul\06_Nikku\Strategies\PureOptionsBot\core\engine.py", line 328, in position_sync_task
    await self._sync_positions()
  File "C:\Rahul\06_Nikku\Strategies\PureOptionsBot\core\engine.py", line 341, in _sync_positions
    None,
AttributeError: 'api' object has no attribute 'positions'
2026-01-15 12:21:42,826 - httpx - INFO - HTTP Request: POST http://127.0.0.1:5000/api/v1/positionbook "HTTP/1.1 200 OK"
2026-01-15 12:21:46,154 - httpx - INFO - HTTP Request: POST http://127.0.0.1:5000/api/v1/history "HTTP/1.1 400 BAD REQUEST"
2026-01-15 12:21:51,654 - httpx - INFO - HTTP Request: POST http://127.0.0.1:5000/api/v1/history "HTTP/1.1 400 BAD REQUEST"
2026-01-15 12:21:52,756 - core.engine - ERROR - Position sync error: 'api' object has no attribute 'positions'
Traceback (most recent call last):
  File "C:\Rahul\06_Nikku\Strategies\PureOptionsBot\core\engine.py", line 328, in position_sync_task
    try:
        ^
  File "C:\Rahul\06_Nikku\Strategies\PureOptionsBot\core\engine.py", line 341, in _sync_positions
    broker_data = await loop.run_in_executor(
    ^^^^^^^^^^^^^^^^^^^^^
AttributeError: 'api' object has no attribute 'positions'
2026-01-15 12:21:53,283 - httpx - INFO - HTTP Request: POST http://127.0.0.1:5000/api/v1/positionbook "HTTP/1.1 200 OK"
2026-01-15 12:21:57,166 - httpx - INFO - HTTP Request: POST http://127.0.0.1:5000/api/v1/history "HTTP/1.1 400 BAD REQUEST"
2026-01-15 12:22:02,543 - httpx - INFO - HTTP Request: POST http://127.0.0.1:5000/api/v1/history "HTTP/1.1 400 BAD REQUEST"
2026-01-15 12:22:02,771 - core.engine - ERROR - Position sync error: 'api' object has no attribute 'positions'
Traceback (most recent call last):
  File "C:\Rahul\06_Nikku\Strategies\PureOptionsBot\core\engine.py", line 328, in position_sync_task
    try:
        ^
  File "C:\Rahul\06_Nikku\Strategies\PureOptionsBot\core\engine.py", line 341, in _sync_positions
    broker_data = await loop.run_in_executor(
    ^^^^^^^^^^^^^^^^^^^^^
AttributeError: 'api' object has no attribute 'positions'
2026-01-15 12:22:03,729 - httpx - INFO - HTTP Request: POST http://127.0.0.1:5000/api/v1/positionbook "HTTP/1.1 200 OK"
2026-01-15 12:22:08,070 - httpx - INFO - HTTP Request: POST http://127.0.0.1:5000/api/v1/history "HTTP/1.1 400 BAD REQUEST"
2026-01-15 12:22:12,771 - core.engine - ERROR - Position sync error: 'api' object has no attribute 'positions'
Traceback (most recent call last):
  File "C:\Rahul\06_Nikku\Strategies\PureOptionsBot\core\engine.py", line 328, in position_sync_task
    try:
        ^
  File "C:\Rahul\06_Nikku\Strategies\PureOptionsBot\core\engine.py", line 341, in _sync_positions
    broker_data = await loop.run_in_executor(
    ^^^^^^^^^^^^^^^^^^^^^
AttributeError: 'api' object has no attribute 'positions'
2026-01-15 12:22:13,528 - httpx - INFO - HTTP Request: POST http://127.0.0.1:5000/api/v1/history "HTTP/1.1 400 BAD REQUEST"
2026-01-15 12:22:14,129 - httpx - INFO - HTTP Request: POST http://127.0.0.1:5000/api/v1/positionbook "HTTP/1.1 200 OK"
2026-01-15 12:22:19,078 - httpx - INFO - HTTP Request: POST http://127.0.0.1:5000/api/v1/history "HTTP/1.1 400 BAD REQUEST"
2026-01-15 12:22:22,621 - __main__ - INFO - ============================================================
2026-01-15 12:22:22,621 - __main__ - INFO - PureOptionsBot v2.0 - Modular Architecture
2026-01-15 12:22:22,621 - __main__ - INFO - ============================================================
2026-01-15 12:22:22,630 - __main__ - INFO - Configuration loaded successfully
2026-01-15 12:22:22,773 - core.engine - ERROR - Position sync error: 'api' object has no attribute 'positions'
Traceback (most recent call last):
  File "C:\Rahul\06_Nikku\Strategies\PureOptionsBot\core\engine.py", line 328, in position_sync_task
    try:
        ^
  File "C:\Rahul\06_Nikku\Strategies\PureOptionsBot\core\engine.py", line 341, in _sync_positions
    broker_data = await loop.run_in_executor(
    ^^^^^^^^^^^^^^^^^^^^^
AttributeError: 'api' object has no attribute 'positions'
2026-01-15 12:22:23,525 - __main__ - INFO - API client loaded from PureOptionsStrategy.py
2026-01-15 12:22:23,526 - core.engine - INFO - Trading Engine initialized
2026-01-15 12:22:23,527 - __main__ - INFO - Trading Engine created successfully
2026-01-15 12:22:23,527 - __main__ - INFO - Starting event loop...
2026-01-15 12:22:23,527 - core.engine - INFO - Starting Trading Engine...
2026-01-15 12:22:23,527 - core.engine - INFO - [TASK] Signal scanner started
2026-01-15 12:22:23,531 - core.engine - INFO - [TASK] Risk monitor started
2026-01-15 12:22:23,532 - core.engine - INFO - [TASK] Position sync started
2026-01-15 12:22:24,117 - httpx - INFO - HTTP Request: POST http://127.0.0.1:5000/api/v1/positionbook "HTTP/1.1 200 OK"
2026-01-15 12:22:24,620 - httpx - INFO - HTTP Request: POST http://127.0.0.1:5000/api/v1/history "HTTP/1.1 400 BAD REQUEST"
2026-01-15 12:22:24,638 - httpx - INFO - HTTP Request: POST http://127.0.0.1:5000/api/v1/positionbook "HTTP/1.1 200 OK"
2026-01-15 12:22:24,802 - httpx - INFO - HTTP Request: POST http://127.0.0.1:5000/api/v1/history "HTTP/1.1 200 OK"
2026-01-15 12:22:25,721 - httpx - INFO - HTTP Request: POST http://127.0.0.1:5000/api/v1/history "HTTP/1.1 200 OK"
2026-01-15 12:22:30,135 - httpx - INFO - HTTP Request: POST http://127.0.0.1:5000/api/v1/history "HTTP/1.1 400 BAD REQUEST"
2026-01-15 12:22:32,775 - core.engine - ERROR - Position sync error: 'api' object has no attribute 'positions'
Traceback (most recent call last):
  File "C:\Rahul\06_Nikku\Strategies\PureOptionsBot\core\engine.py", line 328, in position_sync_task
    try:
        ^
  File "C:\Rahul\06_Nikku\Strategies\PureOptionsBot\core\engine.py", line 341, in _sync_positions
    broker_data = await loop.run_in_executor(
    ^^^^^^^^^^^^^^^^^^^^^
AttributeError: 'api' object has no attribute 'positions'
2026-01-15 12:22:34,627 - httpx - INFO - HTTP Request: POST http://127.0.0.1:5000/api/v1/positionbook "HTTP/1.1 200 OK"
2026-01-15 12:22:35,040 - httpx - INFO - HTTP Request: POST http://127.0.0.1:5000/api/v1/positionbook "HTTP/1.1 200 OK"
2026-01-15 12:22:35,617 - httpx - INFO - HTTP Request: POST http://127.0.0.1:5000/api/v1/history "HTTP/1.1 400 BAD REQUEST"
2026-01-15 12:22:36,006 - __main__ - INFO - Goodbye!
2026-01-15 12:22:42,788 - core.engine - ERROR - Position sync error: 'api' object has no attribute 'positions'
Traceback (most recent call last):
  File "C:\Rahul\06_Nikku\Strategies\PureOptionsBot\core\engine.py", line 328, in position_sync_task
    try:
        ^
  File "C:\Rahul\06_Nikku\Strategies\PureOptionsBot\core\engine.py", line 341, in _sync_positions
    broker_data = await loop.run_in_executor(
    ^^^^^^^^^^^^^^^^^^^^^
AttributeError: 'api' object has no attribute 'positions'
2026-01-15 12:22:45,014 - httpx - INFO - HTTP Request: POST http://127.0.0.1:5000/api/v1/positionbook "HTTP/1.1 200 OK"
2026-01-15 12:22:50,655 - __main__ - INFO - ============================================================
2026-01-15 12:22:50,657 - __main__ - INFO - PureOptionsBot v2.0 - Modular Architecture
2026-01-15 12:22:50,657 - __main__ - INFO - ============================================================
2026-01-15 12:22:50,665 - __main__ - INFO - Configuration loaded successfully
2026-01-15 12:22:51,515 - __main__ - INFO - API client loaded from PureOptionsStrategy.py
2026-01-15 12:22:51,517 - core.engine - INFO - Trading Engine initialized
2026-01-15 12:22:51,517 - __main__ - INFO - Trading Engine created successfully
2026-01-15 12:22:51,517 - __main__ - INFO - Starting event loop...
2026-01-15 12:22:51,517 - core.engine - INFO - Starting Trading Engine...
2026-01-15 12:22:51,518 - core.engine - INFO - [TASK] Signal scanner started
2026-01-15 12:22:51,521 - core.engine - INFO - [TASK] Risk monitor started
2026-01-15 12:22:51,521 - core.engine - INFO - [TASK] Position sync started
2026-01-15 12:22:52,193 - httpx - INFO - HTTP Request: POST http://127.0.0.1:5000/api/v1/positionbook "HTTP/1.1 200 OK"
2026-01-15 12:22:52,565 - httpx - INFO - HTTP Request: POST http://127.0.0.1:5000/api/v1/history "HTTP/1.1 200 OK"
2026-01-15 12:22:52,791 - core.engine - ERROR - Position sync error: 'api' object has no attribute 'positions'
Traceback (most recent call last):
  File "C:\Rahul\06_Nikku\Strategies\PureOptionsBot\core\engine.py", line 328, in position_sync_task
    try:
        ^
  File "C:\Rahul\06_Nikku\Strategies\PureOptionsBot\core\engine.py", line 341, in _sync_positions
    broker_data = await loop.run_in_executor(
    ^^^^^^^^^^^^^^^^^^^^^
AttributeError: 'api' object has no attribute 'positions'
2026-01-15 12:22:53,577 - httpx - INFO - HTTP Request: POST http://127.0.0.1:5000/api/v1/history "HTTP/1.1 200 OK"
2026-01-15 12:22:55,528 - httpx - INFO - HTTP Request: POST http://127.0.0.1:5000/api/v1/positionbook "HTTP/1.1 200 OK"
2026-01-15 12:23:02,631 - httpx - INFO - HTTP Request: POST http://127.0.0.1:5000/api/v1/positionbook "HTTP/1.1 200 OK"
2026-01-15 12:23:02,795 - core.engine - ERROR - Position sync error: 'api' object has no attribute 'positions'
Traceback (most recent call last):
  File "C:\Rahul\06_Nikku\Strategies\PureOptionsBot\core\engine.py", line 328, in position_sync_task
    try:
        ^
  File "C:\Rahul\06_Nikku\Strategies\PureOptionsBot\core\engine.py", line 341, in _sync_positions
    broker_data = await loop.run_in_executor(
    ^^^^^^^^^^^^^^^^^^^^^
AttributeError: 'api' object has no attribute 'positions'
2026-01-15 12:23:06,000 - httpx - INFO - HTTP Request: POST http://127.0.0.1:5000/api/v1/positionbook "HTTP/1.1 200 OK"
2026-01-15 12:23:12,807 - core.engine - ERROR - Position sync error: 'api' object has no attribute 'positions'
Traceback (most recent call last):
  File "C:\Rahul\06_Nikku\Strategies\PureOptionsBot\core\engine.py", line 328, in position_sync_task
    try:
        ^
  File "C:\Rahul\06_Nikku\Strategies\PureOptionsBot\core\engine.py", line 341, in _sync_positions
    broker_data = await loop.run_in_executor(
    ^^^^^^^^^^^^^^^^^^^^^
AttributeError: 'api' object has no attribute 'positions'
2026-01-15 12:23:13,174 - httpx - INFO - HTTP Request: POST http://127.0.0.1:5000/api/v1/positionbook "HTTP/1.1 200 OK"
2026-01-15 12:23:16,480 - httpx - INFO - HTTP Request: POST http://127.0.0.1:5000/api/v1/positionbook "HTTP/1.1 200 OK"
2026-01-15 12:23:22,815 - core.engine - ERROR - Position sync error: 'api' object has no attribute 'positions'
Traceback (most recent call last):
  File "C:\Rahul\06_Nikku\Strategies\PureOptionsBot\core\engine.py", line 328, in position_sync_task
    try:
        ^
  File "C:\Rahul\06_Nikku\Strategies\PureOptionsBot\core\engine.py", line 341, in _sync_positions
    broker_data = await loop.run_in_executor(
    ^^^^^^^^^^^^^^^^^^^^^
AttributeError: 'api' object has no attribute 'positions'
2026-01-15 12:23:23,701 - httpx - INFO - HTTP Request: POST http://127.0.0.1:5000/api/v1/positionbook "HTTP/1.1 200 OK"
2026-01-15 12:23:26,825 - httpx - INFO - HTTP Request: POST http://127.0.0.1:5000/api/v1/positionbook "HTTP/1.1 200 OK"
2026-01-15 12:23:26,977 - httpx - INFO - HTTP Request: POST http://127.0.0.1:5000/api/v1/history "HTTP/1.1 200 OK"
2026-01-15 12:23:27,759 - httpx - INFO - HTTP Request: POST http://127.0.0.1:5000/api/v1/history "HTTP/1.1 200 OK"
2026-01-15 12:23:32,812 - core.engine - ERROR - Position sync error: 'api' object has no attribute 'positions'
Traceback (most recent call last):
  File "C:\Rahul\06_Nikku\Strategies\PureOptionsBot\core\engine.py", line 328, in position_sync_task
    try:
        ^
  File "C:\Rahul\06_Nikku\Strategies\PureOptionsBot\core\engine.py", line 341, in _sync_positions
    broker_data = await loop.run_in_executor(
    ^^^^^^^^^^^^^^^^^^^^^
AttributeError: 'api' object has no attribute 'positions'
2026-01-15 12:23:34,165 - httpx - INFO - HTTP Request: POST http://127.0.0.1:5000/api/v1/positionbook "HTTP/1.1 200 OK"
2026-01-15 12:23:37,320 - httpx - INFO - HTTP Request: POST http://127.0.0.1:5000/api/v1/positionbook "HTTP/1.1 200 OK"
2026-01-15 12:23:42,835 - core.engine - ERROR - Position sync error: 'api' object has no attribute 'positions'
Traceback (most recent call last):
  File "C:\Rahul\06_Nikku\Strategies\PureOptionsBot\core\engine.py", line 328, in position_sync_task
    try:
        ^
  File "C:\Rahul\06_Nikku\Strategies\PureOptionsBot\core\engine.py", line 341, in _sync_positions
    broker_data = await loop.run_in_executor(
    ^^^^^^^^^^^^^^^^^^^^^
AttributeError: 'api' object has no attribute 'positions'
2026-01-15 12:23:44,658 - httpx - INFO - HTTP Request: POST http://127.0.0.1:5000/api/v1/positionbook "HTTP/1.1 200 OK"
2026-01-15 12:23:47,778 - httpx - INFO - HTTP Request: POST http://127.0.0.1:5000/api/v1/positionbook "HTTP/1.1 200 OK"
2026-01-15 12:23:52,850 - core.engine - ERROR - Position sync error: 'api' object has no attribute 'positions'
Traceback (most recent call last):
  File "C:\Rahul\06_Nikku\Strategies\PureOptionsBot\core\engine.py", line 328, in position_sync_task
    try:
        ^
  File "C:\Rahul\06_Nikku\Strategies\PureOptionsBot\core\engine.py", line 341, in _sync_positions
    broker_data = await loop.run_in_executor(
    ^^^^^^^^^^^^^^^^^^^^^
AttributeError: 'api' object has no attribute 'positions'
2026-01-15 12:23:54,751 - httpx - INFO - HTTP Request: POST http://127.0.0.1:5000/api/v1/history "HTTP/1.1 200 OK"
2026-01-15 12:23:55,160 - httpx - INFO - HTTP Request: POST http://127.0.0.1:5000/api/v1/positionbook "HTTP/1.1 200 OK"
2026-01-15 12:23:55,534 - httpx - INFO - HTTP Request: POST http://127.0.0.1:5000/api/v1/history "HTTP/1.1 200 OK"
2026-01-15 12:23:58,259 - httpx - INFO - HTTP Request: POST http://127.0.0.1:5000/api/v1/positionbook "HTTP/1.1 200 OK"
2026-01-15 12:24:02,865 - core.engine - ERROR - Position sync error: 'api' object has no attribute 'positions'
Traceback (most recent call last):
  File "C:\Rahul\06_Nikku\Strategies\PureOptionsBot\core\engine.py", line 328, in position_sync_task
    try:
        ^
  File "C:\Rahul\06_Nikku\Strategies\PureOptionsBot\core\engine.py", line 341, in _sync_positions
    broker_data = await loop.run_in_executor(
    ^^^^^^^^^^^^^^^^^^^^^
AttributeError: 'api' object has no attribute 'positions'
2026-01-15 12:24:05,686 - httpx - INFO - HTTP Request: POST http://127.0.0.1:5000/api/v1/positionbook "HTTP/1.1 200 OK"
2026-01-15 12:24:08,606 - httpx - INFO - HTTP Request: POST http://127.0.0.1:5000/api/v1/positionbook "HTTP/1.1 200 OK"
2026-01-15 12:24:12,870 - core.engine - ERROR - Position sync error: 'api' object has no attribute 'positions'
Traceback (most recent call last):
  File "C:\Rahul\06_Nikku\Strategies\PureOptionsBot\core\engine.py", line 328, in position_sync_task
    try:
        ^
  File "C:\Rahul\06_Nikku\Strategies\PureOptionsBot\core\engine.py", line 341, in _sync_positions
    broker_data = await loop.run_in_executor(
    ^^^^^^^^^^^^^^^^^^^^^
AttributeError: 'api' object has no attribute 'positions'
2026-01-15 12:24:16,235 - httpx - INFO - HTTP Request: POST http://127.0.0.1:5000/api/v1/positionbook "HTTP/1.1 200 OK"
2026-01-15 12:24:18,971 - httpx - INFO - HTTP Request: POST http://127.0.0.1:5000/api/v1/positionbook "HTTP/1.1 200 OK"
2026-01-15 12:24:22,860 - core.engine - ERROR - Position sync error: 'api' object has no attribute 'positions'
Traceback (most recent call last):
  File "C:\Rahul\06_Nikku\Strategies\PureOptionsBot\core\engine.py", line 328, in position_sync_task
    try:
        ^
  File "C:\Rahul\06_Nikku\Strategies\PureOptionsBot\core\engine.py", line 341, in _sync_positions
    broker_data = await loop.run_in_executor(
    ^^^^^^^^^^^^^^^^^^^^^
AttributeError: 'api' object has no attribute 'positions'
2026-01-15 12:24:26,663 - httpx - INFO - HTTP Request: POST http://127.0.0.1:5000/api/v1/positionbook "HTTP/1.1 200 OK"
2026-01-15 12:24:28,937 - httpx - INFO - HTTP Request: POST http://127.0.0.1:5000/api/v1/history "HTTP/1.1 200 OK"
2026-01-15 12:24:29,541 - httpx - INFO - HTTP Request: POST http://127.0.0.1:5000/api/v1/positionbook "HTTP/1.1 200 OK"
2026-01-15 12:24:29,945 - httpx - INFO - HTTP Request: POST http://127.0.0.1:5000/api/v1/history "HTTP/1.1 200 OK"
2026-01-15 12:24:32,872 - core.engine - ERROR - Position sync error: 'api' object has no attribute 'positions'
Traceback (most recent call last):
  File "C:\Rahul\06_Nikku\Strategies\PureOptionsBot\core\engine.py", line 328, in position_sync_task
    try:
        ^
  File "C:\Rahul\06_Nikku\Strategies\PureOptionsBot\core\engine.py", line 341, in _sync_positions
    broker_data = await loop.run_in_executor(
    ^^^^^^^^^^^^^^^^^^^^^
AttributeError: 'api' object has no attribute 'positions'
2026-01-15 12:24:37,102 - httpx - INFO - HTTP Request: POST http://127.0.0.1:5000/api/v1/positionbook "HTTP/1.1 200 OK"
2026-01-15 12:24:39,977 - httpx - INFO - HTTP Request: POST http://127.0.0.1:5000/api/v1/positionbook "HTTP/1.1 200 OK"
2026-01-15 12:24:42,891 - core.engine - ERROR - Position sync error: 'api' object has no attribute 'positions'
Traceback (most recent call last):
  File "C:\Rahul\06_Nikku\Strategies\PureOptionsBot\core\engine.py", line 328, in position_sync_task
    try:
        ^
  File "C:\Rahul\06_Nikku\Strategies\PureOptionsBot\core\engine.py", line 341, in _sync_positions
    broker_data = await loop.run_in_executor(
    ^^^^^^^^^^^^^^^^^^^^^
AttributeError: 'api' object has no attribute 'positions'
2026-01-15 12:24:47,516 - httpx - INFO - HTTP Request: POST http://127.0.0.1:5000/api/v1/positionbook "HTTP/1.1 200 OK"
2026-01-15 12:24:50,425 - httpx - INFO - HTTP Request: POST http://127.0.0.1:5000/api/v1/positionbook "HTTP/1.1 200 OK"
2026-01-15 12:24:52,904 - core.engine - ERROR - Position sync error: 'api' object has no attribute 'positions'
Traceback (most recent call last):
  File "C:\Rahul\06_Nikku\Strategies\PureOptionsBot\core\engine.py", line 328, in position_sync_task
    try:
        ^
  File "C:\Rahul\06_Nikku\Strategies\PureOptionsBot\core\engine.py", line 341, in _sync_positions
    broker_data = await loop.run_in_executor(
    ^^^^^^^^^^^^^^^^^^^^^
AttributeError: 'api' object has no attribute 'positions'
2026-01-15 12:24:56,806 - httpx - INFO - HTTP Request: POST http://127.0.0.1:5000/api/v1/history "HTTP/1.1 200 OK"
2026-01-15 12:24:57,585 - httpx - INFO - HTTP Request: POST http://127.0.0.1:5000/api/v1/history "HTTP/1.1 200 OK"
2026-01-15 12:24:57,891 - httpx - INFO - HTTP Request: POST http://127.0.0.1:5000/api/v1/positionbook "HTTP/1.1 200 OK"
2026-01-15 12:25:00,918 - httpx - INFO - HTTP Request: POST http://127.0.0.1:5000/api/v1/positionbook "HTTP/1.1 200 OK"
2026-01-15 12:25:02,926 - core.engine - ERROR - Position sync error: 'api' object has no attribute 'positions'
Traceback (most recent call last):
  File "C:\Rahul\06_Nikku\Strategies\PureOptionsBot\core\engine.py", line 328, in position_sync_task
    try:
        ^
  File "C:\Rahul\06_Nikku\Strategies\PureOptionsBot\core\engine.py", line 341, in _sync_positions
    broker_data = await loop.run_in_executor(
    ^^^^^^^^^^^^^^^^^^^^^
AttributeError: 'api' object has no attribute 'positions'
2026-01-15 12:25:08,281 - httpx - INFO - HTTP Request: POST http://127.0.0.1:5000/api/v1/positionbook "HTTP/1.1 200 OK"
2026-01-15 12:25:11,397 - httpx - INFO - HTTP Request: POST http://127.0.0.1:5000/api/v1/positionbook "HTTP/1.1 200 OK"
2026-01-15 12:25:12,935 - core.engine - ERROR - Position sync error: 'api' object has no attribute 'positions'
Traceback (most recent call last):
  File "C:\Rahul\06_Nikku\Strategies\PureOptionsBot\core\engine.py", line 328, in position_sync_task
    try:
        ^
  File "C:\Rahul\06_Nikku\Strategies\PureOptionsBot\core\engine.py", line 341, in _sync_positions
    broker_data = await loop.run_in_executor(
    ^^^^^^^^^^^^^^^^^^^^^
AttributeError: 'api' object has no attribute 'positions'
2026-01-15 12:25:18,769 - httpx - INFO - HTTP Request: POST http://127.0.0.1:5000/api/v1/positionbook "HTTP/1.1 200 OK"
2026-01-15 12:25:21,811 - httpx - INFO - HTTP Request: POST http://127.0.0.1:5000/api/v1/positionbook "HTTP/1.1 200 OK"
2026-01-15 12:25:22,943 - core.engine - ERROR - Position sync error: 'api' object has no attribute 'positions'
Traceback (most recent call last):
  File "C:\Rahul\06_Nikku\Strategies\PureOptionsBot\core\engine.py", line 328, in position_sync_task
    try:
        ^
  File "C:\Rahul\06_Nikku\Strategies\PureOptionsBot\core\engine.py", line 341, in _sync_positions
    broker_data = await loop.run_in_executor(
    ^^^^^^^^^^^^^^^^^^^^^
AttributeError: 'api' object has no attribute 'positions'
2026-01-15 12:25:29,297 - httpx - INFO - HTTP Request: POST http://127.0.0.1:5000/api/v1/positionbook "HTTP/1.1 200 OK"
2026-01-15 12:25:31,117 - httpx - INFO - HTTP Request: POST http://127.0.0.1:5000/api/v1/history "HTTP/1.1 200 OK"
2026-01-15 12:25:32,094 - httpx - INFO - HTTP Request: POST http://127.0.0.1:5000/api/v1/history "HTTP/1.1 200 OK"
2026-01-15 12:25:32,217 - httpx - INFO - HTTP Request: POST http://127.0.0.1:5000/api/v1/positionbook "HTTP/1.1 200 OK"
2026-01-15 12:25:32,949 - core.engine - ERROR - Position sync error: 'api' object has no attribute 'positions'
Traceback (most recent call last):
  File "C:\Rahul\06_Nikku\Strategies\PureOptionsBot\core\engine.py", line 328, in position_sync_task
    try:
        ^
  File "C:\Rahul\06_Nikku\Strategies\PureOptionsBot\core\engine.py", line 341, in _sync_positions
    broker_data = await loop.run_in_executor(
    ^^^^^^^^^^^^^^^^^^^^^
AttributeError: 'api' object has no attribute 'positions'
2026-01-15 12:25:39,765 - httpx - INFO - HTTP Request: POST http://127.0.0.1:5000/api/v1/positionbook "HTTP/1.1 200 OK"
2026-01-15 12:25:42,585 - httpx - INFO - HTTP Request: POST http://127.0.0.1:5000/api/v1/positionbook "HTTP/1.1 200 OK"
2026-01-15 12:25:42,970 - core.engine - ERROR - Position sync error: 'api' object has no attribute 'positions'
Traceback (most recent call last):
  File "C:\Rahul\06_Nikku\Strategies\PureOptionsBot\core\engine.py", line 328, in position_sync_task
    try:
        ^
  File "C:\Rahul\06_Nikku\Strategies\PureOptionsBot\core\engine.py", line 341, in _sync_positions
    broker_data = await loop.run_in_executor(
    ^^^^^^^^^^^^^^^^^^^^^
AttributeError: 'api' object has no attribute 'positions'
2026-01-15 12:25:50,165 - httpx - INFO - HTTP Request: POST http://127.0.0.1:5000/api/v1/positionbook "HTTP/1.1 200 OK"
2026-01-15 12:25:52,986 - core.engine - ERROR - Position sync error: 'api' object has no attribute 'positions'
Traceback (most recent call last):
  File "C:\Rahul\06_Nikku\Strategies\PureOptionsBot\core\engine.py", line 328, in position_sync_task
    try:
        ^
  File "C:\Rahul\06_Nikku\Strategies\PureOptionsBot\core\engine.py", line 341, in _sync_positions
    broker_data = await loop.run_in_executor(
    ^^^^^^^^^^^^^^^^^^^^^
AttributeError: 'api' object has no attribute 'positions'
2026-01-15 12:25:53,069 - httpx - INFO - HTTP Request: POST http://127.0.0.1:5000/api/v1/positionbook "HTTP/1.1 200 OK"
2026-01-15 12:25:58,824 - httpx - INFO - HTTP Request: POST http://127.0.0.1:5000/api/v1/history "HTTP/1.1 200 OK"
2026-01-15 12:25:59,672 - httpx - INFO - HTTP Request: POST http://127.0.0.1:5000/api/v1/history "HTTP/1.1 200 OK"
2026-01-15 12:26:00,633 - httpx - INFO - HTTP Request: POST http://127.0.0.1:5000/api/v1/positionbook "HTTP/1.1 200 OK"
2026-01-15 12:26:03,005 - core.engine - ERROR - Position sync error: 'api' object has no attribute 'positions'
Traceback (most recent call last):
  File "C:\Rahul\06_Nikku\Strategies\PureOptionsBot\core\engine.py", line 328, in position_sync_task
    try:
        ^
  File "C:\Rahul\06_Nikku\Strategies\PureOptionsBot\core\engine.py", line 341, in _sync_positions
    broker_data = await loop.run_in_executor(
    ^^^^^^^^^^^^^^^^^^^^^
AttributeError: 'api' object has no attribute 'positions'
2026-01-15 12:26:03,578 - httpx - INFO - HTTP Request: POST http://127.0.0.1:5000/api/v1/positionbook "HTTP/1.1 200 OK"
2026-01-15 12:26:11,151 - httpx - INFO - HTTP Request: POST http://127.0.0.1:5000/api/v1/positionbook "HTTP/1.1 200 OK"
2026-01-15 12:26:13,025 - core.engine - ERROR - Position sync error: 'api' object has no attribute 'positions'
Traceback (most recent call last):
  File "C:\Rahul\06_Nikku\Strategies\PureOptionsBot\core\engine.py", line 328, in position_sync_task
    try:
        ^
  File "C:\Rahul\06_Nikku\Strategies\PureOptionsBot\core\engine.py", line 341, in _sync_positions
    broker_data = await loop.run_in_executor(
    ^^^^^^^^^^^^^^^^^^^^^
AttributeError: 'api' object has no attribute 'positions'
2026-01-15 12:26:13,958 - httpx - INFO - HTTP Request: POST http://127.0.0.1:5000/api/v1/positionbook "HTTP/1.1 200 OK"
2026-01-15 12:26:21,702 - httpx - INFO - HTTP Request: POST http://127.0.0.1:5000/api/v1/positionbook "HTTP/1.1 200 OK"
2026-01-15 12:26:23,031 - core.engine - ERROR - Position sync error: 'api' object has no attribute 'positions'
Traceback (most recent call last):
  File "C:\Rahul\06_Nikku\Strategies\PureOptionsBot\core\engine.py", line 328, in position_sync_task
    try:
        ^
  File "C:\Rahul\06_Nikku\Strategies\PureOptionsBot\core\engine.py", line 341, in _sync_positions
    broker_data = await loop.run_in_executor(
    ^^^^^^^^^^^^^^^^^^^^^
AttributeError: 'api' object has no attribute 'positions'
2026-01-15 12:26:24,410 - httpx - INFO - HTTP Request: POST http://127.0.0.1:5000/api/v1/positionbook "HTTP/1.1 200 OK"
2026-01-15 12:26:32,166 - httpx - INFO - HTTP Request: POST http://127.0.0.1:5000/api/v1/positionbook "HTTP/1.1 200 OK"
2026-01-15 12:26:33,034 - core.engine - ERROR - Position sync error: 'api' object has no attribute 'positions'
Traceback (most recent call last):
  File "C:\Rahul\06_Nikku\Strategies\PureOptionsBot\core\engine.py", line 328, in position_sync_task
    try:
        ^
  File "C:\Rahul\06_Nikku\Strategies\PureOptionsBot\core\engine.py", line 341, in _sync_positions
    broker_data = await loop.run_in_executor(
    ^^^^^^^^^^^^^^^^^^^^^
AttributeError: 'api' object has no attribute 'positions'
2026-01-15 12:26:33,186 - httpx - INFO - HTTP Request: POST http://127.0.0.1:5000/api/v1/history "HTTP/1.1 200 OK"
2026-01-15 12:26:34,049 - httpx - INFO - HTTP Request: POST http://127.0.0.1:5000/api/v1/history "HTTP/1.1 200 OK"
2026-01-15 12:26:34,920 - httpx - INFO - HTTP Request: POST http://127.0.0.1:5000/api/v1/positionbook "HTTP/1.1 200 OK"
2026-01-15 12:26:42,643 - httpx - INFO - HTTP Request: POST http://127.0.0.1:5000/api/v1/positionbook "HTTP/1.1 200 OK"
2026-01-15 12:26:43,046 - core.engine - ERROR - Position sync error: 'api' object has no attribute 'positions'
Traceback (most recent call last):
  File "C:\Rahul\06_Nikku\Strategies\PureOptionsBot\core\engine.py", line 328, in position_sync_task
    try:
        ^
  File "C:\Rahul\06_Nikku\Strategies\PureOptionsBot\core\engine.py", line 341, in _sync_positions
    broker_data = await loop.run_in_executor(
    ^^^^^^^^^^^^^^^^^^^^^
AttributeError: 'api' object has no attribute 'positions'
2026-01-15 12:26:45,344 - httpx - INFO - HTTP Request: POST http://127.0.0.1:5000/api/v1/positionbook "HTTP/1.1 200 OK"
2026-01-15 12:26:53,062 - core.engine - ERROR - Position sync error: 'api' object has no attribute 'positions'
Traceback (most recent call last):
  File "C:\Rahul\06_Nikku\Strategies\PureOptionsBot\core\engine.py", line 328, in position_sync_task
    try:
        ^
  File "C:\Rahul\06_Nikku\Strategies\PureOptionsBot\core\engine.py", line 341, in _sync_positions
    broker_data = await loop.run_in_executor(
    ^^^^^^^^^^^^^^^^^^^^^
AttributeError: 'api' object has no attribute 'positions'
2026-01-15 12:26:53,092 - httpx - INFO - HTTP Request: POST http://127.0.0.1:5000/api/v1/positionbook "HTTP/1.1 200 OK"
2026-01-15 12:26:55,858 - httpx - INFO - HTTP Request: POST http://127.0.0.1:5000/api/v1/positionbook "HTTP/1.1 200 OK"
2026-01-15 12:27:01,216 - httpx - INFO - HTTP Request: POST http://127.0.0.1:5000/api/v1/history "HTTP/1.1 200 OK"
2026-01-15 12:27:01,910 - httpx - INFO - HTTP Request: POST http://127.0.0.1:5000/api/v1/history "HTTP/1.1 200 OK"
2026-01-15 12:27:03,083 - core.engine - ERROR - Position sync error: 'api' object has no attribute 'positions'
Traceback (most recent call last):
  File "C:\Rahul\06_Nikku\Strategies\PureOptionsBot\core\engine.py", line 328, in position_sync_task
    try:
        ^
  File "C:\Rahul\06_Nikku\Strategies\PureOptionsBot\core\engine.py", line 341, in _sync_positions
    broker_data = await loop.run_in_executor(
    ^^^^^^^^^^^^^^^^^^^^^
AttributeError: 'api' object has no attribute 'positions'
2026-01-15 12:27:03,540 - httpx - INFO - HTTP Request: POST http://127.0.0.1:5000/api/v1/positionbook "HTTP/1.1 200 OK"
2026-01-15 12:27:06,308 - httpx - INFO - HTTP Request: POST http://127.0.0.1:5000/api/v1/positionbook "HTTP/1.1 200 OK"
2026-01-15 12:27:13,105 - core.engine - ERROR - Position sync error: 'api' object has no attribute 'positions'
Traceback (most recent call last):
  File "C:\Rahul\06_Nikku\Strategies\PureOptionsBot\core\engine.py", line 328, in position_sync_task
    try:
        ^
  File "C:\Rahul\06_Nikku\Strategies\PureOptionsBot\core\engine.py", line 341, in _sync_positions
    broker_data = await loop.run_in_executor(
    ^^^^^^^^^^^^^^^^^^^^^
AttributeError: 'api' object has no attribute 'positions'
2026-01-15 12:27:14,025 - httpx - INFO - HTTP Request: POST http://127.0.0.1:5000/api/v1/positionbook "HTTP/1.1 200 OK"
2026-01-15 12:27:16,792 - httpx - INFO - HTTP Request: POST http://127.0.0.1:5000/api/v1/positionbook "HTTP/1.1 200 OK"
2026-01-15 12:27:20,683 - __main__ - INFO - Goodbye!
2026-01-15 12:27:23,122 - core.engine - ERROR - Position sync error: 'api' object has no attribute 'positions'
Traceback (most recent call last):
  File "C:\Rahul\06_Nikku\Strategies\PureOptionsBot\core\engine.py", line 328, in position_sync_task
    try:
        ^
  File "C:\Rahul\06_Nikku\Strategies\PureOptionsBot\core\engine.py", line 341, in _sync_positions
    broker_data = await loop.run_in_executor(
    ^^^^^^^^^^^^^^^^^^^^^
AttributeError: 'api' object has no attribute 'positions'
2026-01-15 12:27:27,269 - httpx - INFO - HTTP Request: POST http://127.0.0.1:5000/api/v1/positionbook "HTTP/1.1 200 OK"
2026-01-15 12:27:33,134 - core.engine - ERROR - Position sync error: 'api' object has no attribute 'positions'
Traceback (most recent call last):
  File "C:\Rahul\06_Nikku\Strategies\PureOptionsBot\core\engine.py", line 328, in position_sync_task
    try:
        ^
  File "C:\Rahul\06_Nikku\Strategies\PureOptionsBot\core\engine.py", line 341, in _sync_positions
    broker_data = await loop.run_in_executor(
    ^^^^^^^^^^^^^^^^^^^^^
AttributeError: 'api' object has no attribute 'positions'
2026-01-15 12:27:35,208 - httpx - INFO - HTTP Request: POST http://127.0.0.1:5000/api/v1/history "HTTP/1.1 200 OK"
2026-01-15 12:27:36,059 - httpx - INFO - HTTP Request: POST http://127.0.0.1:5000/api/v1/history "HTTP/1.1 200 OK"
2026-01-15 12:27:37,728 - httpx - INFO - HTTP Request: POST http://127.0.0.1:5000/api/v1/positionbook "HTTP/1.1 200 OK"
2026-01-15 12:27:43,146 - core.engine - ERROR - Position sync error: 'api' object has no attribute 'positions'
Traceback (most recent call last):
  File "C:\Rahul\06_Nikku\Strategies\PureOptionsBot\core\engine.py", line 328, in position_sync_task
    try:
        ^
  File "C:\Rahul\06_Nikku\Strategies\PureOptionsBot\core\engine.py", line 341, in _sync_positions
    broker_data = await loop.run_in_executor(
    ^^^^^^^^^^^^^^^^^^^^^
AttributeError: 'api' object has no attribute 'positions'
2026-01-15 12:27:48,140 - httpx - INFO - HTTP Request: POST http://127.0.0.1:5000/api/v1/positionbook "HTTP/1.1 200 OK"
2026-01-15 12:27:53,156 - core.engine - ERROR - Position sync error: 'api' object has no attribute 'positions'
Traceback (most recent call last):
  File "C:\Rahul\06_Nikku\Strategies\PureOptionsBot\core\engine.py", line 328, in position_sync_task
    try:
        ^
  File "C:\Rahul\06_Nikku\Strategies\PureOptionsBot\core\engine.py", line 341, in _sync_positions
    broker_data = await loop.run_in_executor(
    ^^^^^^^^^^^^^^^^^^^^^
AttributeError: 'api' object has no attribute 'positions'
2026-01-15 12:27:58,658 - httpx - INFO - HTTP Request: POST http://127.0.0.1:5000/api/v1/positionbook "HTTP/1.1 200 OK"
2026-01-15 12:28:03,176 - core.engine - ERROR - Position sync error: 'api' object has no attribute 'positions'
Traceback (most recent call last):
  File "C:\Rahul\06_Nikku\Strategies\PureOptionsBot\core\engine.py", line 328, in position_sync_task
    **trade.__dict__,
  File "C:\Rahul\06_Nikku\Strategies\PureOptionsBot\core\engine.py", line 341, in _sync_positions
    f"[TRADE CLOSED] {trade.symbol}: "
    ^^^^^^^^^^^^^^^^^^^^^
AttributeError: 'api' object has no attribute 'positions'
2026-01-15 12:28:09,104 - httpx - INFO - HTTP Request: POST http://127.0.0.1:5000/api/v1/positionbook "HTTP/1.1 200 OK"
2026-01-15 12:28:13,190 - core.engine - ERROR - Position sync error: 'api' object has no attribute 'positions'
Traceback (most recent call last):
  File "C:\Rahul\06_Nikku\Strategies\PureOptionsBot\core\engine.py", line 328, in position_sync_task
    **trade.__dict__,
  File "C:\Rahul\06_Nikku\Strategies\PureOptionsBot\core\engine.py", line 341, in _sync_positions
    f"[TRADE CLOSED] {trade.symbol}: "
    ^^^^^^^^^^^^^^^^^^^^^
AttributeError: 'api' object has no attribute 'positions'
2026-01-15 12:28:19,590 - httpx - INFO - HTTP Request: POST http://127.0.0.1:5000/api/v1/positionbook "HTTP/1.1 200 OK"
2026-01-15 12:28:23,208 - core.engine - ERROR - Position sync error: 'api' object has no attribute 'positions'
Traceback (most recent call last):
  File "C:\Rahul\06_Nikku\Strategies\PureOptionsBot\core\engine.py", line 328, in position_sync_task
    **trade.__dict__,
  File "C:\Rahul\06_Nikku\Strategies\PureOptionsBot\core\engine.py", line 341, in _sync_positions
    f"[TRADE CLOSED] {trade.symbol}: "
    ^^^^^^^^^^^^^^^^^^^^^
AttributeError: 'api' object has no attribute 'positions'
2026-01-15 12:28:30,186 - httpx - INFO - HTTP Request: POST http://127.0.0.1:5000/api/v1/positionbook "HTTP/1.1 200 OK"
2026-01-15 12:28:33,210 - core.engine - ERROR - Position sync error: 'api' object has no attribute 'positions'
Traceback (most recent call last):
  File "C:\Rahul\06_Nikku\Strategies\PureOptionsBot\core\engine.py", line 328, in position_sync_task
    **trade.__dict__,
  File "C:\Rahul\06_Nikku\Strategies\PureOptionsBot\core\engine.py", line 341, in _sync_positions
    f"[TRADE CLOSED] {trade.symbol}: "
    ^^^^^^^^^^^^^^^^^^^^^
AttributeError: 'api' object has no attribute 'positions'
2026-01-15 12:28:37,651 - httpx - INFO - HTTP Request: POST http://127.0.0.1:5000/api/v1/history "HTTP/1.1 200 OK"
2026-01-15 12:28:38,976 - httpx - INFO - HTTP Request: POST http://127.0.0.1:5000/api/v1/history "HTTP/1.1 200 OK"
2026-01-15 12:28:41,160 - httpx - INFO - HTTP Request: POST http://127.0.0.1:5000/api/v1/positionbook "HTTP/1.1 200 OK"
2026-01-15 12:28:43,230 - core.engine - ERROR - Position sync error: 'api' object has no attribute 'positions'
Traceback (most recent call last):
  File "C:\Rahul\06_Nikku\Strategies\PureOptionsBot\core\engine.py", line 328, in position_sync_task
    **trade.__dict__,
  File "C:\Rahul\06_Nikku\Strategies\PureOptionsBot\core\engine.py", line 341, in _sync_positions
    f"[TRADE CLOSED] {trade.symbol}: "
    ^^^^^^^^^^^^^^^^^^^^^
AttributeError: 'api' object has no attribute 'positions'
2026-01-15 12:28:51,625 - httpx - INFO - HTTP Request: POST http://127.0.0.1:5000/api/v1/positionbook "HTTP/1.1 200 OK"
2026-01-15 12:28:53,251 - core.engine - ERROR - Position sync error: 'api' object has no attribute 'positions'
Traceback (most recent call last):
  File "C:\Rahul\06_Nikku\Strategies\PureOptionsBot\core\engine.py", line 328, in position_sync_task
    **trade.__dict__,
  File "C:\Rahul\06_Nikku\Strategies\PureOptionsBot\core\engine.py", line 341, in _sync_positions
    f"[TRADE CLOSED] {trade.symbol}: "
    ^^^^^^^^^^^^^^^^^^^^^
AttributeError: 'api' object has no attribute 'positions'
2026-01-15 12:29:02,084 - httpx - INFO - HTTP Request: POST http://127.0.0.1:5000/api/v1/positionbook "HTTP/1.1 200 OK"
2026-01-15 12:29:03,259 - core.engine - ERROR - Position sync error: 'api' object has no attribute 'positions'
Traceback (most recent call last):
  File "C:\Rahul\06_Nikku\Strategies\PureOptionsBot\core\engine.py", line 328, in position_sync_task
    **trade.__dict__,
  File "C:\Rahul\06_Nikku\Strategies\PureOptionsBot\core\engine.py", line 341, in _sync_positions
    f"[TRADE CLOSED] {trade.symbol}: "
    ^^^^^^^^^^^^^^^^^^^^^
AttributeError: 'api' object has no attribute 'positions'
2026-01-15 12:29:12,542 - httpx - INFO - HTTP Request: POST http://127.0.0.1:5000/api/v1/positionbook "HTTP/1.1 200 OK"
2026-01-15 12:29:13,257 - core.engine - ERROR - Position sync error: 'api' object has no attribute 'positions'
Traceback (most recent call last):
  File "C:\Rahul\06_Nikku\Strategies\PureOptionsBot\core\engine.py", line 328, in position_sync_task
    **trade.__dict__,
  File "C:\Rahul\06_Nikku\Strategies\PureOptionsBot\core\engine.py", line 341, in _sync_positions
    f"[TRADE CLOSED] {trade.symbol}: "
    ^^^^^^^^^^^^^^^^^^^^^
AttributeError: 'api' object has no attribute 'positions'
2026-01-15 12:29:22,938 - httpx - INFO - HTTP Request: POST http://127.0.0.1:5000/api/v1/positionbook "HTTP/1.1 200 OK"
2026-01-15 12:29:23,264 - core.engine - ERROR - Position sync error: 'api' object has no attribute 'positions'
Traceback (most recent call last):
  File "C:\Rahul\06_Nikku\Strategies\PureOptionsBot\core\engine.py", line 328, in position_sync_task
    **trade.__dict__,
  File "C:\Rahul\06_Nikku\Strategies\PureOptionsBot\core\engine.py", line 341, in _sync_positions
    f"[TRADE CLOSED] {trade.symbol}: "
    ^^^^^^^^^^^^^^^^^^^^^
AttributeError: 'api' object has no attribute 'positions'
2026-01-15 12:29:33,284 - core.engine - ERROR - Position sync error: 'api' object has no attribute 'positions'
Traceback (most recent call last):
  File "C:\Rahul\06_Nikku\Strategies\PureOptionsBot\core\engine.py", line 328, in position_sync_task
    **trade.__dict__,
  File "C:\Rahul\06_Nikku\Strategies\PureOptionsBot\core\engine.py", line 341, in _sync_positions
    f"[TRADE CLOSED] {trade.symbol}: "
    ^^^^^^^^^^^^^^^^^^^^^
AttributeError: 'api' object has no attribute 'positions'
2026-01-15 12:29:33,424 - httpx - INFO - HTTP Request: POST http://127.0.0.1:5000/api/v1/positionbook "HTTP/1.1 200 OK"
2026-01-15 12:29:40,313 - httpx - INFO - HTTP Request: POST http://127.0.0.1:5000/api/v1/history "HTTP/1.1 200 OK"
2026-01-15 12:29:41,088 - httpx - INFO - HTTP Request: POST http://127.0.0.1:5000/api/v1/history "HTTP/1.1 200 OK"
2026-01-15 12:29:43,302 - core.engine - ERROR - Position sync error: 'api' object has no attribute 'positions'
Traceback (most recent call last):
  File "C:\Rahul\06_Nikku\Strategies\PureOptionsBot\core\engine.py", line 328, in position_sync_task
    **trade.__dict__,
  File "C:\Rahul\06_Nikku\Strategies\PureOptionsBot\core\engine.py", line 341, in _sync_positions
    f"[TRADE CLOSED] {trade.symbol}: "
    ^^^^^^^^^^^^^^^^^^^^^
AttributeError: 'api' object has no attribute 'positions'
2026-01-15 12:29:44,459 - httpx - INFO - HTTP Request: POST http://127.0.0.1:5000/api/v1/positionbook "HTTP/1.1 200 OK"
2026-01-15 12:29:53,312 - core.engine - ERROR - Position sync error: 'api' object has no attribute 'positions'
Traceback (most recent call last):
  File "C:\Rahul\06_Nikku\Strategies\PureOptionsBot\core\engine.py", line 328, in position_sync_task
    **trade.__dict__,
  File "C:\Rahul\06_Nikku\Strategies\PureOptionsBot\core\engine.py", line 341, in _sync_positions
    f"[TRADE CLOSED] {trade.symbol}: "
    ^^^^^^^^^^^^^^^^^^^^^
AttributeError: 'api' object has no attribute 'positions'
2026-01-15 12:29:55,398 - httpx - INFO - HTTP Request: POST http://127.0.0.1:5000/api/v1/positionbook "HTTP/1.1 200 OK"
2026-01-15 12:30:03,334 - core.engine - ERROR - Position sync error: 'api' object has no attribute 'positions'
Traceback (most recent call last):
  File "C:\Rahul\06_Nikku\Strategies\PureOptionsBot\core\engine.py", line 328, in position_sync_task
    **trade.__dict__,
  File "C:\Rahul\06_Nikku\Strategies\PureOptionsBot\core\engine.py", line 341, in _sync_positions
    f"[TRADE CLOSED] {trade.symbol}: "
    ^^^^^^^^^^^^^^^^^^^^^
AttributeError: 'api' object has no attribute 'positions'
2026-01-15 12:30:06,392 - httpx - INFO - HTTP Request: POST http://127.0.0.1:5000/api/v1/positionbook "HTTP/1.1 200 OK"
2026-01-15 12:30:13,339 - core.engine - ERROR - Position sync error: 'api' object has no attribute 'positions'
Traceback (most recent call last):
  File "C:\Rahul\06_Nikku\Strategies\PureOptionsBot\core\engine.py", line 328, in position_sync_task
    **trade.__dict__,
  File "C:\Rahul\06_Nikku\Strategies\PureOptionsBot\core\engine.py", line 341, in _sync_positions
    f"[TRADE CLOSED] {trade.symbol}: "
    ^^^^^^^^^^^^^^^^^^^^^
AttributeError: 'api' object has no attribute 'positions'
2026-01-15 12:30:17,289 - httpx - INFO - HTTP Request: POST http://127.0.0.1:5000/api/v1/positionbook "HTTP/1.1 200 OK"
2026-01-15 12:30:23,351 - core.engine - ERROR - Position sync error: 'api' object has no attribute 'positions'
Traceback (most recent call last):
  File "C:\Rahul\06_Nikku\Strategies\PureOptionsBot\core\engine.py", line 328, in position_sync_task
    **trade.__dict__,
  File "C:\Rahul\06_Nikku\Strategies\PureOptionsBot\core\engine.py", line 341, in _sync_positions
    f"[TRADE CLOSED] {trade.symbol}: "
    ^^^^^^^^^^^^^^^^^^^^^
AttributeError: 'api' object has no attribute 'positions'
2026-01-15 12:30:28,263 - httpx - INFO - HTTP Request: POST http://127.0.0.1:5000/api/v1/positionbook "HTTP/1.1 200 OK"
2026-01-15 12:30:33,353 - core.engine - ERROR - Position sync error: 'api' object has no attribute 'positions'
Traceback (most recent call last):
  File "C:\Rahul\06_Nikku\Strategies\PureOptionsBot\core\engine.py", line 328, in position_sync_task
    **trade.__dict__,
  File "C:\Rahul\06_Nikku\Strategies\PureOptionsBot\core\engine.py", line 341, in _sync_positions
    f"[TRADE CLOSED] {trade.symbol}: "
    ^^^^^^^^^^^^^^^^^^^^^
AttributeError: 'api' object has no attribute 'positions'
2026-01-15 12:30:39,265 - httpx - INFO - HTTP Request: POST http://127.0.0.1:5000/api/v1/positionbook "HTTP/1.1 200 OK"
2026-01-15 12:30:43,134 - httpx - INFO - HTTP Request: POST http://127.0.0.1:5000/api/v1/history "HTTP/1.1 200 OK"
2026-01-15 12:30:43,342 - core.engine - ERROR - Position sync error: 'api' object has no attribute 'positions'
Traceback (most recent call last):
  File "C:\Rahul\06_Nikku\Strategies\PureOptionsBot\core\engine.py", line 328, in position_sync_task
    **trade.__dict__,
  File "C:\Rahul\06_Nikku\Strategies\PureOptionsBot\core\engine.py", line 341, in _sync_positions
    f"[TRADE CLOSED] {trade.symbol}: "
    ^^^^^^^^^^^^^^^^^^^^^
AttributeError: 'api' object has no attribute 'positions'
2026-01-15 12:30:44,775 - httpx - INFO - HTTP Request: POST http://127.0.0.1:5000/api/v1/history "HTTP/1.1 200 OK"
2026-01-15 12:30:50,247 - httpx - INFO - HTTP Request: POST http://127.0.0.1:5000/api/v1/positionbook "HTTP/1.1 200 OK"
2026-01-15 12:30:53,369 - core.engine - ERROR - Position sync error: 'api' object has no attribute 'positions'
Traceback (most recent call last):
  File "C:\Rahul\06_Nikku\Strategies\PureOptionsBot\core\engine.py", line 328, in position_sync_task
    **trade.__dict__,
  File "C:\Rahul\06_Nikku\Strategies\PureOptionsBot\core\engine.py", line 341, in _sync_positions
    f"[TRADE CLOSED] {trade.symbol}: "
    ^^^^^^^^^^^^^^^^^^^^^
AttributeError: 'api' object has no attribute 'positions'
2026-01-15 12:31:01,217 - httpx - INFO - HTTP Request: POST http://127.0.0.1:5000/api/v1/positionbook "HTTP/1.1 200 OK"
2026-01-15 12:31:03,365 - core.engine - ERROR - Position sync error: 'api' object has no attribute 'positions'
Traceback (most recent call last):
  File "C:\Rahul\06_Nikku\Strategies\PureOptionsBot\core\engine.py", line 328, in position_sync_task
    **trade.__dict__,
  File "C:\Rahul\06_Nikku\Strategies\PureOptionsBot\core\engine.py", line 341, in _sync_positions
    f"[TRADE CLOSED] {trade.symbol}: "
    ^^^^^^^^^^^^^^^^^^^^^
AttributeError: 'api' object has no attribute 'positions'
2026-01-15 12:31:12,229 - httpx - INFO - HTTP Request: POST http://127.0.0.1:5000/api/v1/positionbook "HTTP/1.1 200 OK"
2026-01-15 12:31:13,372 - core.engine - ERROR - Position sync error: 'api' object has no attribute 'positions'
Traceback (most recent call last):
  File "C:\Rahul\06_Nikku\Strategies\PureOptionsBot\core\engine.py", line 328, in position_sync_task
    **trade.__dict__,
  File "C:\Rahul\06_Nikku\Strategies\PureOptionsBot\core\engine.py", line 341, in _sync_positions
    f"[TRADE CLOSED] {trade.symbol}: "
    ^^^^^^^^^^^^^^^^^^^^^
AttributeError: 'api' object has no attribute 'positions'
2026-01-15 12:31:23,202 - httpx - INFO - HTTP Request: POST http://127.0.0.1:5000/api/v1/positionbook "HTTP/1.1 200 OK"
2026-01-15 12:31:23,388 - core.engine - ERROR - Position sync error: 'api' object has no attribute 'positions'
Traceback (most recent call last):
  File "C:\Rahul\06_Nikku\Strategies\PureOptionsBot\core\engine.py", line 328, in position_sync_task
    **trade.__dict__,
  File "C:\Rahul\06_Nikku\Strategies\PureOptionsBot\core\engine.py", line 341, in _sync_positions
    f"[TRADE CLOSED] {trade.symbol}: "
    ^^^^^^^^^^^^^^^^^^^^^
AttributeError: 'api' object has no attribute 'positions'
2026-01-15 12:31:33,413 - core.engine - ERROR - Position sync error: 'api' object has no attribute 'positions'
Traceback (most recent call last):
  File "C:\Rahul\06_Nikku\Strategies\PureOptionsBot\core\engine.py", line 328, in position_sync_task
    **trade.__dict__,
  File "C:\Rahul\06_Nikku\Strategies\PureOptionsBot\core\engine.py", line 341, in _sync_positions
    f"[TRADE CLOSED] {trade.symbol}: "
    ^^^^^^^^^^^^^^^^^^^^^
AttributeError: 'api' object has no attribute 'positions'
2026-01-15 12:31:34,168 - httpx - INFO - HTTP Request: POST http://127.0.0.1:5000/api/v1/positionbook "HTTP/1.1 200 OK"
2026-01-15 12:31:43,421 - core.engine - ERROR - Position sync error: 'api' object has no attribute 'positions'
Traceback (most recent call last):
  File "C:\Rahul\06_Nikku\Strategies\PureOptionsBot\core\engine.py", line 328, in position_sync_task
    **trade.__dict__,
  File "C:\Rahul\06_Nikku\Strategies\PureOptionsBot\core\engine.py", line 341, in _sync_positions
    f"[TRADE CLOSED] {trade.symbol}: "
    ^^^^^^^^^^^^^^^^^^^^^
AttributeError: 'api' object has no attribute 'positions'
2026-01-15 12:31:45,208 - httpx - INFO - HTTP Request: POST http://127.0.0.1:5000/api/v1/positionbook "HTTP/1.1 200 OK"
2026-01-15 12:31:46,869 - httpx - INFO - HTTP Request: POST http://127.0.0.1:5000/api/v1/history "HTTP/1.1 200 OK"
2026-01-15 12:31:48,301 - httpx - INFO - HTTP Request: POST http://127.0.0.1:5000/api/v1/history "HTTP/1.1 200 OK"
2026-01-15 12:31:53,447 - core.engine - ERROR - Position sync error: 'api' object has no attribute 'positions'
Traceback (most recent call last):
  File "C:\Rahul\06_Nikku\Strategies\PureOptionsBot\core\engine.py", line 328, in position_sync_task
    **trade.__dict__,
  File "C:\Rahul\06_Nikku\Strategies\PureOptionsBot\core\engine.py", line 341, in _sync_positions
    f"[TRADE CLOSED] {trade.symbol}: "
    ^^^^^^^^^^^^^^^^^^^^^
AttributeError: 'api' object has no attribute 'positions'
2026-01-15 12:31:56,181 - httpx - INFO - HTTP Request: POST http://127.0.0.1:5000/api/v1/positionbook "HTTP/1.1 200 OK"
2026-01-15 12:32:03,450 - core.engine - ERROR - Position sync error: 'api' object has no attribute 'positions'
Traceback (most recent call last):
  File "C:\Rahul\06_Nikku\Strategies\PureOptionsBot\core\engine.py", line 328, in position_sync_task
    **trade.__dict__,
  File "C:\Rahul\06_Nikku\Strategies\PureOptionsBot\core\engine.py", line 341, in _sync_positions
    f"[TRADE CLOSED] {trade.symbol}: "
    ^^^^^^^^^^^^^^^^^^^^^
AttributeError: 'api' object has no attribute 'positions'
2026-01-15 12:32:07,129 - httpx - INFO - HTTP Request: POST http://127.0.0.1:5000/api/v1/positionbook "HTTP/1.1 200 OK"
2026-01-15 12:32:13,477 - core.engine - ERROR - Position sync error: 'api' object has no attribute 'positions'
Traceback (most recent call last):
  File "C:\Rahul\06_Nikku\Strategies\PureOptionsBot\core\engine.py", line 328, in position_sync_task
    **trade.__dict__,
  File "C:\Rahul\06_Nikku\Strategies\PureOptionsBot\core\engine.py", line 341, in _sync_positions
    f"[TRADE CLOSED] {trade.symbol}: "
    ^^^^^^^^^^^^^^^^^^^^^
AttributeError: 'api' object has no attribute 'positions'
2026-01-15 12:32:18,134 - httpx - INFO - HTTP Request: POST http://127.0.0.1:5000/api/v1/positionbook "HTTP/1.1 200 OK"
2026-01-15 12:32:23,491 - core.engine - ERROR - Position sync error: 'api' object has no attribute 'positions'
Traceback (most recent call last):
  File "C:\Rahul\06_Nikku\Strategies\PureOptionsBot\core\engine.py", line 328, in position_sync_task
    **trade.__dict__,
  File "C:\Rahul\06_Nikku\Strategies\PureOptionsBot\core\engine.py", line 341, in _sync_positions
    f"[TRADE CLOSED] {trade.symbol}: "
    ^^^^^^^^^^^^^^^^^^^^^
AttributeError: 'api' object has no attribute 'positions'
2026-01-15 12:32:29,066 - httpx - INFO - HTTP Request: POST http://127.0.0.1:5000/api/v1/positionbook "HTTP/1.1 200 OK"
2026-01-15 12:32:33,484 - core.engine - ERROR - Position sync error: 'api' object has no attribute 'positions'
Traceback (most recent call last):
  File "C:\Rahul\06_Nikku\Strategies\PureOptionsBot\core\engine.py", line 328, in position_sync_task
    **trade.__dict__,
  File "C:\Rahul\06_Nikku\Strategies\PureOptionsBot\core\engine.py", line 341, in _sync_positions
    f"[TRADE CLOSED] {trade.symbol}: "
    ^^^^^^^^^^^^^^^^^^^^^
AttributeError: 'api' object has no attribute 'positions'
2026-01-15 12:32:40,178 - httpx - INFO - HTTP Request: POST http://127.0.0.1:5000/api/v1/positionbook "HTTP/1.1 200 OK"
2026-01-15 12:32:43,497 - core.engine - ERROR - Position sync error: 'api' object has no attribute 'positions'
Traceback (most recent call last):
  File "C:\Rahul\06_Nikku\Strategies\PureOptionsBot\core\engine.py", line 328, in position_sync_task
    **trade.__dict__,
  File "C:\Rahul\06_Nikku\Strategies\PureOptionsBot\core\engine.py", line 341, in _sync_positions
    f"[TRADE CLOSED] {trade.symbol}: "
    ^^^^^^^^^^^^^^^^^^^^^
AttributeError: 'api' object has no attribute 'positions'
2026-01-15 12:32:50,181 - httpx - INFO - HTTP Request: POST http://127.0.0.1:5000/api/v1/history "HTTP/1.1 200 OK"
2026-01-15 12:32:51,471 - httpx - INFO - HTTP Request: POST http://127.0.0.1:5000/api/v1/positionbook "HTTP/1.1 200 OK"
2026-01-15 12:32:51,927 - httpx - INFO - HTTP Request: POST http://127.0.0.1:5000/api/v1/history "HTTP/1.1 200 OK"
2026-01-15 12:32:53,522 - core.engine - ERROR - Position sync error: 'api' object has no attribute 'positions'
Traceback (most recent call last):
  File "C:\Rahul\06_Nikku\Strategies\PureOptionsBot\core\engine.py", line 328, in position_sync_task
    **trade.__dict__,
  File "C:\Rahul\06_Nikku\Strategies\PureOptionsBot\core\engine.py", line 341, in _sync_positions
    f"[TRADE CLOSED] {trade.symbol}: "
    ^^^^^^^^^^^^^^^^^^^^^
AttributeError: 'api' object has no attribute 'positions'
2026-01-15 12:33:02,464 - httpx - INFO - HTTP Request: POST http://127.0.0.1:5000/api/v1/positionbook "HTTP/1.1 200 OK"
2026-01-15 12:33:03,529 - core.engine - ERROR - Position sync error: 'api' object has no attribute 'positions'
Traceback (most recent call last):
  File "C:\Rahul\06_Nikku\Strategies\PureOptionsBot\core\engine.py", line 328, in position_sync_task
    **trade.__dict__,
  File "C:\Rahul\06_Nikku\Strategies\PureOptionsBot\core\engine.py", line 341, in _sync_positions
    f"[TRADE CLOSED] {trade.symbol}: "
    ^^^^^^^^^^^^^^^^^^^^^
AttributeError: 'api' object has no attribute 'positions'
2026-01-15 12:33:13,503 - httpx - INFO - HTTP Request: POST http://127.0.0.1:5000/api/v1/positionbook "HTTP/1.1 200 OK"
2026-01-15 12:33:13,542 - core.engine - ERROR - Position sync error: 'api' object has no attribute 'positions'
Traceback (most recent call last):
  File "C:\Rahul\06_Nikku\Strategies\PureOptionsBot\core\engine.py", line 328, in position_sync_task
    **trade.__dict__,
  File "C:\Rahul\06_Nikku\Strategies\PureOptionsBot\core\engine.py", line 341, in _sync_positions
    f"[TRADE CLOSED] {trade.symbol}: "
    ^^^^^^^^^^^^^^^^^^^^^
AttributeError: 'api' object has no attribute 'positions'
2026-01-15 12:33:23,568 - core.engine - ERROR - Position sync error: 'api' object has no attribute 'positions'
Traceback (most recent call last):
  File "C:\Rahul\06_Nikku\Strategies\PureOptionsBot\core\engine.py", line 328, in position_sync_task
    **trade.__dict__,
  File "C:\Rahul\06_Nikku\Strategies\PureOptionsBot\core\engine.py", line 341, in _sync_positions
    f"[TRADE CLOSED] {trade.symbol}: "
    ^^^^^^^^^^^^^^^^^^^^^
AttributeError: 'api' object has no attribute 'positions'
2026-01-15 12:33:24,534 - httpx - INFO - HTTP Request: POST http://127.0.0.1:5000/api/v1/positionbook "HTTP/1.1 200 OK"
2026-01-15 12:33:33,585 - core.engine - ERROR - Position sync error: 'api' object has no attribute 'positions'
Traceback (most recent call last):
  File "C:\Rahul\06_Nikku\Strategies\PureOptionsBot\core\engine.py", line 328, in position_sync_task
    **trade.__dict__,
  File "C:\Rahul\06_Nikku\Strategies\PureOptionsBot\core\engine.py", line 341, in _sync_positions
    f"[TRADE CLOSED] {trade.symbol}: "
    ^^^^^^^^^^^^^^^^^^^^^
AttributeError: 'api' object has no attribute 'positions'
2026-01-15 12:33:35,557 - httpx - INFO - HTTP Request: POST http://127.0.0.1:5000/api/v1/positionbook "HTTP/1.1 200 OK"
2026-01-15 12:33:43,596 - core.engine - ERROR - Position sync error: 'api' object has no attribute 'positions'
Traceback (most recent call last):
  File "C:\Rahul\06_Nikku\Strategies\PureOptionsBot\core\engine.py", line 328, in position_sync_task
    **trade.__dict__,
  File "C:\Rahul\06_Nikku\Strategies\PureOptionsBot\core\engine.py", line 341, in _sync_positions
    f"[TRADE CLOSED] {trade.symbol}: "
    ^^^^^^^^^^^^^^^^^^^^^
AttributeError: 'api' object has no attribute 'positions'
2026-01-15 12:33:46,605 - httpx - INFO - HTTP Request: POST http://127.0.0.1:5000/api/v1/positionbook "HTTP/1.1 200 OK"
2026-01-15 12:33:53,616 - core.engine - ERROR - Position sync error: 'api' object has no attribute 'positions'
Traceback (most recent call last):
  File "C:\Rahul\06_Nikku\Strategies\PureOptionsBot\core\engine.py", line 328, in position_sync_task
    **trade.__dict__,
  File "C:\Rahul\06_Nikku\Strategies\PureOptionsBot\core\engine.py", line 341, in _sync_positions
    f"[TRADE CLOSED] {trade.symbol}: "
    ^^^^^^^^^^^^^^^^^^^^^
AttributeError: 'api' object has no attribute 'positions'
2026-01-15 12:33:53,873 - httpx - INFO - HTTP Request: POST http://127.0.0.1:5000/api/v1/history "HTTP/1.1 200 OK"
2026-01-15 12:33:55,201 - httpx - INFO - HTTP Request: POST http://127.0.0.1:5000/api/v1/history "HTTP/1.1 200 OK"
2026-01-15 12:33:57,617 - httpx - INFO - HTTP Request: POST http://127.0.0.1:5000/api/v1/positionbook "HTTP/1.1 200 OK"
2026-01-15 12:34:03,633 - core.engine - ERROR - Position sync error: 'api' object has no attribute 'positions'
Traceback (most recent call last):
  File "C:\Rahul\06_Nikku\Strategies\PureOptionsBot\core\engine.py", line 328, in position_sync_task
    **trade.__dict__,
  File "C:\Rahul\06_Nikku\Strategies\PureOptionsBot\core\engine.py", line 341, in _sync_positions
    f"[TRADE CLOSED] {trade.symbol}: "
    ^^^^^^^^^^^^^^^^^^^^^
AttributeError: 'api' object has no attribute 'positions'
2026-01-15 12:34:08,602 - httpx - INFO - HTTP Request: POST http://127.0.0.1:5000/api/v1/positionbook "HTTP/1.1 200 OK"
2026-01-15 12:34:13,640 - core.engine - ERROR - Position sync error: 'api' object has no attribute 'positions'
Traceback (most recent call last):
  File "C:\Rahul\06_Nikku\Strategies\PureOptionsBot\core\engine.py", line 328, in position_sync_task
    **trade.__dict__,
  File "C:\Rahul\06_Nikku\Strategies\PureOptionsBot\core\engine.py", line 341, in _sync_positions
    f"[TRADE CLOSED] {trade.symbol}: "
    ^^^^^^^^^^^^^^^^^^^^^
AttributeError: 'api' object has no attribute 'positions'
2026-01-15 12:34:19,615 - httpx - INFO - HTTP Request: POST http://127.0.0.1:5000/api/v1/positionbook "HTTP/1.1 200 OK"
2026-01-15 12:34:23,660 - core.engine - ERROR - Position sync error: 'api' object has no attribute 'positions'
Traceback (most recent call last):
  File "C:\Rahul\06_Nikku\Strategies\PureOptionsBot\core\engine.py", line 328, in position_sync_task
    **trade.__dict__,
  File "C:\Rahul\06_Nikku\Strategies\PureOptionsBot\core\engine.py", line 341, in _sync_positions
    f"[TRADE CLOSED] {trade.symbol}: "
    ^^^^^^^^^^^^^^^^^^^^^
AttributeError: 'api' object has no attribute 'positions'
2026-01-15 12:34:30,548 - httpx - INFO - HTTP Request: POST http://127.0.0.1:5000/api/v1/positionbook "HTTP/1.1 200 OK"
2026-01-15 12:34:33,669 - core.engine - ERROR - Position sync error: 'api' object has no attribute 'positions'
Traceback (most recent call last):
  File "C:\Rahul\06_Nikku\Strategies\PureOptionsBot\core\engine.py", line 328, in position_sync_task
    **trade.__dict__,
  File "C:\Rahul\06_Nikku\Strategies\PureOptionsBot\core\engine.py", line 341, in _sync_positions
    f"[TRADE CLOSED] {trade.symbol}: "
    ^^^^^^^^^^^^^^^^^^^^^
AttributeError: 'api' object has no attribute 'positions'
2026-01-15 12:34:41,555 - httpx - INFO - HTTP Request: POST http://127.0.0.1:5000/api/v1/positionbook "HTTP/1.1 200 OK"
2026-01-15 12:34:43,690 - core.engine - ERROR - Position sync error: 'api' object has no attribute 'positions'
Traceback (most recent call last):
  File "C:\Rahul\06_Nikku\Strategies\PureOptionsBot\core\engine.py", line 328, in position_sync_task
    **trade.__dict__,
  File "C:\Rahul\06_Nikku\Strategies\PureOptionsBot\core\engine.py", line 341, in _sync_positions
    f"[TRADE CLOSED] {trade.symbol}: "
    ^^^^^^^^^^^^^^^^^^^^^
AttributeError: 'api' object has no attribute 'positions'
2026-01-15 12:34:52,624 - httpx - INFO - HTTP Request: POST http://127.0.0.1:5000/api/v1/positionbook "HTTP/1.1 200 OK"
2026-01-15 12:34:53,700 - core.engine - ERROR - Position sync error: 'api' object has no attribute 'positions'
Traceback (most recent call last):
  File "C:\Rahul\06_Nikku\Strategies\PureOptionsBot\core\engine.py", line 328, in position_sync_task
    **trade.__dict__,
  File "C:\Rahul\06_Nikku\Strategies\PureOptionsBot\core\engine.py", line 341, in _sync_positions
    f"[TRADE CLOSED] {trade.symbol}: "
    ^^^^^^^^^^^^^^^^^^^^^
AttributeError: 'api' object has no attribute 'positions'
2026-01-15 12:34:57,167 - httpx - INFO - HTTP Request: POST http://127.0.0.1:5000/api/v1/history "HTTP/1.1 200 OK"
2026-01-15 12:34:58,611 - httpx - INFO - HTTP Request: POST http://127.0.0.1:5000/api/v1/history "HTTP/1.1 200 OK"
2026-01-15 12:35:03,652 - httpx - INFO - HTTP Request: POST http://127.0.0.1:5000/api/v1/positionbook "HTTP/1.1 200 OK"
2026-01-15 12:35:03,715 - core.engine - ERROR - Position sync error: 'api' object has no attribute 'positions'
Traceback (most recent call last):
  File "C:\Rahul\06_Nikku\Strategies\PureOptionsBot\core\engine.py", line 328, in position_sync_task
    **trade.__dict__,
  File "C:\Rahul\06_Nikku\Strategies\PureOptionsBot\core\engine.py", line 341, in _sync_positions
    f"[TRADE CLOSED] {trade.symbol}: "
    ^^^^^^^^^^^^^^^^^^^^^
AttributeError: 'api' object has no attribute 'positions'
2026-01-15 12:35:13,739 - core.engine - ERROR - Position sync error: 'api' object has no attribute 'positions'
Traceback (most recent call last):
  File "C:\Rahul\06_Nikku\Strategies\PureOptionsBot\core\engine.py", line 328, in position_sync_task
    **trade.__dict__,
  File "C:\Rahul\06_Nikku\Strategies\PureOptionsBot\core\engine.py", line 341, in _sync_positions
    f"[TRADE CLOSED] {trade.symbol}: "
    ^^^^^^^^^^^^^^^^^^^^^
AttributeError: 'api' object has no attribute 'positions'
2026-01-15 12:35:14,613 - httpx - INFO - HTTP Request: POST http://127.0.0.1:5000/api/v1/positionbook "HTTP/1.1 200 OK"
2026-01-15 12:35:23,751 - core.engine - ERROR - Position sync error: 'api' object has no attribute 'positions'
Traceback (most recent call last):
  File "C:\Rahul\06_Nikku\Strategies\PureOptionsBot\core\engine.py", line 328, in position_sync_task
    **trade.__dict__,
  File "C:\Rahul\06_Nikku\Strategies\PureOptionsBot\core\engine.py", line 341, in _sync_positions
    f"[TRADE CLOSED] {trade.symbol}: "
    ^^^^^^^^^^^^^^^^^^^^^
AttributeError: 'api' object has no attribute 'positions'
2026-01-15 12:35:25,598 - httpx - INFO - HTTP Request: POST http://127.0.0.1:5000/api/v1/positionbook "HTTP/1.1 200 OK"
2026-01-15 12:35:33,767 - core.engine - ERROR - Position sync error: 'api' object has no attribute 'positions'
Traceback (most recent call last):
  File "C:\Rahul\06_Nikku\Strategies\PureOptionsBot\core\engine.py", line 328, in position_sync_task
    **trade.__dict__,
  File "C:\Rahul\06_Nikku\Strategies\PureOptionsBot\core\engine.py", line 341, in _sync_positions
    f"[TRADE CLOSED] {trade.symbol}: "
    ^^^^^^^^^^^^^^^^^^^^^
AttributeError: 'api' object has no attribute 'positions'
2026-01-15 12:35:36,632 - httpx - INFO - HTTP Request: POST http://127.0.0.1:5000/api/v1/positionbook "HTTP/1.1 200 OK"
2026-01-15 12:35:43,785 - core.engine - ERROR - Position sync error: 'api' object has no attribute 'positions'
Traceback (most recent call last):
  File "C:\Rahul\06_Nikku\Strategies\PureOptionsBot\core\engine.py", line 328, in position_sync_task
    **trade.__dict__,
  File "C:\Rahul\06_Nikku\Strategies\PureOptionsBot\core\engine.py", line 341, in _sync_positions
    f"[TRADE CLOSED] {trade.symbol}: "
    ^^^^^^^^^^^^^^^^^^^^^
AttributeError: 'api' object has no attribute 'positions'
2026-01-15 12:35:47,712 - httpx - INFO - HTTP Request: POST http://127.0.0.1:5000/api/v1/positionbook "HTTP/1.1 200 OK"
2026-01-15 12:35:53,767 - core.engine - ERROR - Position sync error: 'api' object has no attribute 'positions'
Traceback (most recent call last):
  File "C:\Rahul\06_Nikku\Strategies\PureOptionsBot\core\engine.py", line 328, in position_sync_task
    **trade.__dict__,
  File "C:\Rahul\06_Nikku\Strategies\PureOptionsBot\core\engine.py", line 341, in _sync_positions
    f"[TRADE CLOSED] {trade.symbol}: "
    ^^^^^^^^^^^^^^^^^^^^^
AttributeError: 'api' object has no attribute 'positions'
2026-01-15 12:35:58,667 - httpx - INFO - HTTP Request: POST http://127.0.0.1:5000/api/v1/positionbook "HTTP/1.1 200 OK"
2026-01-15 12:36:00,691 - httpx - INFO - HTTP Request: POST http://127.0.0.1:5000/api/v1/history "HTTP/1.1 200 OK"
2026-01-15 12:36:02,103 - httpx - INFO - HTTP Request: POST http://127.0.0.1:5000/api/v1/history "HTTP/1.1 200 OK"
2026-01-15 12:36:03,789 - core.engine - ERROR - Position sync error: 'api' object has no attribute 'positions'
Traceback (most recent call last):
  File "C:\Rahul\06_Nikku\Strategies\PureOptionsBot\core\engine.py", line 328, in position_sync_task
    **trade.__dict__,
  File "C:\Rahul\06_Nikku\Strategies\PureOptionsBot\core\engine.py", line 341, in _sync_positions
    f"[TRADE CLOSED] {trade.symbol}: "
    ^^^^^^^^^^^^^^^^^^^^^
AttributeError: 'api' object has no attribute 'positions'
2026-01-15 12:36:09,711 - httpx - INFO - HTTP Request: POST http://127.0.0.1:5000/api/v1/positionbook "HTTP/1.1 200 OK"
2026-01-15 12:36:13,799 - core.engine - ERROR - Position sync error: 'api' object has no attribute 'positions'
Traceback (most recent call last):
  File "C:\Rahul\06_Nikku\Strategies\PureOptionsBot\core\engine.py", line 328, in position_sync_task
    **trade.__dict__,
  File "C:\Rahul\06_Nikku\Strategies\PureOptionsBot\core\engine.py", line 341, in _sync_positions
    f"[TRADE CLOSED] {trade.symbol}: "
    ^^^^^^^^^^^^^^^^^^^^^
AttributeError: 'api' object has no attribute 'positions'
2026-01-15 12:36:20,738 - httpx - INFO - HTTP Request: POST http://127.0.0.1:5000/api/v1/positionbook "HTTP/1.1 200 OK"
2026-01-15 12:36:23,811 - core.engine - ERROR - Position sync error: 'api' object has no attribute 'positions'
Traceback (most recent call last):
  File "C:\Rahul\06_Nikku\Strategies\PureOptionsBot\core\engine.py", line 328, in position_sync_task
    **trade.__dict__,
  File "C:\Rahul\06_Nikku\Strategies\PureOptionsBot\core\engine.py", line 341, in _sync_positions
    f"[TRADE CLOSED] {trade.symbol}: "
    ^^^^^^^^^^^^^^^^^^^^^
AttributeError: 'api' object has no attribute 'positions'
2026-01-15 12:36:31,747 - httpx - INFO - HTTP Request: POST http://127.0.0.1:5000/api/v1/positionbook "HTTP/1.1 200 OK"
2026-01-15 12:36:33,824 - core.engine - ERROR - Position sync error: 'api' object has no attribute 'positions'
Traceback (most recent call last):
  File "C:\Rahul\06_Nikku\Strategies\PureOptionsBot\core\engine.py", line 328, in position_sync_task
    **trade.__dict__,
  File "C:\Rahul\06_Nikku\Strategies\PureOptionsBot\core\engine.py", line 341, in _sync_positions
    f"[TRADE CLOSED] {trade.symbol}: "
    ^^^^^^^^^^^^^^^^^^^^^
AttributeError: 'api' object has no attribute 'positions'
2026-01-15 12:36:42,748 - httpx - INFO - HTTP Request: POST http://127.0.0.1:5000/api/v1/positionbook "HTTP/1.1 200 OK"
2026-01-15 12:36:43,841 - core.engine - ERROR - Position sync error: 'api' object has no attribute 'positions'
Traceback (most recent call last):
  File "C:\Rahul\06_Nikku\Strategies\PureOptionsBot\core\engine.py", line 328, in position_sync_task
    **trade.__dict__,
  File "C:\Rahul\06_Nikku\Strategies\PureOptionsBot\core\engine.py", line 341, in _sync_positions
    f"[TRADE CLOSED] {trade.symbol}: "
    ^^^^^^^^^^^^^^^^^^^^^
AttributeError: 'api' object has no attribute 'positions'
2026-01-15 12:36:53,742 - httpx - INFO - HTTP Request: POST http://127.0.0.1:5000/api/v1/positionbook "HTTP/1.1 200 OK"
2026-01-15 12:36:53,855 - core.engine - ERROR - Position sync error: 'api' object has no attribute 'positions'
Traceback (most recent call last):
  File "C:\Rahul\06_Nikku\Strategies\PureOptionsBot\core\engine.py", line 328, in position_sync_task
    **trade.__dict__,
  File "C:\Rahul\06_Nikku\Strategies\PureOptionsBot\core\engine.py", line 341, in _sync_positions
    f"[TRADE CLOSED] {trade.symbol}: "
    ^^^^^^^^^^^^^^^^^^^^^
AttributeError: 'api' object has no attribute 'positions'
2026-01-15 12:37:03,869 - core.engine - ERROR - Position sync error: 'api' object has no attribute 'positions'
Traceback (most recent call last):
  File "C:\Rahul\06_Nikku\Strategies\PureOptionsBot\core\engine.py", line 328, in position_sync_task
    **trade.__dict__,
  File "C:\Rahul\06_Nikku\Strategies\PureOptionsBot\core\engine.py", line 341, in _sync_positions
    f"[TRADE CLOSED] {trade.symbol}: "
    ^^^^^^^^^^^^^^^^^^^^^
AttributeError: 'api' object has no attribute 'positions'
2026-01-15 12:37:04,024 - httpx - INFO - HTTP Request: POST http://127.0.0.1:5000/api/v1/history "HTTP/1.1 200 OK"
2026-01-15 12:37:04,942 - httpx - INFO - HTTP Request: POST http://127.0.0.1:5000/api/v1/positionbook "HTTP/1.1 200 OK"
2026-01-15 12:37:05,633 - httpx - INFO - HTTP Request: POST http://127.0.0.1:5000/api/v1/history "HTTP/1.1 200 OK"
2026-01-15 12:37:13,883 - core.engine - ERROR - Position sync error: 'api' object has no attribute 'positions'
Traceback (most recent call last):
  File "C:\Rahul\06_Nikku\Strategies\PureOptionsBot\core\engine.py", line 328, in position_sync_task
    **trade.__dict__,
  File "C:\Rahul\06_Nikku\Strategies\PureOptionsBot\core\engine.py", line 341, in _sync_positions
    f"[TRADE CLOSED] {trade.symbol}: "
    ^^^^^^^^^^^^^^^^^^^^^
AttributeError: 'api' object has no attribute 'positions'
2026-01-15 12:37:15,967 - httpx - INFO - HTTP Request: POST http://127.0.0.1:5000/api/v1/positionbook "HTTP/1.1 200 OK"
2026-01-15 12:37:23,897 - core.engine - ERROR - Position sync error: 'api' object has no attribute 'positions'
Traceback (most recent call last):
  File "C:\Rahul\06_Nikku\Strategies\PureOptionsBot\core\engine.py", line 328, in position_sync_task
    **trade.__dict__,
  File "C:\Rahul\06_Nikku\Strategies\PureOptionsBot\core\engine.py", line 341, in _sync_positions
    f"[TRADE CLOSED] {trade.symbol}: "
    ^^^^^^^^^^^^^^^^^^^^^
AttributeError: 'api' object has no attribute 'positions'
2026-01-15 12:37:27,017 - httpx - INFO - HTTP Request: POST http://127.0.0.1:5000/api/v1/positionbook "HTTP/1.1 200 OK"
2026-01-15 12:37:33,909 - core.engine - ERROR - Position sync error: 'api' object has no attribute 'positions'
Traceback (most recent call last):
  File "C:\Rahul\06_Nikku\Strategies\PureOptionsBot\core\engine.py", line 328, in position_sync_task
    **trade.__dict__,
  File "C:\Rahul\06_Nikku\Strategies\PureOptionsBot\core\engine.py", line 341, in _sync_positions
    f"[TRADE CLOSED] {trade.symbol}: "
    ^^^^^^^^^^^^^^^^^^^^^
AttributeError: 'api' object has no attribute 'positions'
2026-01-15 12:37:38,096 - httpx - INFO - HTTP Request: POST http://127.0.0.1:5000/api/v1/positionbook "HTTP/1.1 200 OK"
2026-01-15 12:37:43,921 - core.engine - ERROR - Position sync error: 'api' object has no attribute 'positions'
Traceback (most recent call last):
  File "C:\Rahul\06_Nikku\Strategies\PureOptionsBot\core\engine.py", line 328, in position_sync_task
    **trade.__dict__,
  File "C:\Rahul\06_Nikku\Strategies\PureOptionsBot\core\engine.py", line 341, in _sync_positions
    f"[TRADE CLOSED] {trade.symbol}: "
    ^^^^^^^^^^^^^^^^^^^^^
AttributeError: 'api' object has no attribute 'positions'
2026-01-15 12:37:49,066 - httpx - INFO - HTTP Request: POST http://127.0.0.1:5000/api/v1/positionbook "HTTP/1.1 200 OK"
2026-01-15 12:37:53,947 - core.engine - ERROR - Position sync error: 'api' object has no attribute 'positions'
Traceback (most recent call last):
  File "C:\Rahul\06_Nikku\Strategies\PureOptionsBot\core\engine.py", line 328, in position_sync_task
    **trade.__dict__,
  File "C:\Rahul\06_Nikku\Strategies\PureOptionsBot\core\engine.py", line 341, in _sync_positions
    f"[TRADE CLOSED] {trade.symbol}: "
    ^^^^^^^^^^^^^^^^^^^^^
AttributeError: 'api' object has no attribute 'positions'
2026-01-15 12:38:00,047 - httpx - INFO - HTTP Request: POST http://127.0.0.1:5000/api/v1/positionbook "HTTP/1.1 200 OK"
2026-01-15 12:38:03,952 - core.engine - ERROR - Position sync error: 'api' object has no attribute 'positions'
Traceback (most recent call last):
  File "C:\Rahul\06_Nikku\Strategies\PureOptionsBot\core\engine.py", line 328, in position_sync_task
    **trade.__dict__,
  File "C:\Rahul\06_Nikku\Strategies\PureOptionsBot\core\engine.py", line 341, in _sync_positions
    f"[TRADE CLOSED] {trade.symbol}: "
    ^^^^^^^^^^^^^^^^^^^^^
AttributeError: 'api' object has no attribute 'positions'
2026-01-15 12:38:07,519 - httpx - INFO - HTTP Request: POST http://127.0.0.1:5000/api/v1/history "HTTP/1.1 200 OK"
2026-01-15 12:38:08,843 - httpx - INFO - HTTP Request: POST http://127.0.0.1:5000/api/v1/history "HTTP/1.1 200 OK"
2026-01-15 12:38:11,045 - httpx - INFO - HTTP Request: POST http://127.0.0.1:5000/api/v1/positionbook "HTTP/1.1 200 OK"
2026-01-15 12:38:13,974 - core.engine - ERROR - Position sync error: 'api' object has no attribute 'positions'
Traceback (most recent call last):
  File "C:\Rahul\06_Nikku\Strategies\PureOptionsBot\core\engine.py", line 328, in position_sync_task
    **trade.__dict__,
  File "C:\Rahul\06_Nikku\Strategies\PureOptionsBot\core\engine.py", line 341, in _sync_positions
    f"[TRADE CLOSED] {trade.symbol}: "
    ^^^^^^^^^^^^^^^^^^^^^
AttributeError: 'api' object has no attribute 'positions'
2026-01-15 12:38:22,048 - httpx - INFO - HTTP Request: POST http://127.0.0.1:5000/api/v1/positionbook "HTTP/1.1 200 OK"
2026-01-15 12:38:23,988 - core.engine - ERROR - Position sync error: 'api' object has no attribute 'positions'
Traceback (most recent call last):
  File "C:\Rahul\06_Nikku\Strategies\PureOptionsBot\core\engine.py", line 328, in position_sync_task
    **trade.__dict__,
  File "C:\Rahul\06_Nikku\Strategies\PureOptionsBot\core\engine.py", line 341, in _sync_positions
    f"[TRADE CLOSED] {trade.symbol}: "
    ^^^^^^^^^^^^^^^^^^^^^
AttributeError: 'api' object has no attribute 'positions'
2026-01-15 12:38:33,040 - httpx - INFO - HTTP Request: POST http://127.0.0.1:5000/api/v1/positionbook "HTTP/1.1 200 OK"
2026-01-15 12:38:34,004 - core.engine - ERROR - Position sync error: 'api' object has no attribute 'positions'
Traceback (most recent call last):
  File "C:\Rahul\06_Nikku\Strategies\PureOptionsBot\core\engine.py", line 328, in position_sync_task
    **trade.__dict__,
  File "C:\Rahul\06_Nikku\Strategies\PureOptionsBot\core\engine.py", line 341, in _sync_positions
    f"[TRADE CLOSED] {trade.symbol}: "
    ^^^^^^^^^^^^^^^^^^^^^
AttributeError: 'api' object has no attribute 'positions'
2026-01-15 12:38:44,012 - core.engine - ERROR - Position sync error: 'api' object has no attribute 'positions'
Traceback (most recent call last):
  File "C:\Rahul\06_Nikku\Strategies\PureOptionsBot\core\engine.py", line 328, in position_sync_task
    **trade.__dict__,
  File "C:\Rahul\06_Nikku\Strategies\PureOptionsBot\core\engine.py", line 341, in _sync_positions
    f"[TRADE CLOSED] {trade.symbol}: "
    ^^^^^^^^^^^^^^^^^^^^^
AttributeError: 'api' object has no attribute 'positions'
2026-01-15 12:38:44,023 - httpx - INFO - HTTP Request: POST http://127.0.0.1:5000/api/v1/positionbook "HTTP/1.1 200 OK"
2026-01-15 12:38:54,029 - core.engine - ERROR - Position sync error: 'api' object has no attribute 'positions'
Traceback (most recent call last):
  File "C:\Rahul\06_Nikku\Strategies\PureOptionsBot\core\engine.py", line 328, in position_sync_task
    **trade.__dict__,
  File "C:\Rahul\06_Nikku\Strategies\PureOptionsBot\core\engine.py", line 341, in _sync_positions
    f"[TRADE CLOSED] {trade.symbol}: "
    ^^^^^^^^^^^^^^^^^^^^^
AttributeError: 'api' object has no attribute 'positions'
2026-01-15 12:38:54,970 - httpx - INFO - HTTP Request: POST http://127.0.0.1:5000/api/v1/positionbook "HTTP/1.1 200 OK"
2026-01-15 12:39:04,046 - core.engine - ERROR - Position sync error: 'api' object has no attribute 'positions'
Traceback (most recent call last):
  File "C:\Rahul\06_Nikku\Strategies\PureOptionsBot\core\engine.py", line 328, in position_sync_task
    **trade.__dict__,
  File "C:\Rahul\06_Nikku\Strategies\PureOptionsBot\core\engine.py", line 341, in _sync_positions
    f"[TRADE CLOSED] {trade.symbol}: "
    ^^^^^^^^^^^^^^^^^^^^^
AttributeError: 'api' object has no attribute 'positions'
2026-01-15 12:39:05,978 - httpx - INFO - HTTP Request: POST http://127.0.0.1:5000/api/v1/positionbook "HTTP/1.1 200 OK"
2026-01-15 12:39:10,789 - httpx - INFO - HTTP Request: POST http://127.0.0.1:5000/api/v1/history "HTTP/1.1 200 OK"
2026-01-15 12:39:12,283 - httpx - INFO - HTTP Request: POST http://127.0.0.1:5000/api/v1/history "HTTP/1.1 200 OK"
2026-01-15 12:39:14,060 - core.engine - ERROR - Position sync error: 'api' object has no attribute 'positions'
Traceback (most recent call last):
  File "C:\Rahul\06_Nikku\Strategies\PureOptionsBot\core\engine.py", line 328, in position_sync_task
    **trade.__dict__,
  File "C:\Rahul\06_Nikku\Strategies\PureOptionsBot\core\engine.py", line 341, in _sync_positions
    f"[TRADE CLOSED] {trade.symbol}: "
    ^^^^^^^^^^^^^^^^^^^^^
AttributeError: 'api' object has no attribute 'positions'
2026-01-15 12:39:16,964 - httpx - INFO - HTTP Request: POST http://127.0.0.1:5000/api/v1/positionbook "HTTP/1.1 200 OK"
2026-01-15 12:39:24,080 - core.engine - ERROR - Position sync error: 'api' object has no attribute 'positions'
Traceback (most recent call last):
  File "C:\Rahul\06_Nikku\Strategies\PureOptionsBot\core\engine.py", line 328, in position_sync_task
    **trade.__dict__,
  File "C:\Rahul\06_Nikku\Strategies\PureOptionsBot\core\engine.py", line 341, in _sync_positions
    f"[TRADE CLOSED] {trade.symbol}: "
    ^^^^^^^^^^^^^^^^^^^^^
AttributeError: 'api' object has no attribute 'positions'
2026-01-15 12:39:27,898 - httpx - INFO - HTTP Request: POST http://127.0.0.1:5000/api/v1/positionbook "HTTP/1.1 200 OK"
2026-01-15 12:39:34,098 - core.engine - ERROR - Position sync error: 'api' object has no attribute 'positions'
Traceback (most recent call last):
  File "C:\Rahul\06_Nikku\Strategies\PureOptionsBot\core\engine.py", line 328, in position_sync_task
    **trade.__dict__,
  File "C:\Rahul\06_Nikku\Strategies\PureOptionsBot\core\engine.py", line 341, in _sync_positions
    f"[TRADE CLOSED] {trade.symbol}: "
    ^^^^^^^^^^^^^^^^^^^^^
AttributeError: 'api' object has no attribute 'positions'
2026-01-15 12:39:38,876 - httpx - INFO - HTTP Request: POST http://127.0.0.1:5000/api/v1/positionbook "HTTP/1.1 200 OK"
2026-01-15 12:39:44,120 - core.engine - ERROR - Position sync error: 'api' object has no attribute 'positions'
Traceback (most recent call last):
  File "C:\Rahul\06_Nikku\Strategies\PureOptionsBot\core\engine.py", line 328, in position_sync_task
    **trade.__dict__,
  File "C:\Rahul\06_Nikku\Strategies\PureOptionsBot\core\engine.py", line 341, in _sync_positions
    f"[TRADE CLOSED] {trade.symbol}: "
    ^^^^^^^^^^^^^^^^^^^^^
AttributeError: 'api' object has no attribute 'positions'
2026-01-15 12:39:49,912 - httpx - INFO - HTTP Request: POST http://127.0.0.1:5000/api/v1/positionbook "HTTP/1.1 200 OK"
2026-01-15 12:39:54,135 - core.engine - ERROR - Position sync error: 'api' object has no attribute 'positions'
Traceback (most recent call last):
  File "C:\Rahul\06_Nikku\Strategies\PureOptionsBot\core\engine.py", line 328, in position_sync_task
    **trade.__dict__,
  File "C:\Rahul\06_Nikku\Strategies\PureOptionsBot\core\engine.py", line 341, in _sync_positions
    f"[TRADE CLOSED] {trade.symbol}: "
    ^^^^^^^^^^^^^^^^^^^^^
AttributeError: 'api' object has no attribute 'positions'
2026-01-15 12:40:00,898 - httpx - INFO - HTTP Request: POST http://127.0.0.1:5000/api/v1/positionbook "HTTP/1.1 200 OK"
2026-01-15 12:40:04,151 - core.engine - ERROR - Position sync error: 'api' object has no attribute 'positions'
Traceback (most recent call last):
  File "C:\Rahul\06_Nikku\Strategies\PureOptionsBot\core\engine.py", line 328, in position_sync_task
    **trade.__dict__,
  File "C:\Rahul\06_Nikku\Strategies\PureOptionsBot\core\engine.py", line 341, in _sync_positions
    f"[TRADE CLOSED] {trade.symbol}: "
    ^^^^^^^^^^^^^^^^^^^^^
AttributeError: 'api' object has no attribute 'positions'
2026-01-15 12:40:11,931 - httpx - INFO - HTTP Request: POST http://127.0.0.1:5000/api/v1/positionbook "HTTP/1.1 200 OK"
2026-01-15 12:40:14,180 - core.engine - ERROR - Position sync error: 'api' object has no attribute 'positions'
Traceback (most recent call last):
  File "C:\Rahul\06_Nikku\Strategies\PureOptionsBot\core\engine.py", line 328, in position_sync_task
    **trade.__dict__,
  File "C:\Rahul\06_Nikku\Strategies\PureOptionsBot\core\engine.py", line 341, in _sync_positions
    f"[TRADE CLOSED] {trade.symbol}: "
    ^^^^^^^^^^^^^^^^^^^^^
AttributeError: 'api' object has no attribute 'positions'
2026-01-15 12:40:14,322 - httpx - INFO - HTTP Request: POST http://127.0.0.1:5000/api/v1/history "HTTP/1.1 200 OK"
2026-01-15 12:40:15,753 - httpx - INFO - HTTP Request: POST http://127.0.0.1:5000/api/v1/history "HTTP/1.1 200 OK"
2026-01-15 12:40:22,914 - httpx - INFO - HTTP Request: POST http://127.0.0.1:5000/api/v1/positionbook "HTTP/1.1 200 OK"
2026-01-15 12:40:24,186 - core.engine - ERROR - Position sync error: 'api' object has no attribute 'positions'
Traceback (most recent call last):
  File "C:\Rahul\06_Nikku\Strategies\PureOptionsBot\core\engine.py", line 328, in position_sync_task
    **trade.__dict__,
  File "C:\Rahul\06_Nikku\Strategies\PureOptionsBot\core\engine.py", line 341, in _sync_positions
    f"[TRADE CLOSED] {trade.symbol}: "
    ^^^^^^^^^^^^^^^^^^^^^
AttributeError: 'api' object has no attribute 'positions'
2026-01-15 12:40:33,887 - httpx - INFO - HTTP Request: POST http://127.0.0.1:5000/api/v1/positionbook "HTTP/1.1 200 OK"
2026-01-15 12:40:34,203 - core.engine - ERROR - Position sync error: 'api' object has no attribute 'positions'
Traceback (most recent call last):
  File "C:\Rahul\06_Nikku\Strategies\PureOptionsBot\core\engine.py", line 328, in position_sync_task
    **trade.__dict__,
  File "C:\Rahul\06_Nikku\Strategies\PureOptionsBot\core\engine.py", line 341, in _sync_positions
    f"[TRADE CLOSED] {trade.symbol}: "
    ^^^^^^^^^^^^^^^^^^^^^
AttributeError: 'api' object has no attribute 'positions'
2026-01-15 12:40:44,210 - core.engine - ERROR - Position sync error: 'api' object has no attribute 'positions'
Traceback (most recent call last):
  File "C:\Rahul\06_Nikku\Strategies\PureOptionsBot\core\engine.py", line 328, in position_sync_task
    **trade.__dict__,
  File "C:\Rahul\06_Nikku\Strategies\PureOptionsBot\core\engine.py", line 341, in _sync_positions
    f"[TRADE CLOSED] {trade.symbol}: "
    ^^^^^^^^^^^^^^^^^^^^^
AttributeError: 'api' object has no attribute 'positions'
2026-01-15 12:40:44,884 - httpx - INFO - HTTP Request: POST http://127.0.0.1:5000/api/v1/positionbook "HTTP/1.1 200 OK"
2026-01-15 12:40:54,227 - core.engine - ERROR - Position sync error: 'api' object has no attribute 'positions'
Traceback (most recent call last):
  File "C:\Rahul\06_Nikku\Strategies\PureOptionsBot\core\engine.py", line 328, in position_sync_task
    **trade.__dict__,
  File "C:\Rahul\06_Nikku\Strategies\PureOptionsBot\core\engine.py", line 341, in _sync_positions
    f"[TRADE CLOSED] {trade.symbol}: "
    ^^^^^^^^^^^^^^^^^^^^^
AttributeError: 'api' object has no attribute 'positions'
2026-01-15 12:40:55,904 - httpx - INFO - HTTP Request: POST http://127.0.0.1:5000/api/v1/positionbook "HTTP/1.1 200 OK"
2026-01-15 12:41:04,227 - core.engine - ERROR - Position sync error: 'api' object has no attribute 'positions'
Traceback (most recent call last):
  File "C:\Rahul\06_Nikku\Strategies\PureOptionsBot\core\engine.py", line 328, in position_sync_task
    **trade.__dict__,
  File "C:\Rahul\06_Nikku\Strategies\PureOptionsBot\core\engine.py", line 341, in _sync_positions
    f"[TRADE CLOSED] {trade.symbol}: "
    ^^^^^^^^^^^^^^^^^^^^^
AttributeError: 'api' object has no attribute 'positions'
2026-01-15 12:41:06,895 - httpx - INFO - HTTP Request: POST http://127.0.0.1:5000/api/v1/positionbook "HTTP/1.1 200 OK"
2026-01-15 12:41:14,232 - core.engine - ERROR - Position sync error: 'api' object has no attribute 'positions'
Traceback (most recent call last):
  File "C:\Rahul\06_Nikku\Strategies\PureOptionsBot\core\engine.py", line 328, in position_sync_task
    **trade.__dict__,
  File "C:\Rahul\06_Nikku\Strategies\PureOptionsBot\core\engine.py", line 341, in _sync_positions
    f"[TRADE CLOSED] {trade.symbol}: "
    ^^^^^^^^^^^^^^^^^^^^^
AttributeError: 'api' object has no attribute 'positions'
2026-01-15 12:41:17,783 - httpx - INFO - HTTP Request: POST http://127.0.0.1:5000/api/v1/history "HTTP/1.1 200 OK"
2026-01-15 12:41:18,000 - httpx - INFO - HTTP Request: POST http://127.0.0.1:5000/api/v1/positionbook "HTTP/1.1 200 OK"
2026-01-15 12:41:19,223 - httpx - INFO - HTTP Request: POST http://127.0.0.1:5000/api/v1/history "HTTP/1.1 200 OK"
2026-01-15 12:41:24,257 - core.engine - ERROR - Position sync error: 'api' object has no attribute 'positions'
Traceback (most recent call last):
  File "C:\Rahul\06_Nikku\Strategies\PureOptionsBot\core\engine.py", line 328, in position_sync_task
    **trade.__dict__,
  File "C:\Rahul\06_Nikku\Strategies\PureOptionsBot\core\engine.py", line 341, in _sync_positions
    f"[TRADE CLOSED] {trade.symbol}: "
    ^^^^^^^^^^^^^^^^^^^^^
AttributeError: 'api' object has no attribute 'positions'
2026-01-15 12:41:29,001 - httpx - INFO - HTTP Request: POST http://127.0.0.1:5000/api/v1/positionbook "HTTP/1.1 200 OK"
2026-01-15 12:41:34,266 - core.engine - ERROR - Position sync error: 'api' object has no attribute 'positions'
Traceback (most recent call last):
  File "C:\Rahul\06_Nikku\Strategies\PureOptionsBot\core\engine.py", line 328, in position_sync_task
    **trade.__dict__,
  File "C:\Rahul\06_Nikku\Strategies\PureOptionsBot\core\engine.py", line 341, in _sync_positions
    f"[TRADE CLOSED] {trade.symbol}: "
    ^^^^^^^^^^^^^^^^^^^^^
AttributeError: 'api' object has no attribute 'positions'
2026-01-15 12:41:40,035 - httpx - INFO - HTTP Request: POST http://127.0.0.1:5000/api/v1/positionbook "HTTP/1.1 200 OK"
2026-01-15 12:41:44,282 - core.engine - ERROR - Position sync error: 'api' object has no attribute 'positions'
Traceback (most recent call last):
  File "C:\Rahul\06_Nikku\Strategies\PureOptionsBot\core\engine.py", line 328, in position_sync_task
    **trade.__dict__,
  File "C:\Rahul\06_Nikku\Strategies\PureOptionsBot\core\engine.py", line 341, in _sync_positions
    f"[TRADE CLOSED] {trade.symbol}: "
    ^^^^^^^^^^^^^^^^^^^^^
AttributeError: 'api' object has no attribute 'positions'
2026-01-15 12:41:51,110 - httpx - INFO - HTTP Request: POST http://127.0.0.1:5000/api/v1/positionbook "HTTP/1.1 200 OK"
2026-01-15 12:41:54,307 - core.engine - ERROR - Position sync error: 'api' object has no attribute 'positions'
Traceback (most recent call last):
  File "C:\Rahul\06_Nikku\Strategies\PureOptionsBot\core\engine.py", line 328, in position_sync_task
    **trade.__dict__,
  File "C:\Rahul\06_Nikku\Strategies\PureOptionsBot\core\engine.py", line 341, in _sync_positions
    f"[TRADE CLOSED] {trade.symbol}: "
    ^^^^^^^^^^^^^^^^^^^^^
AttributeError: 'api' object has no attribute 'positions'
2026-01-15 12:42:02,302 - httpx - INFO - HTTP Request: POST http://127.0.0.1:5000/api/v1/positionbook "HTTP/1.1 200 OK"
2026-01-15 12:42:04,336 - core.engine - ERROR - Position sync error: 'api' object has no attribute 'positions'
Traceback (most recent call last):
  File "C:\Rahul\06_Nikku\Strategies\PureOptionsBot\core\engine.py", line 328, in position_sync_task
    **trade.__dict__,
  File "C:\Rahul\06_Nikku\Strategies\PureOptionsBot\core\engine.py", line 341, in _sync_positions
    f"[TRADE CLOSED] {trade.symbol}: "
    ^^^^^^^^^^^^^^^^^^^^^
AttributeError: 'api' object has no attribute 'positions'
2026-01-15 12:42:13,217 - httpx - INFO - HTTP Request: POST http://127.0.0.1:5000/api/v1/positionbook "HTTP/1.1 200 OK"
2026-01-15 12:42:14,338 - core.engine - ERROR - Position sync error: 'api' object has no attribute 'positions'
Traceback (most recent call last):
  File "C:\Rahul\06_Nikku\Strategies\PureOptionsBot\core\engine.py", line 328, in position_sync_task
    **trade.__dict__,
  File "C:\Rahul\06_Nikku\Strategies\PureOptionsBot\core\engine.py", line 341, in _sync_positions
    f"[TRADE CLOSED] {trade.symbol}: "
    ^^^^^^^^^^^^^^^^^^^^^
AttributeError: 'api' object has no attribute 'positions'
2026-01-15 12:42:21,272 - httpx - INFO - HTTP Request: POST http://127.0.0.1:5000/api/v1/history "HTTP/1.1 200 OK"
2026-01-15 12:42:22,728 - httpx - INFO - HTTP Request: POST http://127.0.0.1:5000/api/v1/history "HTTP/1.1 200 OK"
2026-01-15 12:42:24,208 - httpx - INFO - HTTP Request: POST http://127.0.0.1:5000/api/v1/positionbook "HTTP/1.1 200 OK"
2026-01-15 12:42:24,338 - core.engine - ERROR - Position sync error: 'api' object has no attribute 'positions'
Traceback (most recent call last):
  File "C:\Rahul\06_Nikku\Strategies\PureOptionsBot\core\engine.py", line 328, in position_sync_task
    **trade.__dict__,
  File "C:\Rahul\06_Nikku\Strategies\PureOptionsBot\core\engine.py", line 341, in _sync_positions
    f"[TRADE CLOSED] {trade.symbol}: "
    ^^^^^^^^^^^^^^^^^^^^^
AttributeError: 'api' object has no attribute 'positions'
2026-01-15 12:42:34,352 - core.engine - ERROR - Position sync error: 'api' object has no attribute 'positions'
Traceback (most recent call last):
  File "C:\Rahul\06_Nikku\Strategies\PureOptionsBot\core\engine.py", line 328, in position_sync_task
    **trade.__dict__,
  File "C:\Rahul\06_Nikku\Strategies\PureOptionsBot\core\engine.py", line 341, in _sync_positions
    f"[TRADE CLOSED] {trade.symbol}: "
    ^^^^^^^^^^^^^^^^^^^^^
AttributeError: 'api' object has no attribute 'positions'
2026-01-15 12:42:35,211 - httpx - INFO - HTTP Request: POST http://127.0.0.1:5000/api/v1/positionbook "HTTP/1.1 200 OK"
2026-01-15 12:42:44,343 - core.engine - ERROR - Position sync error: 'api' object has no attribute 'positions'
Traceback (most recent call last):
  File "C:\Rahul\06_Nikku\Strategies\PureOptionsBot\core\engine.py", line 328, in position_sync_task
    **trade.__dict__,
  File "C:\Rahul\06_Nikku\Strategies\PureOptionsBot\core\engine.py", line 341, in _sync_positions
    f"[TRADE CLOSED] {trade.symbol}: "
    ^^^^^^^^^^^^^^^^^^^^^
AttributeError: 'api' object has no attribute 'positions'
2026-01-15 12:42:46,028 - httpx - INFO - HTTP Request: POST http://127.0.0.1:5000/api/v1/positionbook "HTTP/1.1 200 OK"
2026-01-15 12:42:54,354 - core.engine - ERROR - Position sync error: 'api' object has no attribute 'positions'
Traceback (most recent call last):
  File "C:\Rahul\06_Nikku\Strategies\PureOptionsBot\core\engine.py", line 328, in position_sync_task
    **trade.__dict__,
  File "C:\Rahul\06_Nikku\Strategies\PureOptionsBot\core\engine.py", line 341, in _sync_positions
    f"[TRADE CLOSED] {trade.symbol}: "
    ^^^^^^^^^^^^^^^^^^^^^
AttributeError: 'api' object has no attribute 'positions'
2026-01-15 12:42:57,110 - httpx - INFO - HTTP Request: POST http://127.0.0.1:5000/api/v1/positionbook "HTTP/1.1 200 OK"
2026-01-15 12:43:04,373 - core.engine - ERROR - Position sync error: 'api' object has no attribute 'positions'
Traceback (most recent call last):
  File "C:\Rahul\06_Nikku\Strategies\PureOptionsBot\core\engine.py", line 328, in position_sync_task
    **trade.__dict__,
  File "C:\Rahul\06_Nikku\Strategies\PureOptionsBot\core\engine.py", line 341, in _sync_positions
    f"[TRADE CLOSED] {trade.symbol}: "
    ^^^^^^^^^^^^^^^^^^^^^
AttributeError: 'api' object has no attribute 'positions'
2026-01-15 12:43:08,120 - httpx - INFO - HTTP Request: POST http://127.0.0.1:5000/api/v1/positionbook "HTTP/1.1 200 OK"
2026-01-15 12:43:14,397 - core.engine - ERROR - Position sync error: 'api' object has no attribute 'positions'
Traceback (most recent call last):
  File "C:\Rahul\06_Nikku\Strategies\PureOptionsBot\core\engine.py", line 328, in position_sync_task
    **trade.__dict__,
  File "C:\Rahul\06_Nikku\Strategies\PureOptionsBot\core\engine.py", line 341, in _sync_positions
    f"[TRADE CLOSED] {trade.symbol}: "
    ^^^^^^^^^^^^^^^^^^^^^
AttributeError: 'api' object has no attribute 'positions'
2026-01-15 12:43:19,148 - httpx - INFO - HTTP Request: POST http://127.0.0.1:5000/api/v1/positionbook "HTTP/1.1 200 OK"
2026-01-15 12:43:24,409 - core.engine - ERROR - Position sync error: 'api' object has no attribute 'positions'
Traceback (most recent call last):
  File "C:\Rahul\06_Nikku\Strategies\PureOptionsBot\core\engine.py", line 328, in position_sync_task
    **trade.__dict__,
  File "C:\Rahul\06_Nikku\Strategies\PureOptionsBot\core\engine.py", line 341, in _sync_positions
    f"[TRADE CLOSED] {trade.symbol}: "
    ^^^^^^^^^^^^^^^^^^^^^
AttributeError: 'api' object has no attribute 'positions'
2026-01-15 12:43:24,871 - httpx - INFO - HTTP Request: POST http://127.0.0.1:5000/api/v1/history "HTTP/1.1 200 OK"
2026-01-15 12:43:26,315 - httpx - INFO - HTTP Request: POST http://127.0.0.1:5000/api/v1/history "HTTP/1.1 200 OK"
2026-01-15 12:43:30,165 - httpx - INFO - HTTP Request: POST http://127.0.0.1:5000/api/v1/positionbook "HTTP/1.1 200 OK"
2026-01-15 12:43:34,430 - core.engine - ERROR - Position sync error: 'api' object has no attribute 'positions'
Traceback (most recent call last):
  File "C:\Rahul\06_Nikku\Strategies\PureOptionsBot\core\engine.py", line 328, in position_sync_task
    **trade.__dict__,
  File "C:\Rahul\06_Nikku\Strategies\PureOptionsBot\core\engine.py", line 341, in _sync_positions
    f"[TRADE CLOSED] {trade.symbol}: "
    ^^^^^^^^^^^^^^^^^^^^^
AttributeError: 'api' object has no attribute 'positions'
2026-01-15 12:43:41,148 - httpx - INFO - HTTP Request: POST http://127.0.0.1:5000/api/v1/positionbook "HTTP/1.1 200 OK"
2026-01-15 12:43:44,445 - core.engine - ERROR - Position sync error: 'api' object has no attribute 'positions'
Traceback (most recent call last):
  File "C:\Rahul\06_Nikku\Strategies\PureOptionsBot\core\engine.py", line 328, in position_sync_task
    **trade.__dict__,
  File "C:\Rahul\06_Nikku\Strategies\PureOptionsBot\core\engine.py", line 341, in _sync_positions
    f"[TRADE CLOSED] {trade.symbol}: "
    ^^^^^^^^^^^^^^^^^^^^^
AttributeError: 'api' object has no attribute 'positions'
2026-01-15 12:43:52,166 - httpx - INFO - HTTP Request: POST http://127.0.0.1:5000/api/v1/positionbook "HTTP/1.1 200 OK"
2026-01-15 12:43:54,455 - core.engine - ERROR - Position sync error: 'api' object has no attribute 'positions'
Traceback (most recent call last):
  File "C:\Rahul\06_Nikku\Strategies\PureOptionsBot\core\engine.py", line 328, in position_sync_task
    **trade.__dict__,
  File "C:\Rahul\06_Nikku\Strategies\PureOptionsBot\core\engine.py", line 341, in _sync_positions
    f"[TRADE CLOSED] {trade.symbol}: "
    ^^^^^^^^^^^^^^^^^^^^^
AttributeError: 'api' object has no attribute 'positions'
2026-01-15 12:44:03,098 - httpx - INFO - HTTP Request: POST http://127.0.0.1:5000/api/v1/positionbook "HTTP/1.1 200 OK"
2026-01-15 12:44:04,470 - core.engine - ERROR - Position sync error: 'api' object has no attribute 'positions'
Traceback (most recent call last):
  File "C:\Rahul\06_Nikku\Strategies\PureOptionsBot\core\engine.py", line 328, in position_sync_task
    **trade.__dict__,
  File "C:\Rahul\06_Nikku\Strategies\PureOptionsBot\core\engine.py", line 341, in _sync_positions
    f"[TRADE CLOSED] {trade.symbol}: "
    ^^^^^^^^^^^^^^^^^^^^^
AttributeError: 'api' object has no attribute 'positions'
2026-01-15 12:44:14,080 - httpx - INFO - HTTP Request: POST http://127.0.0.1:5000/api/v1/positionbook "HTTP/1.1 200 OK"
2026-01-15 12:44:14,478 - core.engine - ERROR - Position sync error: 'api' object has no attribute 'positions'
Traceback (most recent call last):
  File "C:\Rahul\06_Nikku\Strategies\PureOptionsBot\core\engine.py", line 328, in position_sync_task
    **trade.__dict__,
  File "C:\Rahul\06_Nikku\Strategies\PureOptionsBot\core\engine.py", line 341, in _sync_positions
    f"[TRADE CLOSED] {trade.symbol}: "
    ^^^^^^^^^^^^^^^^^^^^^
AttributeError: 'api' object has no attribute 'positions'
2026-01-15 12:44:24,494 - core.engine - ERROR - Position sync error: 'api' object has no attribute 'positions'
Traceback (most recent call last):
  File "C:\Rahul\06_Nikku\Strategies\PureOptionsBot\core\engine.py", line 328, in position_sync_task
    **trade.__dict__,
  File "C:\Rahul\06_Nikku\Strategies\PureOptionsBot\core\engine.py", line 341, in _sync_positions
    f"[TRADE CLOSED] {trade.symbol}: "
    ^^^^^^^^^^^^^^^^^^^^^
AttributeError: 'api' object has no attribute 'positions'
2026-01-15 12:44:25,077 - httpx - INFO - HTTP Request: POST http://127.0.0.1:5000/api/v1/positionbook "HTTP/1.1 200 OK"
2026-01-15 12:44:28,239 - httpx - INFO - HTTP Request: POST http://127.0.0.1:5000/api/v1/history "HTTP/1.1 200 OK"
2026-01-15 12:44:29,607 - httpx - INFO - HTTP Request: POST http://127.0.0.1:5000/api/v1/history "HTTP/1.1 200 OK"
2026-01-15 12:44:34,517 - core.engine - ERROR - Position sync error: 'api' object has no attribute 'positions'
Traceback (most recent call last):
  File "C:\Rahul\06_Nikku\Strategies\PureOptionsBot\core\engine.py", line 328, in position_sync_task
    **trade.__dict__,
  File "C:\Rahul\06_Nikku\Strategies\PureOptionsBot\core\engine.py", line 341, in _sync_positions
    f"[TRADE CLOSED] {trade.symbol}: "
    ^^^^^^^^^^^^^^^^^^^^^
AttributeError: 'api' object has no attribute 'positions'
2026-01-15 12:44:36,099 - httpx - INFO - HTTP Request: POST http://127.0.0.1:5000/api/v1/positionbook "HTTP/1.1 200 OK"
2026-01-15 12:44:44,530 - core.engine - ERROR - Position sync error: 'api' object has no attribute 'positions'
Traceback (most recent call last):
  File "C:\Rahul\06_Nikku\Strategies\PureOptionsBot\core\engine.py", line 328, in position_sync_task
    **trade.__dict__,
  File "C:\Rahul\06_Nikku\Strategies\PureOptionsBot\core\engine.py", line 341, in _sync_positions
    f"[TRADE CLOSED] {trade.symbol}: "
    ^^^^^^^^^^^^^^^^^^^^^
AttributeError: 'api' object has no attribute 'positions'
2026-01-15 12:44:47,103 - httpx - INFO - HTTP Request: POST http://127.0.0.1:5000/api/v1/positionbook "HTTP/1.1 200 OK"
2026-01-15 12:44:54,537 - core.engine - ERROR - Position sync error: 'api' object has no attribute 'positions'
Traceback (most recent call last):
  File "C:\Rahul\06_Nikku\Strategies\PureOptionsBot\core\engine.py", line 328, in position_sync_task
    **trade.__dict__,
  File "C:\Rahul\06_Nikku\Strategies\PureOptionsBot\core\engine.py", line 341, in _sync_positions
    f"[TRADE CLOSED] {trade.symbol}: "
    ^^^^^^^^^^^^^^^^^^^^^
AttributeError: 'api' object has no attribute 'positions'
2026-01-15 12:44:58,110 - httpx - INFO - HTTP Request: POST http://127.0.0.1:5000/api/v1/positionbook "HTTP/1.1 200 OK"
2026-01-15 12:45:04,541 - core.engine - ERROR - Position sync error: 'api' object has no attribute 'positions'
Traceback (most recent call last):
  File "C:\Rahul\06_Nikku\Strategies\PureOptionsBot\core\engine.py", line 328, in position_sync_task
    **trade.__dict__,
  File "C:\Rahul\06_Nikku\Strategies\PureOptionsBot\core\engine.py", line 341, in _sync_positions
    f"[TRADE CLOSED] {trade.symbol}: "
    ^^^^^^^^^^^^^^^^^^^^^
AttributeError: 'api' object has no attribute 'positions'
2026-01-15 12:45:09,117 - httpx - INFO - HTTP Request: POST http://127.0.0.1:5000/api/v1/positionbook "HTTP/1.1 200 OK"
2026-01-15 12:45:14,554 - core.engine - ERROR - Position sync error: 'api' object has no attribute 'positions'
Traceback (most recent call last):
  File "C:\Rahul\06_Nikku\Strategies\PureOptionsBot\core\engine.py", line 328, in position_sync_task
    **trade.__dict__,
  File "C:\Rahul\06_Nikku\Strategies\PureOptionsBot\core\engine.py", line 341, in _sync_positions
    f"[TRADE CLOSED] {trade.symbol}: "
    ^^^^^^^^^^^^^^^^^^^^^
AttributeError: 'api' object has no attribute 'positions'
2026-01-15 12:45:20,070 - httpx - INFO - HTTP Request: POST http://127.0.0.1:5000/api/v1/positionbook "HTTP/1.1 200 OK"
2026-01-15 12:45:24,565 - core.engine - ERROR - Position sync error: 'api' object has no attribute 'positions'
Traceback (most recent call last):
  File "C:\Rahul\06_Nikku\Strategies\PureOptionsBot\core\engine.py", line 328, in position_sync_task
    **trade.__dict__,
  File "C:\Rahul\06_Nikku\Strategies\PureOptionsBot\core\engine.py", line 341, in _sync_positions
    f"[TRADE CLOSED] {trade.symbol}: "
    ^^^^^^^^^^^^^^^^^^^^^
AttributeError: 'api' object has no attribute 'positions'
2026-01-15 12:45:31,341 - httpx - INFO - HTTP Request: POST http://127.0.0.1:5000/api/v1/positionbook "HTTP/1.1 200 OK"
2026-01-15 12:45:31,843 - httpx - INFO - HTTP Request: POST http://127.0.0.1:5000/api/v1/history "HTTP/1.1 200 OK"
2026-01-15 12:45:33,388 - httpx - INFO - HTTP Request: POST http://127.0.0.1:5000/api/v1/history "HTTP/1.1 200 OK"
2026-01-15 12:45:34,581 - core.engine - ERROR - Position sync error: 'api' object has no attribute 'positions'
Traceback (most recent call last):
  File "C:\Rahul\06_Nikku\Strategies\PureOptionsBot\core\engine.py", line 328, in position_sync_task
    **trade.__dict__,
  File "C:\Rahul\06_Nikku\Strategies\PureOptionsBot\core\engine.py", line 341, in _sync_positions
    f"[TRADE CLOSED] {trade.symbol}: "
    ^^^^^^^^^^^^^^^^^^^^^
AttributeError: 'api' object has no attribute 'positions'
2026-01-15 12:45:42,299 - httpx - INFO - HTTP Request: POST http://127.0.0.1:5000/api/v1/positionbook "HTTP/1.1 200 OK"
2026-01-15 12:45:44,599 - core.engine - ERROR - Position sync error: 'api' object has no attribute 'positions'
Traceback (most recent call last):
  File "C:\Rahul\06_Nikku\Strategies\PureOptionsBot\core\engine.py", line 328, in position_sync_task
    **trade.__dict__,
  File "C:\Rahul\06_Nikku\Strategies\PureOptionsBot\core\engine.py", line 341, in _sync_positions
    f"[TRADE CLOSED] {trade.symbol}: "
    ^^^^^^^^^^^^^^^^^^^^^
AttributeError: 'api' object has no attribute 'positions'
2026-01-15 12:45:53,305 - httpx - INFO - HTTP Request: POST http://127.0.0.1:5000/api/v1/positionbook "HTTP/1.1 200 OK"
2026-01-15 12:45:54,606 - core.engine - ERROR - Position sync error: 'api' object has no attribute 'positions'
Traceback (most recent call last):
  File "C:\Rahul\06_Nikku\Strategies\PureOptionsBot\core\engine.py", line 328, in position_sync_task
    **trade.__dict__,
  File "C:\Rahul\06_Nikku\Strategies\PureOptionsBot\core\engine.py", line 341, in _sync_positions
    f"[TRADE CLOSED] {trade.symbol}: "
    ^^^^^^^^^^^^^^^^^^^^^
AttributeError: 'api' object has no attribute 'positions'
2026-01-15 12:46:04,304 - httpx - INFO - HTTP Request: POST http://127.0.0.1:5000/api/v1/positionbook "HTTP/1.1 200 OK"
2026-01-15 12:46:04,623 - core.engine - ERROR - Position sync error: 'api' object has no attribute 'positions'
Traceback (most recent call last):
  File "C:\Rahul\06_Nikku\Strategies\PureOptionsBot\core\engine.py", line 328, in position_sync_task
    **trade.__dict__,
  File "C:\Rahul\06_Nikku\Strategies\PureOptionsBot\core\engine.py", line 341, in _sync_positions
    f"[TRADE CLOSED] {trade.symbol}: "
    ^^^^^^^^^^^^^^^^^^^^^
AttributeError: 'api' object has no attribute 'positions'
2026-01-15 12:46:14,636 - core.engine - ERROR - Position sync error: 'api' object has no attribute 'positions'
Traceback (most recent call last):
  File "C:\Rahul\06_Nikku\Strategies\PureOptionsBot\core\engine.py", line 328, in position_sync_task
    **trade.__dict__,
  File "C:\Rahul\06_Nikku\Strategies\PureOptionsBot\core\engine.py", line 341, in _sync_positions
    f"[TRADE CLOSED] {trade.symbol}: "
    ^^^^^^^^^^^^^^^^^^^^^
AttributeError: 'api' object has no attribute 'positions'
2026-01-15 12:46:15,282 - httpx - INFO - HTTP Request: POST http://127.0.0.1:5000/api/v1/positionbook "HTTP/1.1 200 OK"
2026-01-15 12:46:24,660 - core.engine - ERROR - Position sync error: 'api' object has no attribute 'positions'
Traceback (most recent call last):
  File "C:\Rahul\06_Nikku\Strategies\PureOptionsBot\core\engine.py", line 328, in position_sync_task
    **trade.__dict__,
  File "C:\Rahul\06_Nikku\Strategies\PureOptionsBot\core\engine.py", line 341, in _sync_positions
    f"[TRADE CLOSED] {trade.symbol}: "
    ^^^^^^^^^^^^^^^^^^^^^
AttributeError: 'api' object has no attribute 'positions'
2026-01-15 12:46:26,303 - httpx - INFO - HTTP Request: POST http://127.0.0.1:5000/api/v1/positionbook "HTTP/1.1 200 OK"
2026-01-15 12:46:34,674 - core.engine - ERROR - Position sync error: 'api' object has no attribute 'positions'
Traceback (most recent call last):
  File "C:\Rahul\06_Nikku\Strategies\PureOptionsBot\core\engine.py", line 328, in position_sync_task
    **trade.__dict__,
  File "C:\Rahul\06_Nikku\Strategies\PureOptionsBot\core\engine.py", line 341, in _sync_positions
    f"[TRADE CLOSED] {trade.symbol}: "
    ^^^^^^^^^^^^^^^^^^^^^
AttributeError: 'api' object has no attribute 'positions'
2026-01-15 12:46:35,218 - httpx - INFO - HTTP Request: POST http://127.0.0.1:5000/api/v1/history "HTTP/1.1 200 OK"
2026-01-15 12:46:36,636 - httpx - INFO - HTTP Request: POST http://127.0.0.1:5000/api/v1/history "HTTP/1.1 200 OK"
2026-01-15 12:46:37,303 - httpx - INFO - HTTP Request: POST http://127.0.0.1:5000/api/v1/positionbook "HTTP/1.1 200 OK"
2026-01-15 12:46:44,687 - core.engine - ERROR - Position sync error: 'api' object has no attribute 'positions'
Traceback (most recent call last):
  File "C:\Rahul\06_Nikku\Strategies\PureOptionsBot\core\engine.py", line 328, in position_sync_task
    **trade.__dict__,
  File "C:\Rahul\06_Nikku\Strategies\PureOptionsBot\core\engine.py", line 341, in _sync_positions
    f"[TRADE CLOSED] {trade.symbol}: "
    ^^^^^^^^^^^^^^^^^^^^^
AttributeError: 'api' object has no attribute 'positions'
2026-01-15 12:46:48,399 - httpx - INFO - HTTP Request: POST http://127.0.0.1:5000/api/v1/positionbook "HTTP/1.1 200 OK"
2026-01-15 12:46:54,700 - core.engine - ERROR - Position sync error: 'api' object has no attribute 'positions'
Traceback (most recent call last):
  File "C:\Rahul\06_Nikku\Strategies\PureOptionsBot\core\engine.py", line 328, in position_sync_task
    **trade.__dict__,
  File "C:\Rahul\06_Nikku\Strategies\PureOptionsBot\core\engine.py", line 341, in _sync_positions
    f"[TRADE CLOSED] {trade.symbol}: "
    ^^^^^^^^^^^^^^^^^^^^^
AttributeError: 'api' object has no attribute 'positions'
2026-01-15 12:46:59,420 - httpx - INFO - HTTP Request: POST http://127.0.0.1:5000/api/v1/positionbook "HTTP/1.1 200 OK"
2026-01-15 12:47:04,714 - core.engine - ERROR - Position sync error: 'api' object has no attribute 'positions'
Traceback (most recent call last):
  File "C:\Rahul\06_Nikku\Strategies\PureOptionsBot\core\engine.py", line 328, in position_sync_task
    **trade.__dict__,
  File "C:\Rahul\06_Nikku\Strategies\PureOptionsBot\core\engine.py", line 341, in _sync_positions
    f"[TRADE CLOSED] {trade.symbol}: "
    ^^^^^^^^^^^^^^^^^^^^^
AttributeError: 'api' object has no attribute 'positions'
2026-01-15 12:47:10,521 - httpx - INFO - HTTP Request: POST http://127.0.0.1:5000/api/v1/positionbook "HTTP/1.1 200 OK"
2026-01-15 12:47:14,729 - core.engine - ERROR - Position sync error: 'api' object has no attribute 'positions'
Traceback (most recent call last):
  File "C:\Rahul\06_Nikku\Strategies\PureOptionsBot\core\engine.py", line 328, in position_sync_task
    **trade.__dict__,
  File "C:\Rahul\06_Nikku\Strategies\PureOptionsBot\core\engine.py", line 341, in _sync_positions
    f"[TRADE CLOSED] {trade.symbol}: "
    ^^^^^^^^^^^^^^^^^^^^^
AttributeError: 'api' object has no attribute 'positions'
2026-01-15 12:47:21,617 - httpx - INFO - HTTP Request: POST http://127.0.0.1:5000/api/v1/positionbook "HTTP/1.1 200 OK"
2026-01-15 12:47:24,747 - core.engine - ERROR - Position sync error: 'api' object has no attribute 'positions'
Traceback (most recent call last):
  File "C:\Rahul\06_Nikku\Strategies\PureOptionsBot\core\engine.py", line 328, in position_sync_task
    **trade.__dict__,
  File "C:\Rahul\06_Nikku\Strategies\PureOptionsBot\core\engine.py", line 341, in _sync_positions
    f"[TRADE CLOSED] {trade.symbol}: "
    ^^^^^^^^^^^^^^^^^^^^^
AttributeError: 'api' object has no attribute 'positions'
2026-01-15 12:47:32,678 - httpx - INFO - HTTP Request: POST http://127.0.0.1:5000/api/v1/positionbook "HTTP/1.1 200 OK"
2026-01-15 12:47:34,754 - core.engine - ERROR - Position sync error: 'api' object has no attribute 'positions'
Traceback (most recent call last):
  File "C:\Rahul\06_Nikku\Strategies\PureOptionsBot\core\engine.py", line 328, in position_sync_task
    **trade.__dict__,
  File "C:\Rahul\06_Nikku\Strategies\PureOptionsBot\core\engine.py", line 341, in _sync_positions
    f"[TRADE CLOSED] {trade.symbol}: "
    ^^^^^^^^^^^^^^^^^^^^^
AttributeError: 'api' object has no attribute 'positions'
2026-01-15 12:47:38,530 - httpx - INFO - HTTP Request: POST http://127.0.0.1:5000/api/v1/history "HTTP/1.1 200 OK"
2026-01-15 12:47:39,965 - httpx - INFO - HTTP Request: POST http://127.0.0.1:5000/api/v1/history "HTTP/1.1 200 OK"
2026-01-15 12:47:43,684 - httpx - INFO - HTTP Request: POST http://127.0.0.1:5000/api/v1/positionbook "HTTP/1.1 200 OK"
2026-01-15 12:47:44,772 - core.engine - ERROR - Position sync error: 'api' object has no attribute 'positions'
Traceback (most recent call last):
  File "C:\Rahul\06_Nikku\Strategies\PureOptionsBot\core\engine.py", line 328, in position_sync_task
    **trade.__dict__,
  File "C:\Rahul\06_Nikku\Strategies\PureOptionsBot\core\engine.py", line 341, in _sync_positions
    f"[TRADE CLOSED] {trade.symbol}: "
    ^^^^^^^^^^^^^^^^^^^^^
AttributeError: 'api' object has no attribute 'positions'
2026-01-15 12:47:54,696 - httpx - INFO - HTTP Request: POST http://127.0.0.1:5000/api/v1/positionbook "HTTP/1.1 200 OK"
2026-01-15 12:47:54,788 - core.engine - ERROR - Position sync error: 'api' object has no attribute 'positions'
Traceback (most recent call last):
  File "C:\Rahul\06_Nikku\Strategies\PureOptionsBot\core\engine.py", line 328, in position_sync_task
    **trade.__dict__,
  File "C:\Rahul\06_Nikku\Strategies\PureOptionsBot\core\engine.py", line 341, in _sync_positions
    f"[TRADE CLOSED] {trade.symbol}: "
    ^^^^^^^^^^^^^^^^^^^^^
AttributeError: 'api' object has no attribute 'positions'
2026-01-15 12:48:04,799 - core.engine - ERROR - Position sync error: 'api' object has no attribute 'positions'
Traceback (most recent call last):
  File "C:\Rahul\06_Nikku\Strategies\PureOptionsBot\core\engine.py", line 328, in position_sync_task
    **trade.__dict__,
  File "C:\Rahul\06_Nikku\Strategies\PureOptionsBot\core\engine.py", line 341, in _sync_positions
    f"[TRADE CLOSED] {trade.symbol}: "
    ^^^^^^^^^^^^^^^^^^^^^
AttributeError: 'api' object has no attribute 'positions'
2026-01-15 12:48:05,690 - httpx - INFO - HTTP Request: POST http://127.0.0.1:5000/api/v1/positionbook "HTTP/1.1 200 OK"
2026-01-15 12:48:14,820 - core.engine - ERROR - Position sync error: 'api' object has no attribute 'positions'
Traceback (most recent call last):
  File "C:\Rahul\06_Nikku\Strategies\PureOptionsBot\core\engine.py", line 328, in position_sync_task
    **trade.__dict__,
  File "C:\Rahul\06_Nikku\Strategies\PureOptionsBot\core\engine.py", line 341, in _sync_positions
    f"[TRADE CLOSED] {trade.symbol}: "
    ^^^^^^^^^^^^^^^^^^^^^
AttributeError: 'api' object has no attribute 'positions'
2026-01-15 12:48:16,651 - httpx - INFO - HTTP Request: POST http://127.0.0.1:5000/api/v1/positionbook "HTTP/1.1 200 OK"
2026-01-15 12:48:24,828 - core.engine - ERROR - Position sync error: 'api' object has no attribute 'positions'
Traceback (most recent call last):
  File "C:\Rahul\06_Nikku\Strategies\PureOptionsBot\core\engine.py", line 328, in position_sync_task
    **trade.__dict__,
  File "C:\Rahul\06_Nikku\Strategies\PureOptionsBot\core\engine.py", line 341, in _sync_positions
    f"[TRADE CLOSED] {trade.symbol}: "
    ^^^^^^^^^^^^^^^^^^^^^
AttributeError: 'api' object has no attribute 'positions'
2026-01-15 12:48:27,639 - httpx - INFO - HTTP Request: POST http://127.0.0.1:5000/api/v1/positionbook "HTTP/1.1 200 OK"
2026-01-15 12:48:34,843 - core.engine - ERROR - Position sync error: 'api' object has no attribute 'positions'
Traceback (most recent call last):
  File "C:\Rahul\06_Nikku\Strategies\PureOptionsBot\core\engine.py", line 328, in position_sync_task
    **trade.__dict__,
  File "C:\Rahul\06_Nikku\Strategies\PureOptionsBot\core\engine.py", line 341, in _sync_positions
    f"[TRADE CLOSED] {trade.symbol}: "
    ^^^^^^^^^^^^^^^^^^^^^
AttributeError: 'api' object has no attribute 'positions'
2026-01-15 12:48:38,791 - httpx - INFO - HTTP Request: POST http://127.0.0.1:5000/api/v1/positionbook "HTTP/1.1 200 OK"
2026-01-15 12:48:42,069 - httpx - INFO - HTTP Request: POST http://127.0.0.1:5000/api/v1/history "HTTP/1.1 200 OK"
2026-01-15 12:48:43,953 - httpx - INFO - HTTP Request: POST http://127.0.0.1:5000/api/v1/history "HTTP/1.1 200 OK"
2026-01-15 12:48:44,853 - core.engine - ERROR - Position sync error: 'api' object has no attribute 'positions'
Traceback (most recent call last):
  File "C:\Rahul\06_Nikku\Strategies\PureOptionsBot\core\engine.py", line 328, in position_sync_task
    **trade.__dict__,
  File "C:\Rahul\06_Nikku\Strategies\PureOptionsBot\core\engine.py", line 341, in _sync_positions
    f"[TRADE CLOSED] {trade.symbol}: "
    ^^^^^^^^^^^^^^^^^^^^^
AttributeError: 'api' object has no attribute 'positions'
2026-01-15 12:48:49,813 - httpx - INFO - HTTP Request: POST http://127.0.0.1:5000/api/v1/positionbook "HTTP/1.1 200 OK"
2026-01-15 12:48:54,856 - core.engine - ERROR - Position sync error: 'api' object has no attribute 'positions'
Traceback (most recent call last):
  File "C:\Rahul\06_Nikku\Strategies\PureOptionsBot\core\engine.py", line 328, in position_sync_task
    **trade.__dict__,
  File "C:\Rahul\06_Nikku\Strategies\PureOptionsBot\core\engine.py", line 341, in _sync_positions
    f"[TRADE CLOSED] {trade.symbol}: "
    ^^^^^^^^^^^^^^^^^^^^^
AttributeError: 'api' object has no attribute 'positions'
2026-01-15 12:49:01,032 - httpx - INFO - HTTP Request: POST http://127.0.0.1:5000/api/v1/positionbook "HTTP/1.1 200 OK"
2026-01-15 12:49:04,882 - core.engine - ERROR - Position sync error: 'api' object has no attribute 'positions'
Traceback (most recent call last):
  File "C:\Rahul\06_Nikku\Strategies\PureOptionsBot\core\engine.py", line 328, in position_sync_task
    **trade.__dict__,
  File "C:\Rahul\06_Nikku\Strategies\PureOptionsBot\core\engine.py", line 341, in _sync_positions
    f"[TRADE CLOSED] {trade.symbol}: "
    ^^^^^^^^^^^^^^^^^^^^^
AttributeError: 'api' object has no attribute 'positions'
2026-01-15 12:49:11,746 - httpx - INFO - HTTP Request: POST http://127.0.0.1:5000/api/v1/positionbook "HTTP/1.1 200 OK"
2026-01-15 12:49:14,898 - core.engine - ERROR - Position sync error: 'api' object has no attribute 'positions'
Traceback (most recent call last):
  File "C:\Rahul\06_Nikku\Strategies\PureOptionsBot\core\engine.py", line 328, in position_sync_task
    **trade.__dict__,
  File "C:\Rahul\06_Nikku\Strategies\PureOptionsBot\core\engine.py", line 341, in _sync_positions
    f"[TRADE CLOSED] {trade.symbol}: "
    ^^^^^^^^^^^^^^^^^^^^^
AttributeError: 'api' object has no attribute 'positions'
2026-01-15 12:49:22,746 - httpx - INFO - HTTP Request: POST http://127.0.0.1:5000/api/v1/positionbook "HTTP/1.1 200 OK"
2026-01-15 12:49:24,917 - core.engine - ERROR - Position sync error: 'api' object has no attribute 'positions'
Traceback (most recent call last):
  File "C:\Rahul\06_Nikku\Strategies\PureOptionsBot\core\engine.py", line 328, in position_sync_task
    **trade.__dict__,
  File "C:\Rahul\06_Nikku\Strategies\PureOptionsBot\core\engine.py", line 341, in _sync_positions
    f"[TRADE CLOSED] {trade.symbol}: "
    ^^^^^^^^^^^^^^^^^^^^^
AttributeError: 'api' object has no attribute 'positions'
2026-01-15 12:49:33,208 - httpx - INFO - HTTP Request: POST http://127.0.0.1:5000/api/v1/positionbook "HTTP/1.1 200 OK"
2026-01-15 12:49:34,922 - core.engine - ERROR - Position sync error: 'api' object has no attribute 'positions'
Traceback (most recent call last):
  File "C:\Rahul\06_Nikku\Strategies\PureOptionsBot\core\engine.py", line 328, in position_sync_task
    **trade.__dict__,
  File "C:\Rahul\06_Nikku\Strategies\PureOptionsBot\core\engine.py", line 341, in _sync_positions
    f"[TRADE CLOSED] {trade.symbol}: "
    ^^^^^^^^^^^^^^^^^^^^^
AttributeError: 'api' object has no attribute 'positions'
2026-01-15 12:49:43,640 - httpx - INFO - HTTP Request: POST http://127.0.0.1:5000/api/v1/positionbook "HTTP/1.1 200 OK"
2026-01-15 12:49:44,925 - core.engine - ERROR - Position sync error: 'api' object has no attribute 'positions'
Traceback (most recent call last):
  File "C:\Rahul\06_Nikku\Strategies\PureOptionsBot\core\engine.py", line 328, in position_sync_task
    **trade.__dict__,
  File "C:\Rahul\06_Nikku\Strategies\PureOptionsBot\core\engine.py", line 341, in _sync_positions
    f"[TRADE CLOSED] {trade.symbol}: "
    ^^^^^^^^^^^^^^^^^^^^^
AttributeError: 'api' object has no attribute 'positions'
2026-01-15 12:49:45,666 - httpx - INFO - HTTP Request: POST http://127.0.0.1:5000/api/v1/history "HTTP/1.1 200 OK"
2026-01-15 12:49:46,469 - httpx - INFO - HTTP Request: POST http://127.0.0.1:5000/api/v1/history "HTTP/1.1 200 OK"
2026-01-15 12:49:51,202 - __main__ - INFO - Configuration banner printed
2026-01-15 12:49:53,170 - __main__ - INFO - API client loaded from PureOptionsStrategy.py
2026-01-15 12:49:53,980 - httpx - INFO - HTTP Request: GET http://127.0.0.1:5000/api/v1/instruments?apikey=a1e43574fd5008b00b81024f71096fdc966bed01a5b64a13af36fb2b7ea41faf&exchange=NSE "HTTP/1.1 200 OK"
2026-01-15 12:49:54,067 - core.engine - INFO - Trading Engine initialized
2026-01-15 12:49:54,067 - __main__ - INFO - Trading Engine created successfully
2026-01-15 12:49:54,068 - core.engine - INFO - Starting Trading Engine...
2026-01-15 12:49:54,068 - core.engine - INFO - [TASK] Signal scanner started
2026-01-15 12:49:54,073 - core.engine - INFO - [TASK] Risk monitor started
2026-01-15 12:49:54,074 - core.engine - INFO - [TASK] Position sync started
2026-01-15 12:49:54,146 - httpx - INFO - HTTP Request: POST http://127.0.0.1:5000/api/v1/positionbook "HTTP/1.1 200 OK"
2026-01-15 12:49:54,685 - httpx - INFO - HTTP Request: POST http://127.0.0.1:5000/api/v1/positionbook "HTTP/1.1 200 OK"
2026-01-15 12:49:54,935 - core.engine - ERROR - Position sync error: 'api' object has no attribute 'positions'
Traceback (most recent call last):
  File "C:\Rahul\06_Nikku\Strategies\PureOptionsBot\core\engine.py", line 328, in position_sync_task
    **trade.__dict__,
  File "C:\Rahul\06_Nikku\Strategies\PureOptionsBot\core\engine.py", line 341, in _sync_positions
    f"[TRADE CLOSED] {trade.symbol}: "
    ^^^^^^^^^^^^^^^^^^^^^
AttributeError: 'api' object has no attribute 'positions'
2026-01-15 12:49:55,023 - httpx - INFO - HTTP Request: POST http://127.0.0.1:5000/api/v1/history "HTTP/1.1 200 OK"
2026-01-15 12:50:04,575 - httpx - INFO - HTTP Request: POST http://127.0.0.1:5000/api/v1/positionbook "HTTP/1.1 200 OK"
2026-01-15 12:50:04,948 - core.engine - ERROR - Position sync error: 'api' object has no attribute 'positions'
Traceback (most recent call last):
  File "C:\Rahul\06_Nikku\Strategies\PureOptionsBot\core\engine.py", line 328, in position_sync_task
    **trade.__dict__,
  File "C:\Rahul\06_Nikku\Strategies\PureOptionsBot\core\engine.py", line 341, in _sync_positions
    f"[TRADE CLOSED] {trade.symbol}: "
    ^^^^^^^^^^^^^^^^^^^^^
AttributeError: 'api' object has no attribute 'positions'
2026-01-15 12:50:05,190 - httpx - INFO - HTTP Request: POST http://127.0.0.1:5000/api/v1/positionbook "HTTP/1.1 200 OK"
2026-01-15 12:50:05,550 - httpx - INFO - HTTP Request: POST http://127.0.0.1:5000/api/v1/history "HTTP/1.1 200 OK"
2026-01-15 12:50:14,958 - core.engine - ERROR - Position sync error: 'api' object has no attribute 'positions'
Traceback (most recent call last):
  File "C:\Rahul\06_Nikku\Strategies\PureOptionsBot\core\engine.py", line 328, in position_sync_task
    **trade.__dict__,
  File "C:\Rahul\06_Nikku\Strategies\PureOptionsBot\core\engine.py", line 341, in _sync_positions
    f"[TRADE CLOSED] {trade.symbol}: "
    ^^^^^^^^^^^^^^^^^^^^^
AttributeError: 'api' object has no attribute 'positions'
2026-01-15 12:50:15,054 - httpx - INFO - HTTP Request: POST http://127.0.0.1:5000/api/v1/positionbook "HTTP/1.1 200 OK"
2026-01-15 12:50:15,683 - httpx - INFO - HTTP Request: POST http://127.0.0.1:5000/api/v1/positionbook "HTTP/1.1 200 OK"
2026-01-15 12:50:24,963 - core.engine - ERROR - Position sync error: 'api' object has no attribute 'positions'
Traceback (most recent call last):
  File "C:\Rahul\06_Nikku\Strategies\PureOptionsBot\core\engine.py", line 328, in position_sync_task
    **trade.__dict__,
  File "C:\Rahul\06_Nikku\Strategies\PureOptionsBot\core\engine.py", line 341, in _sync_positions
    f"[TRADE CLOSED] {trade.symbol}: "
    ^^^^^^^^^^^^^^^^^^^^^
AttributeError: 'api' object has no attribute 'positions'
2026-01-15 12:50:25,516 - httpx - INFO - HTTP Request: POST http://127.0.0.1:5000/api/v1/positionbook "HTTP/1.1 200 OK"
2026-01-15 12:50:26,134 - httpx - INFO - HTTP Request: POST http://127.0.0.1:5000/api/v1/positionbook "HTTP/1.1 200 OK"
2026-01-15 12:50:34,981 - core.engine - ERROR - Position sync error: 'api' object has no attribute 'positions'
Traceback (most recent call last):
  File "C:\Rahul\06_Nikku\Strategies\PureOptionsBot\core\engine.py", line 328, in position_sync_task
    **trade.__dict__,
  File "C:\Rahul\06_Nikku\Strategies\PureOptionsBot\core\engine.py", line 341, in _sync_positions
    f"[TRADE CLOSED] {trade.symbol}: "
    ^^^^^^^^^^^^^^^^^^^^^
AttributeError: 'api' object has no attribute 'positions'
2026-01-15 12:50:35,794 - httpx - INFO - HTTP Request: POST http://127.0.0.1:5000/api/v1/positionbook "HTTP/1.1 200 OK"
2026-01-15 12:50:36,384 - httpx - INFO - HTTP Request: POST http://127.0.0.1:5000/api/v1/positionbook "HTTP/1.1 200 OK"
2026-01-15 12:50:44,999 - core.engine - ERROR - Position sync error: 'api' object has no attribute 'positions'
Traceback (most recent call last):
  File "C:\Rahul\06_Nikku\Strategies\PureOptionsBot\core\engine.py", line 328, in position_sync_task
    **trade.__dict__,
  File "C:\Rahul\06_Nikku\Strategies\PureOptionsBot\core\engine.py", line 341, in _sync_positions
    f"[TRADE CLOSED] {trade.symbol}: "
    ^^^^^^^^^^^^^^^^^^^^^
AttributeError: 'api' object has no attribute 'positions'
2026-01-15 12:50:46,064 - httpx - INFO - HTTP Request: POST http://127.0.0.1:5000/api/v1/positionbook "HTTP/1.1 200 OK"
2026-01-15 12:50:46,636 - httpx - INFO - HTTP Request: POST http://127.0.0.1:5000/api/v1/positionbook "HTTP/1.1 200 OK"
2026-01-15 12:50:47,379 - httpx - INFO - HTTP Request: POST http://127.0.0.1:5000/api/v1/history "HTTP/1.1 200 OK"
2026-01-15 12:50:47,976 - httpx - INFO - HTTP Request: POST http://127.0.0.1:5000/api/v1/history "HTTP/1.1 200 OK"
2026-01-15 12:50:55,018 - core.engine - ERROR - Position sync error: 'api' object has no attribute 'positions'
Traceback (most recent call last):
  File "C:\Rahul\06_Nikku\Strategies\PureOptionsBot\core\engine.py", line 328, in position_sync_task
    **trade.__dict__,
  File "C:\Rahul\06_Nikku\Strategies\PureOptionsBot\core\engine.py", line 341, in _sync_positions
    f"[TRADE CLOSED] {trade.symbol}: "
    ^^^^^^^^^^^^^^^^^^^^^
AttributeError: 'api' object has no attribute 'positions'
2026-01-15 12:50:56,329 - httpx - INFO - HTTP Request: POST http://127.0.0.1:5000/api/v1/positionbook "HTTP/1.1 200 OK"
2026-01-15 12:50:56,890 - httpx - INFO - HTTP Request: POST http://127.0.0.1:5000/api/v1/positionbook "HTTP/1.1 200 OK"
2026-01-15 12:51:05,013 - core.engine - ERROR - Position sync error: 'api' object has no attribute 'positions'
Traceback (most recent call last):
  File "C:\Rahul\06_Nikku\Strategies\PureOptionsBot\core\engine.py", line 328, in position_sync_task
    **trade.__dict__,
  File "C:\Rahul\06_Nikku\Strategies\PureOptionsBot\core\engine.py", line 341, in _sync_positions
    f"[TRADE CLOSED] {trade.symbol}: "
    ^^^^^^^^^^^^^^^^^^^^^
AttributeError: 'api' object has no attribute 'positions'
2026-01-15 12:51:06,539 - httpx - INFO - HTTP Request: POST http://127.0.0.1:5000/api/v1/history "HTTP/1.1 200 OK"
2026-01-15 12:51:06,635 - httpx - INFO - HTTP Request: POST http://127.0.0.1:5000/api/v1/positionbook "HTTP/1.1 200 OK"
2026-01-15 12:51:07,180 - httpx - INFO - HTTP Request: POST http://127.0.0.1:5000/api/v1/history "HTTP/1.1 200 OK"
2026-01-15 12:51:07,188 - httpx - INFO - HTTP Request: POST http://127.0.0.1:5000/api/v1/positionbook "HTTP/1.1 200 OK"
2026-01-15 12:51:15,030 - core.engine - ERROR - Position sync error: 'api' object has no attribute 'positions'
Traceback (most recent call last):
  File "C:\Rahul\06_Nikku\Strategies\PureOptionsBot\core\engine.py", line 328, in position_sync_task
    **trade.__dict__,
  File "C:\Rahul\06_Nikku\Strategies\PureOptionsBot\core\engine.py", line 341, in _sync_positions
    f"[TRADE CLOSED] {trade.symbol}: "
    ^^^^^^^^^^^^^^^^^^^^^
AttributeError: 'api' object has no attribute 'positions'
2026-01-15 12:51:16,887 - httpx - INFO - HTTP Request: POST http://127.0.0.1:5000/api/v1/positionbook "HTTP/1.1 200 OK"
2026-01-15 12:51:17,474 - httpx - INFO - HTTP Request: POST http://127.0.0.1:5000/api/v1/positionbook "HTTP/1.1 200 OK"
2026-01-15 12:51:25,032 - core.engine - ERROR - Position sync error: 'api' object has no attribute 'positions'
Traceback (most recent call last):
  File "C:\Rahul\06_Nikku\Strategies\PureOptionsBot\core\engine.py", line 328, in position_sync_task
    **trade.__dict__,
  File "C:\Rahul\06_Nikku\Strategies\PureOptionsBot\core\engine.py", line 341, in _sync_positions
    f"[TRADE CLOSED] {trade.symbol}: "
    ^^^^^^^^^^^^^^^^^^^^^
AttributeError: 'api' object has no attribute 'positions'
2026-01-15 12:51:27,178 - httpx - INFO - HTTP Request: POST http://127.0.0.1:5000/api/v1/positionbook "HTTP/1.1 200 OK"
2026-01-15 12:51:27,755 - httpx - INFO - HTTP Request: POST http://127.0.0.1:5000/api/v1/positionbook "HTTP/1.1 200 OK"
2026-01-15 12:51:35,045 - core.engine - ERROR - Position sync error: 'api' object has no attribute 'positions'
Traceback (most recent call last):
  File "C:\Rahul\06_Nikku\Strategies\PureOptionsBot\core\engine.py", line 328, in position_sync_task
    **trade.__dict__,
  File "C:\Rahul\06_Nikku\Strategies\PureOptionsBot\core\engine.py", line 341, in _sync_positions
    f"[TRADE CLOSED] {trade.symbol}: "
    ^^^^^^^^^^^^^^^^^^^^^
AttributeError: 'api' object has no attribute 'positions'
2026-01-15 12:51:37,429 - httpx - INFO - HTTP Request: POST http://127.0.0.1:5000/api/v1/positionbook "HTTP/1.1 200 OK"
2026-01-15 12:51:38,018 - httpx - INFO - HTTP Request: POST http://127.0.0.1:5000/api/v1/positionbook "HTTP/1.1 200 OK"
2026-01-15 12:51:45,058 - core.engine - ERROR - Position sync error: 'api' object has no attribute 'positions'
Traceback (most recent call last):
  File "C:\Rahul\06_Nikku\Strategies\PureOptionsBot\core\engine.py", line 328, in position_sync_task
    **trade.__dict__,
  File "C:\Rahul\06_Nikku\Strategies\PureOptionsBot\core\engine.py", line 341, in _sync_positions
    f"[TRADE CLOSED] {trade.symbol}: "
    ^^^^^^^^^^^^^^^^^^^^^
AttributeError: 'api' object has no attribute 'positions'
2026-01-15 12:51:47,697 - httpx - INFO - HTTP Request: POST http://127.0.0.1:5000/api/v1/positionbook "HTTP/1.1 200 OK"
2026-01-15 12:51:48,353 - httpx - INFO - HTTP Request: POST http://127.0.0.1:5000/api/v1/positionbook "HTTP/1.1 200 OK"
2026-01-15 12:51:48,899 - httpx - INFO - HTTP Request: POST http://127.0.0.1:5000/api/v1/history "HTTP/1.1 200 OK"
2026-01-15 12:51:49,522 - httpx - INFO - HTTP Request: POST http://127.0.0.1:5000/api/v1/history "HTTP/1.1 200 OK"
2026-01-15 12:51:55,060 - core.engine - ERROR - Position sync error: 'api' object has no attribute 'positions'
Traceback (most recent call last):
  File "C:\Rahul\06_Nikku\Strategies\PureOptionsBot\core\engine.py", line 328, in position_sync_task
    **trade.__dict__,
  File "C:\Rahul\06_Nikku\Strategies\PureOptionsBot\core\engine.py", line 341, in _sync_positions
    f"[TRADE CLOSED] {trade.symbol}: "
    ^^^^^^^^^^^^^^^^^^^^^
AttributeError: 'api' object has no attribute 'positions'
2026-01-15 12:51:57,965 - httpx - INFO - HTTP Request: POST http://127.0.0.1:5000/api/v1/positionbook "HTTP/1.1 200 OK"
2026-01-15 12:51:58,622 - httpx - INFO - HTTP Request: POST http://127.0.0.1:5000/api/v1/positionbook "HTTP/1.1 200 OK"
2026-01-15 12:52:05,070 - core.engine - ERROR - Position sync error: 'api' object has no attribute 'positions'
Traceback (most recent call last):
  File "C:\Rahul\06_Nikku\Strategies\PureOptionsBot\core\engine.py", line 328, in position_sync_task
    **trade.__dict__,
  File "C:\Rahul\06_Nikku\Strategies\PureOptionsBot\core\engine.py", line 341, in _sync_positions
    f"[TRADE CLOSED] {trade.symbol}: "
    ^^^^^^^^^^^^^^^^^^^^^
AttributeError: 'api' object has no attribute 'positions'
2026-01-15 12:52:08,079 - httpx - INFO - HTTP Request: POST http://127.0.0.1:5000/api/v1/history "HTTP/1.1 200 OK"
2026-01-15 12:52:08,328 - httpx - INFO - HTTP Request: POST http://127.0.0.1:5000/api/v1/positionbook "HTTP/1.1 200 OK"
2026-01-15 12:52:08,756 - httpx - INFO - HTTP Request: POST http://127.0.0.1:5000/api/v1/history "HTTP/1.1 200 OK"
2026-01-15 12:52:08,909 - httpx - INFO - HTTP Request: POST http://127.0.0.1:5000/api/v1/positionbook "HTTP/1.1 200 OK"
2026-01-15 12:52:15,074 - core.engine - ERROR - Position sync error: 'api' object has no attribute 'positions'
Traceback (most recent call last):
  File "C:\Rahul\06_Nikku\Strategies\PureOptionsBot\core\engine.py", line 328, in position_sync_task
    **trade.__dict__,
  File "C:\Rahul\06_Nikku\Strategies\PureOptionsBot\core\engine.py", line 341, in _sync_positions
    f"[TRADE CLOSED] {trade.symbol}: "
    ^^^^^^^^^^^^^^^^^^^^^
AttributeError: 'api' object has no attribute 'positions'
2026-01-15 12:52:18,596 - httpx - INFO - HTTP Request: POST http://127.0.0.1:5000/api/v1/positionbook "HTTP/1.1 200 OK"
2026-01-15 12:52:19,174 - httpx - INFO - HTTP Request: POST http://127.0.0.1:5000/api/v1/positionbook "HTTP/1.1 200 OK"
2026-01-15 12:52:25,081 - core.engine - ERROR - Position sync error: 'api' object has no attribute 'positions'
Traceback (most recent call last):
  File "C:\Rahul\06_Nikku\Strategies\PureOptionsBot\core\engine.py", line 328, in position_sync_task
    **trade.__dict__,
  File "C:\Rahul\06_Nikku\Strategies\PureOptionsBot\core\engine.py", line 341, in _sync_positions
    f"[TRADE CLOSED] {trade.symbol}: "
    ^^^^^^^^^^^^^^^^^^^^^
AttributeError: 'api' object has no attribute 'positions'
2026-01-15 12:52:28,862 - httpx - INFO - HTTP Request: POST http://127.0.0.1:5000/api/v1/positionbook "HTTP/1.1 200 OK"
2026-01-15 12:52:29,438 - httpx - INFO - HTTP Request: POST http://127.0.0.1:5000/api/v1/positionbook "HTTP/1.1 200 OK"
2026-01-15 12:52:35,095 - core.engine - ERROR - Position sync error: 'api' object has no attribute 'positions'
Traceback (most recent call last):
  File "C:\Rahul\06_Nikku\Strategies\PureOptionsBot\core\engine.py", line 328, in position_sync_task
    **trade.__dict__,
  File "C:\Rahul\06_Nikku\Strategies\PureOptionsBot\core\engine.py", line 341, in _sync_positions
    f"[TRADE CLOSED] {trade.symbol}: "
    ^^^^^^^^^^^^^^^^^^^^^
AttributeError: 'api' object has no attribute 'positions'
2026-01-15 12:52:39,152 - httpx - INFO - HTTP Request: POST http://127.0.0.1:5000/api/v1/positionbook "HTTP/1.1 200 OK"
2026-01-15 12:52:39,709 - httpx - INFO - HTTP Request: POST http://127.0.0.1:5000/api/v1/positionbook "HTTP/1.1 200 OK"
2026-01-15 12:52:45,119 - core.engine - ERROR - Position sync error: 'api' object has no attribute 'positions'
Traceback (most recent call last):
  File "C:\Rahul\06_Nikku\Strategies\PureOptionsBot\core\engine.py", line 328, in position_sync_task
    **trade.__dict__,
  File "C:\Rahul\06_Nikku\Strategies\PureOptionsBot\core\engine.py", line 341, in _sync_positions
    f"[TRADE CLOSED] {trade.symbol}: "
    ^^^^^^^^^^^^^^^^^^^^^
AttributeError: 'api' object has no attribute 'positions'
2026-01-15 12:52:49,416 - httpx - INFO - HTTP Request: POST http://127.0.0.1:5000/api/v1/positionbook "HTTP/1.1 200 OK"
2026-01-15 12:52:50,089 - httpx - INFO - HTTP Request: POST http://127.0.0.1:5000/api/v1/positionbook "HTTP/1.1 200 OK"
2026-01-15 12:52:50,583 - httpx - INFO - HTTP Request: POST http://127.0.0.1:5000/api/v1/history "HTTP/1.1 200 OK"
2026-01-15 12:52:51,172 - httpx - INFO - HTTP Request: POST http://127.0.0.1:5000/api/v1/history "HTTP/1.1 200 OK"
2026-01-15 12:52:55,130 - core.engine - ERROR - Position sync error: 'api' object has no attribute 'positions'
Traceback (most recent call last):
  File "C:\Rahul\06_Nikku\Strategies\PureOptionsBot\core\engine.py", line 328, in position_sync_task
    **trade.__dict__,
  File "C:\Rahul\06_Nikku\Strategies\PureOptionsBot\core\engine.py", line 341, in _sync_positions
    f"[TRADE CLOSED] {trade.symbol}: "
    ^^^^^^^^^^^^^^^^^^^^^
AttributeError: 'api' object has no attribute 'positions'
2026-01-15 12:52:59,694 - httpx - INFO - HTTP Request: POST http://127.0.0.1:5000/api/v1/positionbook "HTTP/1.1 200 OK"
2026-01-15 12:53:00,344 - httpx - INFO - HTTP Request: POST http://127.0.0.1:5000/api/v1/positionbook "HTTP/1.1 200 OK"
2026-01-15 12:53:05,139 - core.engine - ERROR - Position sync error: 'api' object has no attribute 'positions'
Traceback (most recent call last):
  File "C:\Rahul\06_Nikku\Strategies\PureOptionsBot\core\engine.py", line 328, in position_sync_task
    **trade.__dict__,
  File "C:\Rahul\06_Nikku\Strategies\PureOptionsBot\core\engine.py", line 341, in _sync_positions
    f"[TRADE CLOSED] {trade.symbol}: "
    ^^^^^^^^^^^^^^^^^^^^^
AttributeError: 'api' object has no attribute 'positions'
2026-01-15 12:53:09,666 - httpx - INFO - HTTP Request: POST http://127.0.0.1:5000/api/v1/history "HTTP/1.1 200 OK"
2026-01-15 12:53:10,081 - httpx - INFO - HTTP Request: POST http://127.0.0.1:5000/api/v1/positionbook "HTTP/1.1 200 OK"
2026-01-15 12:53:10,386 - httpx - INFO - HTTP Request: POST http://127.0.0.1:5000/api/v1/history "HTTP/1.1 200 OK"
2026-01-15 12:53:10,629 - httpx - INFO - HTTP Request: POST http://127.0.0.1:5000/api/v1/positionbook "HTTP/1.1 200 OK"
2026-01-15 12:53:15,161 - core.engine - ERROR - Position sync error: 'api' object has no attribute 'positions'
Traceback (most recent call last):
  File "C:\Rahul\06_Nikku\Strategies\PureOptionsBot\core\engine.py", line 328, in position_sync_task
    **trade.__dict__,
  File "C:\Rahul\06_Nikku\Strategies\PureOptionsBot\core\engine.py", line 341, in _sync_positions
    f"[TRADE CLOSED] {trade.symbol}: "
    ^^^^^^^^^^^^^^^^^^^^^
AttributeError: 'api' object has no attribute 'positions'
2026-01-15 12:53:20,350 - httpx - INFO - HTTP Request: POST http://127.0.0.1:5000/api/v1/positionbook "HTTP/1.1 200 OK"
2026-01-15 12:53:20,902 - httpx - INFO - HTTP Request: POST http://127.0.0.1:5000/api/v1/positionbook "HTTP/1.1 200 OK"
2026-01-15 12:53:25,174 - core.engine - ERROR - Position sync error: 'api' object has no attribute 'positions'
Traceback (most recent call last):
  File "C:\Rahul\06_Nikku\Strategies\PureOptionsBot\core\engine.py", line 328, in position_sync_task
    **trade.__dict__,
  File "C:\Rahul\06_Nikku\Strategies\PureOptionsBot\core\engine.py", line 341, in _sync_positions
    f"[TRADE CLOSED] {trade.symbol}: "
    ^^^^^^^^^^^^^^^^^^^^^
AttributeError: 'api' object has no attribute 'positions'
2026-01-15 12:53:30,778 - httpx - INFO - HTTP Request: POST http://127.0.0.1:5000/api/v1/positionbook "HTTP/1.1 200 OK"
2026-01-15 12:53:31,365 - httpx - INFO - HTTP Request: POST http://127.0.0.1:5000/api/v1/positionbook "HTTP/1.1 200 OK"
2026-01-15 12:53:35,194 - core.engine - ERROR - Position sync error: 'api' object has no attribute 'positions'
Traceback (most recent call last):
  File "C:\Rahul\06_Nikku\Strategies\PureOptionsBot\core\engine.py", line 328, in position_sync_task
    **trade.__dict__,
  File "C:\Rahul\06_Nikku\Strategies\PureOptionsBot\core\engine.py", line 341, in _sync_positions
    f"[TRADE CLOSED] {trade.symbol}: "
    ^^^^^^^^^^^^^^^^^^^^^
AttributeError: 'api' object has no attribute 'positions'
2026-01-15 12:53:41,037 - httpx - INFO - HTTP Request: POST http://127.0.0.1:5000/api/v1/positionbook "HTTP/1.1 200 OK"
2026-01-15 12:53:41,643 - httpx - INFO - HTTP Request: POST http://127.0.0.1:5000/api/v1/positionbook "HTTP/1.1 200 OK"
2026-01-15 12:53:45,207 - core.engine - ERROR - Position sync error: 'api' object has no attribute 'positions'
Traceback (most recent call last):
  File "C:\Rahul\06_Nikku\Strategies\PureOptionsBot\core\engine.py", line 328, in position_sync_task
    **trade.__dict__,
  File "C:\Rahul\06_Nikku\Strategies\PureOptionsBot\core\engine.py", line 341, in _sync_positions
    f"[TRADE CLOSED] {trade.symbol}: "
    ^^^^^^^^^^^^^^^^^^^^^
AttributeError: 'api' object has no attribute 'positions'
2026-01-15 12:53:51,320 - httpx - INFO - HTTP Request: POST http://127.0.0.1:5000/api/v1/positionbook "HTTP/1.1 200 OK"
2026-01-15 12:53:51,928 - httpx - INFO - HTTP Request: POST http://127.0.0.1:5000/api/v1/positionbook "HTTP/1.1 200 OK"
2026-01-15 12:53:51,982 - httpx - INFO - HTTP Request: POST http://127.0.0.1:5000/api/v1/history "HTTP/1.1 200 OK"
2026-01-15 12:53:52,591 - httpx - INFO - HTTP Request: POST http://127.0.0.1:5000/api/v1/history "HTTP/1.1 200 OK"
2026-01-15 12:53:55,210 - core.engine - ERROR - Position sync error: 'api' object has no attribute 'positions'
Traceback (most recent call last):
  File "C:\Rahul\06_Nikku\Strategies\PureOptionsBot\core\engine.py", line 328, in position_sync_task
    **trade.__dict__,
  File "C:\Rahul\06_Nikku\Strategies\PureOptionsBot\core\engine.py", line 341, in _sync_positions
    f"[TRADE CLOSED] {trade.symbol}: "
    ^^^^^^^^^^^^^^^^^^^^^
AttributeError: 'api' object has no attribute 'positions'
2026-01-15 12:54:01,583 - httpx - INFO - HTTP Request: POST http://127.0.0.1:5000/api/v1/positionbook "HTTP/1.1 200 OK"
2026-01-15 12:54:02,189 - httpx - INFO - HTTP Request: POST http://127.0.0.1:5000/api/v1/positionbook "HTTP/1.1 200 OK"
2026-01-15 12:54:05,223 - core.engine - ERROR - Position sync error: 'api' object has no attribute 'positions'
Traceback (most recent call last):
  File "C:\Rahul\06_Nikku\Strategies\PureOptionsBot\core\engine.py", line 328, in position_sync_task
    **trade.__dict__,
  File "C:\Rahul\06_Nikku\Strategies\PureOptionsBot\core\engine.py", line 341, in _sync_positions
    f"[TRADE CLOSED] {trade.symbol}: "
    ^^^^^^^^^^^^^^^^^^^^^
AttributeError: 'api' object has no attribute 'positions'
2026-01-15 12:54:11,303 - httpx - INFO - HTTP Request: POST http://127.0.0.1:5000/api/v1/history "HTTP/1.1 200 OK"
2026-01-15 12:54:12,075 - httpx - INFO - HTTP Request: POST http://127.0.0.1:5000/api/v1/positionbook "HTTP/1.1 200 OK"
2026-01-15 12:54:12,091 - httpx - INFO - HTTP Request: POST http://127.0.0.1:5000/api/v1/history "HTTP/1.1 200 OK"
2026-01-15 12:54:12,514 - httpx - INFO - HTTP Request: POST http://127.0.0.1:5000/api/v1/positionbook "HTTP/1.1 200 OK"
2026-01-15 12:54:15,242 - core.engine - ERROR - Position sync error: 'api' object has no attribute 'positions'
Traceback (most recent call last):
  File "C:\Rahul\06_Nikku\Strategies\PureOptionsBot\core\engine.py", line 328, in position_sync_task
    **trade.__dict__,
  File "C:\Rahul\06_Nikku\Strategies\PureOptionsBot\core\engine.py", line 341, in _sync_positions
    f"[TRADE CLOSED] {trade.symbol}: "
    ^^^^^^^^^^^^^^^^^^^^^
AttributeError: 'api' object has no attribute 'positions'
2026-01-15 12:54:22,344 - httpx - INFO - HTTP Request: POST http://127.0.0.1:5000/api/v1/positionbook "HTTP/1.1 200 OK"
2026-01-15 12:54:22,786 - httpx - INFO - HTTP Request: POST http://127.0.0.1:5000/api/v1/positionbook "HTTP/1.1 200 OK"
2026-01-15 12:54:25,256 - core.engine - ERROR - Position sync error: 'api' object has no attribute 'positions'
Traceback (most recent call last):
  File "C:\Rahul\06_Nikku\Strategies\PureOptionsBot\core\engine.py", line 328, in position_sync_task
    **trade.__dict__,
  File "C:\Rahul\06_Nikku\Strategies\PureOptionsBot\core\engine.py", line 341, in _sync_positions
    f"[TRADE CLOSED] {trade.symbol}: "
    ^^^^^^^^^^^^^^^^^^^^^
AttributeError: 'api' object has no attribute 'positions'
2026-01-15 12:54:33,014 - httpx - INFO - HTTP Request: POST http://127.0.0.1:5000/api/v1/positionbook "HTTP/1.1 200 OK"
2026-01-15 12:54:33,347 - httpx - INFO - HTTP Request: POST http://127.0.0.1:5000/api/v1/positionbook "HTTP/1.1 200 OK"
2026-01-15 12:54:35,275 - core.engine - ERROR - Position sync error: 'api' object has no attribute 'positions'
Traceback (most recent call last):
  File "C:\Rahul\06_Nikku\Strategies\PureOptionsBot\core\engine.py", line 328, in position_sync_task
    **trade.__dict__,
  File "C:\Rahul\06_Nikku\Strategies\PureOptionsBot\core\engine.py", line 341, in _sync_positions
    f"[TRADE CLOSED] {trade.symbol}: "
    ^^^^^^^^^^^^^^^^^^^^^
AttributeError: 'api' object has no attribute 'positions'
2026-01-15 12:54:43,263 - httpx - INFO - HTTP Request: POST http://127.0.0.1:5000/api/v1/positionbook "HTTP/1.1 200 OK"
2026-01-15 12:54:43,635 - httpx - INFO - HTTP Request: POST http://127.0.0.1:5000/api/v1/positionbook "HTTP/1.1 200 OK"
2026-01-15 12:54:45,286 - core.engine - ERROR - Position sync error: 'api' object has no attribute 'positions'
Traceback (most recent call last):
  File "C:\Rahul\06_Nikku\Strategies\PureOptionsBot\core\engine.py", line 328, in position_sync_task
    **trade.__dict__,
  File "C:\Rahul\06_Nikku\Strategies\PureOptionsBot\core\engine.py", line 341, in _sync_positions
    f"[TRADE CLOSED] {trade.symbol}: "
    ^^^^^^^^^^^^^^^^^^^^^
AttributeError: 'api' object has no attribute 'positions'
2026-01-15 12:54:53,427 - httpx - INFO - HTTP Request: POST http://127.0.0.1:5000/api/v1/history "HTTP/1.1 200 OK"
2026-01-15 12:54:53,604 - httpx - INFO - HTTP Request: POST http://127.0.0.1:5000/api/v1/positionbook "HTTP/1.1 200 OK"
2026-01-15 12:54:53,959 - httpx - INFO - HTTP Request: POST http://127.0.0.1:5000/api/v1/positionbook "HTTP/1.1 200 OK"
2026-01-15 12:54:54,151 - httpx - INFO - HTTP Request: POST http://127.0.0.1:5000/api/v1/history "HTTP/1.1 200 OK"
2026-01-15 12:54:55,296 - core.engine - ERROR - Position sync error: 'api' object has no attribute 'positions'
Traceback (most recent call last):
  File "C:\Rahul\06_Nikku\Strategies\PureOptionsBot\core\engine.py", line 328, in position_sync_task
    **trade.__dict__,
  File "C:\Rahul\06_Nikku\Strategies\PureOptionsBot\core\engine.py", line 341, in _sync_positions
    f"[TRADE CLOSED] {trade.symbol}: "
    ^^^^^^^^^^^^^^^^^^^^^
AttributeError: 'api' object has no attribute 'positions'
2026-01-15 12:55:03,857 - httpx - INFO - HTTP Request: POST http://127.0.0.1:5000/api/v1/positionbook "HTTP/1.1 200 OK"
2026-01-15 12:55:04,213 - httpx - INFO - HTTP Request: POST http://127.0.0.1:5000/api/v1/positionbook "HTTP/1.1 200 OK"
2026-01-15 12:55:05,310 - core.engine - ERROR - Position sync error: 'api' object has no attribute 'positions'
Traceback (most recent call last):
  File "C:\Rahul\06_Nikku\Strategies\PureOptionsBot\core\engine.py", line 328, in position_sync_task
    **trade.__dict__,
  File "C:\Rahul\06_Nikku\Strategies\PureOptionsBot\core\engine.py", line 341, in _sync_positions
    f"[TRADE CLOSED] {trade.symbol}: "
    ^^^^^^^^^^^^^^^^^^^^^
AttributeError: 'api' object has no attribute 'positions'
2026-01-15 12:55:13,046 - httpx - INFO - HTTP Request: POST http://127.0.0.1:5000/api/v1/history "HTTP/1.1 200 OK"
2026-01-15 12:55:13,706 - httpx - INFO - HTTP Request: POST http://127.0.0.1:5000/api/v1/history "HTTP/1.1 200 OK"
2026-01-15 12:55:14,141 - httpx - INFO - HTTP Request: POST http://127.0.0.1:5000/api/v1/positionbook "HTTP/1.1 200 OK"
2026-01-15 12:55:14,487 - httpx - INFO - HTTP Request: POST http://127.0.0.1:5000/api/v1/positionbook "HTTP/1.1 200 OK"
2026-01-15 12:55:15,325 - core.engine - ERROR - Position sync error: 'api' object has no attribute 'positions'
Traceback (most recent call last):
  File "C:\Rahul\06_Nikku\Strategies\PureOptionsBot\core\engine.py", line 328, in position_sync_task
    **trade.__dict__,
  File "C:\Rahul\06_Nikku\Strategies\PureOptionsBot\core\engine.py", line 341, in _sync_positions
    f"[TRADE CLOSED] {trade.symbol}: "
    ^^^^^^^^^^^^^^^^^^^^^
AttributeError: 'api' object has no attribute 'positions'
2026-01-15 12:55:24,432 - httpx - INFO - HTTP Request: POST http://127.0.0.1:5000/api/v1/positionbook "HTTP/1.1 200 OK"
2026-01-15 12:55:24,750 - httpx - INFO - HTTP Request: POST http://127.0.0.1:5000/api/v1/positionbook "HTTP/1.1 200 OK"
2026-01-15 12:55:25,340 - core.engine - ERROR - Position sync error: 'api' object has no attribute 'positions'
Traceback (most recent call last):
  File "C:\Rahul\06_Nikku\Strategies\PureOptionsBot\core\engine.py", line 328, in position_sync_task
    **trade.__dict__,
  File "C:\Rahul\06_Nikku\Strategies\PureOptionsBot\core\engine.py", line 341, in _sync_positions
    f"[TRADE CLOSED] {trade.symbol}: "
    ^^^^^^^^^^^^^^^^^^^^^
AttributeError: 'api' object has no attribute 'positions'
2026-01-15 12:55:34,707 - httpx - INFO - HTTP Request: POST http://127.0.0.1:5000/api/v1/positionbook "HTTP/1.1 200 OK"
2026-01-15 12:55:35,032 - httpx - INFO - HTTP Request: POST http://127.0.0.1:5000/api/v1/positionbook "HTTP/1.1 200 OK"
2026-01-15 12:55:35,355 - core.engine - ERROR - Position sync error: 'api' object has no attribute 'positions'
Traceback (most recent call last):
  File "C:\Rahul\06_Nikku\Strategies\PureOptionsBot\core\engine.py", line 328, in position_sync_task
    **trade.__dict__,
  File "C:\Rahul\06_Nikku\Strategies\PureOptionsBot\core\engine.py", line 341, in _sync_positions
    f"[TRADE CLOSED] {trade.symbol}: "
    ^^^^^^^^^^^^^^^^^^^^^
AttributeError: 'api' object has no attribute 'positions'
2026-01-15 12:55:44,988 - httpx - INFO - HTTP Request: POST http://127.0.0.1:5000/api/v1/positionbook "HTTP/1.1 200 OK"
2026-01-15 12:55:45,315 - httpx - INFO - HTTP Request: POST http://127.0.0.1:5000/api/v1/positionbook "HTTP/1.1 200 OK"
2026-01-15 12:55:45,374 - core.engine - ERROR - Position sync error: 'api' object has no attribute 'positions'
Traceback (most recent call last):
  File "C:\Rahul\06_Nikku\Strategies\PureOptionsBot\core\engine.py", line 328, in position_sync_task
    **trade.__dict__,
  File "C:\Rahul\06_Nikku\Strategies\PureOptionsBot\core\engine.py", line 341, in _sync_positions
    f"[TRADE CLOSED] {trade.symbol}: "
    ^^^^^^^^^^^^^^^^^^^^^
AttributeError: 'api' object has no attribute 'positions'
2026-01-15 12:55:55,010 - httpx - INFO - HTTP Request: POST http://127.0.0.1:5000/api/v1/history "HTTP/1.1 200 OK"
2026-01-15 12:55:55,355 - httpx - INFO - HTTP Request: POST http://127.0.0.1:5000/api/v1/positionbook "HTTP/1.1 200 OK"
2026-01-15 12:55:55,389 - core.engine - ERROR - Position sync error: 'api' object has no attribute 'positions'
Traceback (most recent call last):
  File "C:\Rahul\06_Nikku\Strategies\PureOptionsBot\core\engine.py", line 328, in position_sync_task
    **trade.__dict__,
  File "C:\Rahul\06_Nikku\Strategies\PureOptionsBot\core\engine.py", line 341, in _sync_positions
    f"[TRADE CLOSED] {trade.symbol}: "
    ^^^^^^^^^^^^^^^^^^^^^
AttributeError: 'api' object has no attribute 'positions'
2026-01-15 12:55:55,614 - httpx - INFO - HTTP Request: POST http://127.0.0.1:5000/api/v1/positionbook "HTTP/1.1 200 OK"
2026-01-15 12:55:55,835 - httpx - INFO - HTTP Request: POST http://127.0.0.1:5000/api/v1/history "HTTP/1.1 200 OK"
2026-01-15 12:56:05,403 - core.engine - ERROR - Position sync error: 'api' object has no attribute 'positions'
Traceback (most recent call last):
  File "C:\Rahul\06_Nikku\Strategies\PureOptionsBot\core\engine.py", line 328, in position_sync_task
    **trade.__dict__,
  File "C:\Rahul\06_Nikku\Strategies\PureOptionsBot\core\engine.py", line 341, in _sync_positions
    f"[TRADE CLOSED] {trade.symbol}: "
    ^^^^^^^^^^^^^^^^^^^^^
AttributeError: 'api' object has no attribute 'positions'
2026-01-15 12:56:05,647 - httpx - INFO - HTTP Request: POST http://127.0.0.1:5000/api/v1/positionbook "HTTP/1.1 200 OK"
2026-01-15 12:56:05,889 - httpx - INFO - HTTP Request: POST http://127.0.0.1:5000/api/v1/positionbook "HTTP/1.1 200 OK"
2026-01-15 12:56:14,520 - httpx - INFO - HTTP Request: POST http://127.0.0.1:5000/api/v1/history "HTTP/1.1 200 OK"
2026-01-15 12:56:15,231 - httpx - INFO - HTTP Request: POST http://127.0.0.1:5000/api/v1/history "HTTP/1.1 200 OK"
2026-01-15 12:56:15,427 - core.engine - ERROR - Position sync error: 'api' object has no attribute 'positions'
Traceback (most recent call last):
  File "C:\Rahul\06_Nikku\Strategies\PureOptionsBot\core\engine.py", line 328, in position_sync_task
    **trade.__dict__,
  File "C:\Rahul\06_Nikku\Strategies\PureOptionsBot\core\engine.py", line 341, in _sync_positions
    f"[TRADE CLOSED] {trade.symbol}: "
    ^^^^^^^^^^^^^^^^^^^^^
AttributeError: 'api' object has no attribute 'positions'
2026-01-15 12:56:15,890 - httpx - INFO - HTTP Request: POST http://127.0.0.1:5000/api/v1/positionbook "HTTP/1.1 200 OK"
2026-01-15 12:56:16,215 - httpx - INFO - HTTP Request: POST http://127.0.0.1:5000/api/v1/positionbook "HTTP/1.1 200 OK"
2026-01-15 12:56:25,439 - core.engine - ERROR - Position sync error: 'api' object has no attribute 'positions'
Traceback (most recent call last):
  File "C:\Rahul\06_Nikku\Strategies\PureOptionsBot\core\engine.py", line 328, in position_sync_task
    **trade.__dict__,
  File "C:\Rahul\06_Nikku\Strategies\PureOptionsBot\core\engine.py", line 341, in _sync_positions
    f"[TRADE CLOSED] {trade.symbol}: "
    ^^^^^^^^^^^^^^^^^^^^^
AttributeError: 'api' object has no attribute 'positions'
2026-01-15 12:56:26,175 - httpx - INFO - HTTP Request: POST http://127.0.0.1:5000/api/v1/positionbook "HTTP/1.1 200 OK"
2026-01-15 12:56:26,475 - httpx - INFO - HTTP Request: POST http://127.0.0.1:5000/api/v1/positionbook "HTTP/1.1 200 OK"
2026-01-15 12:56:35,463 - core.engine - ERROR - Position sync error: 'api' object has no attribute 'positions'
Traceback (most recent call last):
  File "C:\Rahul\06_Nikku\Strategies\PureOptionsBot\core\engine.py", line 328, in position_sync_task
    **trade.__dict__,
  File "C:\Rahul\06_Nikku\Strategies\PureOptionsBot\core\engine.py", line 341, in _sync_positions
    f"[TRADE CLOSED] {trade.symbol}: "
    ^^^^^^^^^^^^^^^^^^^^^
AttributeError: 'api' object has no attribute 'positions'
2026-01-15 12:56:36,430 - httpx - INFO - HTTP Request: POST http://127.0.0.1:5000/api/v1/positionbook "HTTP/1.1 200 OK"
2026-01-15 12:56:36,774 - httpx - INFO - HTTP Request: POST http://127.0.0.1:5000/api/v1/positionbook "HTTP/1.1 200 OK"
2026-01-15 12:56:45,466 - core.engine - ERROR - Position sync error: 'api' object has no attribute 'positions'
Traceback (most recent call last):
  File "C:\Rahul\06_Nikku\Strategies\PureOptionsBot\core\engine.py", line 328, in position_sync_task
    **trade.__dict__,
  File "C:\Rahul\06_Nikku\Strategies\PureOptionsBot\core\engine.py", line 341, in _sync_positions
    f"[TRADE CLOSED] {trade.symbol}: "
    ^^^^^^^^^^^^^^^^^^^^^
AttributeError: 'api' object has no attribute 'positions'
2026-01-15 12:56:46,675 - httpx - INFO - HTTP Request: POST http://127.0.0.1:5000/api/v1/positionbook "HTTP/1.1 200 OK"
2026-01-15 12:56:47,034 - httpx - INFO - HTTP Request: POST http://127.0.0.1:5000/api/v1/positionbook "HTTP/1.1 200 OK"
2026-01-15 12:56:55,488 - core.engine - ERROR - Position sync error: 'api' object has no attribute 'positions'
Traceback (most recent call last):
  File "C:\Rahul\06_Nikku\Strategies\PureOptionsBot\core\engine.py", line 328, in position_sync_task
    **trade.__dict__,
  File "C:\Rahul\06_Nikku\Strategies\PureOptionsBot\core\engine.py", line 341, in _sync_positions
    f"[TRADE CLOSED] {trade.symbol}: "
    ^^^^^^^^^^^^^^^^^^^^^
AttributeError: 'api' object has no attribute 'positions'
2026-01-15 12:56:56,741 - httpx - INFO - HTTP Request: POST http://127.0.0.1:5000/api/v1/history "HTTP/1.1 200 OK"
2026-01-15 12:56:57,040 - httpx - INFO - HTTP Request: POST http://127.0.0.1:5000/api/v1/positionbook "HTTP/1.1 200 OK"
2026-01-15 12:56:57,329 - httpx - INFO - HTTP Request: POST http://127.0.0.1:5000/api/v1/positionbook "HTTP/1.1 200 OK"
2026-01-15 12:56:57,460 - httpx - INFO - HTTP Request: POST http://127.0.0.1:5000/api/v1/history "HTTP/1.1 200 OK"
2026-01-15 12:57:05,509 - core.engine - ERROR - Position sync error: 'api' object has no attribute 'positions'
Traceback (most recent call last):
  File "C:\Rahul\06_Nikku\Strategies\PureOptionsBot\core\engine.py", line 328, in position_sync_task
    **trade.__dict__,
  File "C:\Rahul\06_Nikku\Strategies\PureOptionsBot\core\engine.py", line 341, in _sync_positions
    f"[TRADE CLOSED] {trade.symbol}: "
    ^^^^^^^^^^^^^^^^^^^^^
AttributeError: 'api' object has no attribute 'positions'
2026-01-15 12:57:07,319 - httpx - INFO - HTTP Request: POST http://127.0.0.1:5000/api/v1/positionbook "HTTP/1.1 200 OK"
2026-01-15 12:57:07,600 - httpx - INFO - HTTP Request: POST http://127.0.0.1:5000/api/v1/positionbook "HTTP/1.1 200 OK"
2026-01-15 12:57:11,486 - __main__ - INFO - Goodbye!
2026-01-15 12:57:15,507 - core.engine - ERROR - Position sync error: 'api' object has no attribute 'positions'
Traceback (most recent call last):
  File "C:\Rahul\06_Nikku\Strategies\PureOptionsBot\core\engine.py", line 328, in position_sync_task
    **trade.__dict__,
  File "C:\Rahul\06_Nikku\Strategies\PureOptionsBot\core\engine.py", line 341, in _sync_positions
    f"[TRADE CLOSED] {trade.symbol}: "
    ^^^^^^^^^^^^^^^^^^^^^
AttributeError: 'api' object has no attribute 'positions'
2026-01-15 12:57:17,596 - httpx - INFO - HTTP Request: POST http://127.0.0.1:5000/api/v1/positionbook "HTTP/1.1 200 OK"
2026-01-15 12:57:25,505 - core.engine - ERROR - Position sync error: 'api' object has no attribute 'positions'
Traceback (most recent call last):
  File "C:\Rahul\06_Nikku\Strategies\PureOptionsBot\core\engine.py", line 328, in position_sync_task
  File "C:\Rahul\06_Nikku\Strategies\PureOptionsBot\core\engine.py", line 341, in _sync_positions
AttributeError: 'api' object has no attribute 'positions'
2026-01-15 12:57:27,864 - httpx - INFO - HTTP Request: POST http://127.0.0.1:5000/api/v1/positionbook "HTTP/1.1 200 OK"
2026-01-15 12:57:35,513 - core.engine - ERROR - Position sync error: 'api' object has no attribute 'positions'
Traceback (most recent call last):
  File "C:\Rahul\06_Nikku\Strategies\PureOptionsBot\core\engine.py", line 328, in position_sync_task
  File "C:\Rahul\06_Nikku\Strategies\PureOptionsBot\core\engine.py", line 341, in _sync_positions
AttributeError: 'api' object has no attribute 'positions'
2026-01-15 12:57:38,134 - httpx - INFO - HTTP Request: POST http://127.0.0.1:5000/api/v1/positionbook "HTTP/1.1 200 OK"
2026-01-15 12:57:45,531 - core.engine - ERROR - Position sync error: 'api' object has no attribute 'positions'
Traceback (most recent call last):
  File "C:\Rahul\06_Nikku\Strategies\PureOptionsBot\core\engine.py", line 328, in position_sync_task
    Flow:
          
  File "C:\Rahul\06_Nikku\Strategies\PureOptionsBot\core\engine.py", line 341, in _sync_positions
    # Run every 1 second (fast for TSL)
    ^^^^^^^^^^^^^^^^^^^^^
AttributeError: 'api' object has no attribute 'positions'
2026-01-15 12:57:48,391 - httpx - INFO - HTTP Request: POST http://127.0.0.1:5000/api/v1/positionbook "HTTP/1.1 200 OK"
2026-01-15 12:57:55,549 - core.engine - ERROR - Position sync error: 'api' object has no attribute 'positions'
Traceback (most recent call last):
  File "C:\Rahul\06_Nikku\Strategies\PureOptionsBot\core\engine.py", line 328, in position_sync_task
    Flow:
          
  File "C:\Rahul\06_Nikku\Strategies\PureOptionsBot\core\engine.py", line 341, in _sync_positions
    # Run every 1 second (fast for TSL)
    ^^^^^^^^^^^^^^^^^^^^^
AttributeError: 'api' object has no attribute 'positions'
2026-01-15 12:57:58,447 - httpx - INFO - HTTP Request: POST http://127.0.0.1:5000/api/v1/history "HTTP/1.1 200 OK"
2026-01-15 12:57:58,822 - httpx - INFO - HTTP Request: POST http://127.0.0.1:5000/api/v1/positionbook "HTTP/1.1 200 OK"
2026-01-15 12:57:59,321 - httpx - INFO - HTTP Request: POST http://127.0.0.1:5000/api/v1/history "HTTP/1.1 200 OK"
2026-01-15 12:58:05,560 - core.engine - ERROR - Position sync error: 'api' object has no attribute 'positions'
Traceback (most recent call last):
  File "C:\Rahul\06_Nikku\Strategies\PureOptionsBot\core\engine.py", line 328, in position_sync_task
    )
  File "C:\Rahul\06_Nikku\Strategies\PureOptionsBot\core\engine.py", line 341, in _sync_positions
    """
        
AttributeError: 'api' object has no attribute 'positions'
2026-01-15 12:58:09,105 - httpx - INFO - HTTP Request: POST http://127.0.0.1:5000/api/v1/positionbook "HTTP/1.1 200 OK"
2026-01-15 12:58:15,571 - core.engine - ERROR - Position sync error: 'api' object has no attribute 'positions'
Traceback (most recent call last):
  File "C:\Rahul\06_Nikku\Strategies\PureOptionsBot\core\engine.py", line 328, in position_sync_task
    )
  File "C:\Rahul\06_Nikku\Strategies\PureOptionsBot\core\engine.py", line 341, in _sync_positions
    """
        
AttributeError: 'api' object has no attribute 'positions'
2026-01-15 12:58:16,854 - __main__ - INFO - Configuration banner printed
2026-01-15 12:58:17,418 - __main__ - INFO - API client loaded from PureOptionsStrategy.py
2026-01-15 12:58:18,147 - core.engine - INFO - Trading Engine initialized
2026-01-15 12:58:18,147 - __main__ - INFO - Trading Engine created successfully
2026-01-15 12:58:18,147 - core.engine - INFO - Starting Trading Engine...
2026-01-15 12:58:18,150 - websocket - INFO - Websocket connected
2026-01-15 12:58:19,395 - httpx - INFO - HTTP Request: POST http://127.0.0.1:5000/api/v1/positionbook "HTTP/1.1 200 OK"
2026-01-15 12:58:23,768 - core.engine - INFO - [TASK] Signal scanner started
2026-01-15 12:58:23,771 - core.engine - INFO - [TASK] Risk monitor started
2026-01-15 12:58:23,771 - core.engine - INFO - [TASK] Position sync started
2026-01-15 12:58:25,565 - core.engine - ERROR - Position sync error: 'api' object has no attribute 'positions'
Traceback (most recent call last):
  File "C:\Rahul\06_Nikku\Strategies\PureOptionsBot\core\engine.py", line 328, in position_sync_task
    )
  File "C:\Rahul\06_Nikku\Strategies\PureOptionsBot\core\engine.py", line 341, in _sync_positions
    """
        
AttributeError: 'api' object has no attribute 'positions'
2026-01-15 12:58:29,683 - httpx - INFO - HTTP Request: POST http://127.0.0.1:5000/api/v1/positionbook "HTTP/1.1 200 OK"
2026-01-15 12:58:35,578 - core.engine - ERROR - Position sync error: 'api' object has no attribute 'positions'
Traceback (most recent call last):
  File "C:\Rahul\06_Nikku\Strategies\PureOptionsBot\core\engine.py", line 328, in position_sync_task
    )
  File "C:\Rahul\06_Nikku\Strategies\PureOptionsBot\core\engine.py", line 341, in _sync_positions
    """
        
AttributeError: 'api' object has no attribute 'positions'
2026-01-15 12:58:39,952 - httpx - INFO - HTTP Request: POST http://127.0.0.1:5000/api/v1/positionbook "HTTP/1.1 200 OK"
2026-01-15 12:58:45,591 - core.engine - ERROR - Position sync error: 'api' object has no attribute 'positions'
Traceback (most recent call last):
  File "C:\Rahul\06_Nikku\Strategies\PureOptionsBot\core\engine.py", line 328, in position_sync_task
    )
  File "C:\Rahul\06_Nikku\Strategies\PureOptionsBot\core\engine.py", line 341, in _sync_positions
    """
        
AttributeError: 'api' object has no attribute 'positions'
2026-01-15 12:58:50,219 - httpx - INFO - HTTP Request: POST http://127.0.0.1:5000/api/v1/positionbook "HTTP/1.1 200 OK"
2026-01-15 12:58:55,611 - core.engine - ERROR - Position sync error: 'api' object has no attribute 'positions'
Traceback (most recent call last):
  File "C:\Rahul\06_Nikku\Strategies\PureOptionsBot\core\engine.py", line 328, in position_sync_task
    )
  File "C:\Rahul\06_Nikku\Strategies\PureOptionsBot\core\engine.py", line 341, in _sync_positions
    """
        
AttributeError: 'api' object has no attribute 'positions'
2026-01-15 12:59:00,224 - httpx - INFO - HTTP Request: POST http://127.0.0.1:5000/api/v1/history "HTTP/1.1 200 OK"
2026-01-15 12:59:00,672 - httpx - INFO - HTTP Request: POST http://127.0.0.1:5000/api/v1/positionbook "HTTP/1.1 200 OK"
2026-01-15 12:59:01,063 - httpx - INFO - HTTP Request: POST http://127.0.0.1:5000/api/v1/history "HTTP/1.1 200 OK"
2026-01-15 12:59:05,624 - core.engine - ERROR - Position sync error: 'api' object has no attribute 'positions'
Traceback (most recent call last):
  File "C:\Rahul\06_Nikku\Strategies\PureOptionsBot\core\engine.py", line 328, in position_sync_task
    )
  File "C:\Rahul\06_Nikku\Strategies\PureOptionsBot\core\engine.py", line 341, in _sync_positions
    """
        
AttributeError: 'api' object has no attribute 'positions'
2026-01-15 12:59:10,956 - httpx - INFO - HTTP Request: POST http://127.0.0.1:5000/api/v1/positionbook "HTTP/1.1 200 OK"
2026-01-15 12:59:15,644 - core.engine - ERROR - Position sync error: 'api' object has no attribute 'positions'
Traceback (most recent call last):
  File "C:\Rahul\06_Nikku\Strategies\PureOptionsBot\core\engine.py", line 328, in position_sync_task
    )
  File "C:\Rahul\06_Nikku\Strategies\PureOptionsBot\core\engine.py", line 341, in _sync_positions
    """
        
AttributeError: 'api' object has no attribute 'positions'
2026-01-15 12:59:21,217 - httpx - INFO - HTTP Request: POST http://127.0.0.1:5000/api/v1/positionbook "HTTP/1.1 200 OK"
2026-01-15 12:59:25,663 - core.engine - ERROR - Position sync error: 'api' object has no attribute 'positions'
Traceback (most recent call last):
  File "C:\Rahul\06_Nikku\Strategies\PureOptionsBot\core\engine.py", line 328, in position_sync_task
    )
  File "C:\Rahul\06_Nikku\Strategies\PureOptionsBot\core\engine.py", line 341, in _sync_positions
    """
        
AttributeError: 'api' object has no attribute 'positions'
2026-01-15 12:59:31,503 - httpx - INFO - HTTP Request: POST http://127.0.0.1:5000/api/v1/positionbook "HTTP/1.1 200 OK"
2026-01-15 12:59:35,674 - core.engine - ERROR - Position sync error: 'api' object has no attribute 'positions'
Traceback (most recent call last):
  File "C:\Rahul\06_Nikku\Strategies\PureOptionsBot\core\engine.py", line 328, in position_sync_task
    )
  File "C:\Rahul\06_Nikku\Strategies\PureOptionsBot\core\engine.py", line 341, in _sync_positions
    """
        
AttributeError: 'api' object has no attribute 'positions'
2026-01-15 12:59:41,771 - httpx - INFO - HTTP Request: POST http://127.0.0.1:5000/api/v1/positionbook "HTTP/1.1 200 OK"
2026-01-15 12:59:45,694 - core.engine - ERROR - Position sync error: 'api' object has no attribute 'positions'
Traceback (most recent call last):
  File "C:\Rahul\06_Nikku\Strategies\PureOptionsBot\core\engine.py", line 328, in position_sync_task
    )
  File "C:\Rahul\06_Nikku\Strategies\PureOptionsBot\core\engine.py", line 341, in _sync_positions
    """
        
AttributeError: 'api' object has no attribute 'positions'
2026-01-15 12:59:52,040 - httpx - INFO - HTTP Request: POST http://127.0.0.1:5000/api/v1/positionbook "HTTP/1.1 200 OK"
2026-01-15 12:59:55,704 - core.engine - ERROR - Position sync error: 'api' object has no attribute 'positions'
Traceback (most recent call last):
  File "C:\Rahul\06_Nikku\Strategies\PureOptionsBot\core\engine.py", line 328, in position_sync_task
    )
  File "C:\Rahul\06_Nikku\Strategies\PureOptionsBot\core\engine.py", line 341, in _sync_positions
    """
        
AttributeError: 'api' object has no attribute 'positions'
2026-01-15 13:00:01,957 - httpx - INFO - HTTP Request: POST http://127.0.0.1:5000/api/v1/history "HTTP/1.1 200 OK"
2026-01-15 13:00:02,399 - httpx - INFO - HTTP Request: POST http://127.0.0.1:5000/api/v1/positionbook "HTTP/1.1 200 OK"
2026-01-15 13:00:02,656 - httpx - INFO - HTTP Request: POST http://127.0.0.1:5000/api/v1/history "HTTP/1.1 200 OK"
2026-01-15 13:00:05,726 - core.engine - ERROR - Position sync error: 'api' object has no attribute 'positions'
Traceback (most recent call last):
  File "C:\Rahul\06_Nikku\Strategies\PureOptionsBot\core\engine.py", line 328, in position_sync_task
    )
  File "C:\Rahul\06_Nikku\Strategies\PureOptionsBot\core\engine.py", line 341, in _sync_positions
    """
        
AttributeError: 'api' object has no attribute 'positions'
2026-01-15 13:00:12,674 - httpx - INFO - HTTP Request: POST http://127.0.0.1:5000/api/v1/positionbook "HTTP/1.1 200 OK"
2026-01-15 13:00:15,740 - core.engine - ERROR - Position sync error: 'api' object has no attribute 'positions'
Traceback (most recent call last):
  File "C:\Rahul\06_Nikku\Strategies\PureOptionsBot\core\engine.py", line 328, in position_sync_task
    )
  File "C:\Rahul\06_Nikku\Strategies\PureOptionsBot\core\engine.py", line 341, in _sync_positions
    """
        
AttributeError: 'api' object has no attribute 'positions'
2026-01-15 13:00:22,952 - httpx - INFO - HTTP Request: POST http://127.0.0.1:5000/api/v1/positionbook "HTTP/1.1 200 OK"
2026-01-15 13:00:25,759 - core.engine - ERROR - Position sync error: 'api' object has no attribute 'positions'
Traceback (most recent call last):
  File "C:\Rahul\06_Nikku\Strategies\PureOptionsBot\core\engine.py", line 328, in position_sync_task
    )
  File "C:\Rahul\06_Nikku\Strategies\PureOptionsBot\core\engine.py", line 341, in _sync_positions
    """
        
AttributeError: 'api' object has no attribute 'positions'
2026-01-15 13:00:33,245 - httpx - INFO - HTTP Request: POST http://127.0.0.1:5000/api/v1/positionbook "HTTP/1.1 200 OK"
2026-01-15 13:00:35,768 - core.engine - ERROR - Position sync error: 'api' object has no attribute 'positions'
Traceback (most recent call last):
  File "C:\Rahul\06_Nikku\Strategies\PureOptionsBot\core\engine.py", line 328, in position_sync_task
    )
  File "C:\Rahul\06_Nikku\Strategies\PureOptionsBot\core\engine.py", line 341, in _sync_positions
    """
        
AttributeError: 'api' object has no attribute 'positions'
2026-01-15 13:00:43,526 - httpx - INFO - HTTP Request: POST http://127.0.0.1:5000/api/v1/positionbook "HTTP/1.1 200 OK"
2026-01-15 13:00:45,775 - core.engine - ERROR - Position sync error: 'api' object has no attribute 'positions'
Traceback (most recent call last):
  File "C:\Rahul\06_Nikku\Strategies\PureOptionsBot\core\engine.py", line 328, in position_sync_task
    )
  File "C:\Rahul\06_Nikku\Strategies\PureOptionsBot\core\engine.py", line 341, in _sync_positions
    """
        
AttributeError: 'api' object has no attribute 'positions'
2026-01-15 13:00:53,785 - httpx - INFO - HTTP Request: POST http://127.0.0.1:5000/api/v1/positionbook "HTTP/1.1 200 OK"
2026-01-15 13:00:55,782 - core.engine - ERROR - Position sync error: 'api' object has no attribute 'positions'
Traceback (most recent call last):
  File "C:\Rahul\06_Nikku\Strategies\PureOptionsBot\core\engine.py", line 328, in position_sync_task
    )
  File "C:\Rahul\06_Nikku\Strategies\PureOptionsBot\core\engine.py", line 341, in _sync_positions
    """
        
AttributeError: 'api' object has no attribute 'positions'
2026-01-15 13:01:03,490 - httpx - INFO - HTTP Request: POST http://127.0.0.1:5000/api/v1/history "HTTP/1.1 200 OK"
2026-01-15 13:01:04,062 - httpx - INFO - HTTP Request: POST http://127.0.0.1:5000/api/v1/positionbook "HTTP/1.1 200 OK"
2026-01-15 13:01:04,107 - httpx - INFO - HTTP Request: POST http://127.0.0.1:5000/api/v1/history "HTTP/1.1 200 OK"
2026-01-15 13:01:05,796 - core.engine - ERROR - Position sync error: 'api' object has no attribute 'positions'
Traceback (most recent call last):
  File "C:\Rahul\06_Nikku\Strategies\PureOptionsBot\core\engine.py", line 328, in position_sync_task
    )
  File "C:\Rahul\06_Nikku\Strategies\PureOptionsBot\core\engine.py", line 341, in _sync_positions
    """
        
AttributeError: 'api' object has no attribute 'positions'
2026-01-15 13:01:14,342 - httpx - INFO - HTTP Request: POST http://127.0.0.1:5000/api/v1/positionbook "HTTP/1.1 200 OK"
2026-01-15 13:01:15,814 - core.engine - ERROR - Position sync error: 'api' object has no attribute 'positions'
Traceback (most recent call last):
  File "C:\Rahul\06_Nikku\Strategies\PureOptionsBot\core\engine.py", line 328, in position_sync_task
    )
  File "C:\Rahul\06_Nikku\Strategies\PureOptionsBot\core\engine.py", line 341, in _sync_positions
    """
        
AttributeError: 'api' object has no attribute 'positions'
2026-01-15 13:01:24,618 - httpx - INFO - HTTP Request: POST http://127.0.0.1:5000/api/v1/positionbook "HTTP/1.1 200 OK"
2026-01-15 13:01:25,822 - core.engine - ERROR - Position sync error: 'api' object has no attribute 'positions'
Traceback (most recent call last):
  File "C:\Rahul\06_Nikku\Strategies\PureOptionsBot\core\engine.py", line 328, in position_sync_task
    )
  File "C:\Rahul\06_Nikku\Strategies\PureOptionsBot\core\engine.py", line 341, in _sync_positions
    """
        
AttributeError: 'api' object has no attribute 'positions'
2026-01-15 13:01:34,874 - httpx - INFO - HTTP Request: POST http://127.0.0.1:5000/api/v1/positionbook "HTTP/1.1 200 OK"
2026-01-15 13:01:35,825 - core.engine - ERROR - Position sync error: 'api' object has no attribute 'positions'
Traceback (most recent call last):
  File "C:\Rahul\06_Nikku\Strategies\PureOptionsBot\core\engine.py", line 328, in position_sync_task
    )
  File "C:\Rahul\06_Nikku\Strategies\PureOptionsBot\core\engine.py", line 341, in _sync_positions
    """
        
AttributeError: 'api' object has no attribute 'positions'
2026-01-15 13:01:45,141 - httpx - INFO - HTTP Request: POST http://127.0.0.1:5000/api/v1/positionbook "HTTP/1.1 200 OK"
2026-01-15 13:01:45,853 - core.engine - ERROR - Position sync error: 'api' object has no attribute 'positions'
Traceback (most recent call last):
  File "C:\Rahul\06_Nikku\Strategies\PureOptionsBot\core\engine.py", line 328, in position_sync_task
    )
  File "C:\Rahul\06_Nikku\Strategies\PureOptionsBot\core\engine.py", line 341, in _sync_positions
    """
        
AttributeError: 'api' object has no attribute 'positions'
2026-01-15 13:01:46,118 - __main__ - INFO - Configuration banner printed
2026-01-15 13:01:46,741 - __main__ - INFO - API client loaded from PureOptionsStrategy.py
2026-01-15 13:01:47,295 - core.engine - INFO - Trading Engine initialized
2026-01-15 13:01:47,295 - __main__ - INFO - Trading Engine created successfully
2026-01-15 13:01:47,295 - core.engine - INFO - Starting Trading Engine...
2026-01-15 13:01:48,002 - core.engine - INFO - [TASK] Signal scanner started
2026-01-15 13:01:48,004 - core.engine - INFO - [TASK] Risk monitor started
2026-01-15 13:01:48,004 - core.engine - INFO - [TASK] Position sync started
2026-01-15 13:01:55,417 - httpx - INFO - HTTP Request: POST http://127.0.0.1:5000/api/v1/positionbook "HTTP/1.1 200 OK"
2026-01-15 13:01:55,862 - core.engine - ERROR - Position sync error: 'api' object has no attribute 'positions'
Traceback (most recent call last):
  File "C:\Rahul\06_Nikku\Strategies\PureOptionsBot\core\engine.py", line 328, in position_sync_task
    )
  File "C:\Rahul\06_Nikku\Strategies\PureOptionsBot\core\engine.py", line 341, in _sync_positions
    """
        
AttributeError: 'api' object has no attribute 'positions'
2026-01-15 13:02:05,085 - httpx - INFO - HTTP Request: POST http://127.0.0.1:5000/api/v1/history "HTTP/1.1 200 OK"
2026-01-15 13:02:05,675 - httpx - INFO - HTTP Request: POST http://127.0.0.1:5000/api/v1/positionbook "HTTP/1.1 200 OK"
2026-01-15 13:02:05,715 - httpx - INFO - HTTP Request: POST http://127.0.0.1:5000/api/v1/history "HTTP/1.1 200 OK"
2026-01-15 13:02:05,881 - core.engine - ERROR - Position sync error: 'api' object has no attribute 'positions'
Traceback (most recent call last):
  File "C:\Rahul\06_Nikku\Strategies\PureOptionsBot\core\engine.py", line 328, in position_sync_task
    )
  File "C:\Rahul\06_Nikku\Strategies\PureOptionsBot\core\engine.py", line 341, in _sync_positions
    """
        
AttributeError: 'api' object has no attribute 'positions'
2026-01-15 13:02:15,874 - core.engine - ERROR - Position sync error: 'api' object has no attribute 'positions'
Traceback (most recent call last):
  File "C:\Rahul\06_Nikku\Strategies\PureOptionsBot\core\engine.py", line 328, in position_sync_task
    )
  File "C:\Rahul\06_Nikku\Strategies\PureOptionsBot\core\engine.py", line 341, in _sync_positions
    """
        
AttributeError: 'api' object has no attribute 'positions'
2026-01-15 13:02:15,955 - httpx - INFO - HTTP Request: POST http://127.0.0.1:5000/api/v1/positionbook "HTTP/1.1 200 OK"
2026-01-15 13:02:25,893 - core.engine - ERROR - Position sync error: 'api' object has no attribute 'positions'
Traceback (most recent call last):
  File "C:\Rahul\06_Nikku\Strategies\PureOptionsBot\core\engine.py", line 328, in position_sync_task
    )
  File "C:\Rahul\06_Nikku\Strategies\PureOptionsBot\core\engine.py", line 341, in _sync_positions
    """
        
AttributeError: 'api' object has no attribute 'positions'
2026-01-15 13:02:26,416 - httpx - INFO - HTTP Request: POST http://127.0.0.1:5000/api/v1/positionbook "HTTP/1.1 200 OK"
2026-01-15 13:02:35,917 - core.engine - ERROR - Position sync error: 'api' object has no attribute 'positions'
Traceback (most recent call last):
  File "C:\Rahul\06_Nikku\Strategies\PureOptionsBot\core\engine.py", line 328, in position_sync_task
    )
  File "C:\Rahul\06_Nikku\Strategies\PureOptionsBot\core\engine.py", line 341, in _sync_positions
    """
        
AttributeError: 'api' object has no attribute 'positions'
2026-01-15 13:02:36,957 - httpx - INFO - HTTP Request: POST http://127.0.0.1:5000/api/v1/positionbook "HTTP/1.1 200 OK"
2026-01-15 13:02:45,923 - core.engine - ERROR - Position sync error: 'api' object has no attribute 'positions'
Traceback (most recent call last):
  File "C:\Rahul\06_Nikku\Strategies\PureOptionsBot\core\engine.py", line 328, in position_sync_task
    )
  File "C:\Rahul\06_Nikku\Strategies\PureOptionsBot\core\engine.py", line 341, in _sync_positions
    """
        
AttributeError: 'api' object has no attribute 'positions'
2026-01-15 13:02:47,399 - httpx - INFO - HTTP Request: POST http://127.0.0.1:5000/api/v1/positionbook "HTTP/1.1 200 OK"
2026-01-15 13:02:55,946 - core.engine - ERROR - Position sync error: 'api' object has no attribute 'positions'
Traceback (most recent call last):
  File "C:\Rahul\06_Nikku\Strategies\PureOptionsBot\core\engine.py", line 328, in position_sync_task
    )
  File "C:\Rahul\06_Nikku\Strategies\PureOptionsBot\core\engine.py", line 341, in _sync_positions
    """
        
AttributeError: 'api' object has no attribute 'positions'
2026-01-15 13:02:57,821 - httpx - INFO - HTTP Request: POST http://127.0.0.1:5000/api/v1/positionbook "HTTP/1.1 200 OK"
2026-01-15 13:03:05,955 - core.engine - ERROR - Position sync error: 'api' object has no attribute 'positions'
Traceback (most recent call last):
  File "C:\Rahul\06_Nikku\Strategies\PureOptionsBot\core\engine.py", line 328, in position_sync_task
    )
  File "C:\Rahul\06_Nikku\Strategies\PureOptionsBot\core\engine.py", line 341, in _sync_positions
    """
        
AttributeError: 'api' object has no attribute 'positions'
2026-01-15 13:03:06,781 - httpx - INFO - HTTP Request: POST http://127.0.0.1:5000/api/v1/history "HTTP/1.1 200 OK"
2026-01-15 13:03:07,613 - httpx - INFO - HTTP Request: POST http://127.0.0.1:5000/api/v1/history "HTTP/1.1 200 OK"
2026-01-15 13:03:08,100 - httpx - INFO - HTTP Request: POST http://127.0.0.1:5000/api/v1/positionbook "HTTP/1.1 200 OK"
2026-01-15 13:03:15,976 - core.engine - ERROR - Position sync error: 'api' object has no attribute 'positions'
Traceback (most recent call last):
  File "C:\Rahul\06_Nikku\Strategies\PureOptionsBot\core\engine.py", line 328, in position_sync_task
    )
  File "C:\Rahul\06_Nikku\Strategies\PureOptionsBot\core\engine.py", line 341, in _sync_positions
    """
        
AttributeError: 'api' object has no attribute 'positions'
2026-01-15 13:03:18,396 - httpx - INFO - HTTP Request: POST http://127.0.0.1:5000/api/v1/positionbook "HTTP/1.1 200 OK"
2026-01-15 13:03:25,988 - core.engine - ERROR - Position sync error: 'api' object has no attribute 'positions'
Traceback (most recent call last):
  File "C:\Rahul\06_Nikku\Strategies\PureOptionsBot\core\engine.py", line 328, in position_sync_task
    )
  File "C:\Rahul\06_Nikku\Strategies\PureOptionsBot\core\engine.py", line 341, in _sync_positions
    """
        
AttributeError: 'api' object has no attribute 'positions'
2026-01-15 13:03:28,661 - httpx - INFO - HTTP Request: POST http://127.0.0.1:5000/api/v1/positionbook "HTTP/1.1 200 OK"
2026-01-15 13:03:31,333 - __main__ - INFO - Goodbye!
2026-01-15 13:03:36,000 - core.engine - ERROR - Position sync error: 'api' object has no attribute 'positions'
Traceback (most recent call last):
  File "C:\Rahul\06_Nikku\Strategies\PureOptionsBot\core\engine.py", line 328, in position_sync_task
    )
  File "C:\Rahul\06_Nikku\Strategies\PureOptionsBot\core\engine.py", line 341, in _sync_positions
    """
        
AttributeError: 'api' object has no attribute 'positions'
2026-01-15 13:03:38,918 - httpx - INFO - HTTP Request: POST http://127.0.0.1:5000/api/v1/positionbook "HTTP/1.1 200 OK"
2026-01-15 13:03:46,004 - core.engine - ERROR - Position sync error: 'api' object has no attribute 'positions'
Traceback (most recent call last):
  File "C:\Rahul\06_Nikku\Strategies\PureOptionsBot\core\engine.py", line 328, in position_sync_task
    )
  File "C:\Rahul\06_Nikku\Strategies\PureOptionsBot\core\engine.py", line 341, in _sync_positions
    """
        
AttributeError: 'api' object has no attribute 'positions'
2026-01-15 13:03:49,200 - httpx - INFO - HTTP Request: POST http://127.0.0.1:5000/api/v1/positionbook "HTTP/1.1 200 OK"
2026-01-15 13:03:56,018 - core.engine - ERROR - Position sync error: 'api' object has no attribute 'positions'
Traceback (most recent call last):
  File "C:\Rahul\06_Nikku\Strategies\PureOptionsBot\core\engine.py", line 328, in position_sync_task
    )
  File "C:\Rahul\06_Nikku\Strategies\PureOptionsBot\core\engine.py", line 341, in _sync_positions
    """
        
AttributeError: 'api' object has no attribute 'positions'
2026-01-15 13:03:59,478 - httpx - INFO - HTTP Request: POST http://127.0.0.1:5000/api/v1/positionbook "HTTP/1.1 200 OK"
2026-01-15 13:04:06,035 - core.engine - ERROR - Position sync error: 'api' object has no attribute 'positions'
Traceback (most recent call last):
  File "C:\Rahul\06_Nikku\Strategies\PureOptionsBot\core\engine.py", line 328, in position_sync_task
    )
  File "C:\Rahul\06_Nikku\Strategies\PureOptionsBot\core\engine.py", line 341, in _sync_positions
    """
        
AttributeError: 'api' object has no attribute 'positions'
2026-01-15 13:04:08,462 - httpx - INFO - HTTP Request: POST http://127.0.0.1:5000/api/v1/history "HTTP/1.1 200 OK"
2026-01-15 13:04:09,088 - httpx - INFO - HTTP Request: POST http://127.0.0.1:5000/api/v1/history "HTTP/1.1 200 OK"
2026-01-15 13:04:09,750 - httpx - INFO - HTTP Request: POST http://127.0.0.1:5000/api/v1/positionbook "HTTP/1.1 200 OK"
2026-01-15 13:04:16,057 - core.engine - ERROR - Position sync error: 'api' object has no attribute 'positions'
Traceback (most recent call last):
  File "C:\Rahul\06_Nikku\Strategies\PureOptionsBot\core\engine.py", line 328, in position_sync_task
    )
  File "C:\Rahul\06_Nikku\Strategies\PureOptionsBot\core\engine.py", line 341, in _sync_positions
    """
        
AttributeError: 'api' object has no attribute 'positions'
2026-01-15 13:04:20,028 - httpx - INFO - HTTP Request: POST http://127.0.0.1:5000/api/v1/positionbook "HTTP/1.1 200 OK"
2026-01-15 13:04:26,073 - core.engine - ERROR - Position sync error: 'api' object has no attribute 'positions'
Traceback (most recent call last):
  File "C:\Rahul\06_Nikku\Strategies\PureOptionsBot\core\engine.py", line 328, in position_sync_task
    )
  File "C:\Rahul\06_Nikku\Strategies\PureOptionsBot\core\engine.py", line 341, in _sync_positions
    """
        
AttributeError: 'api' object has no attribute 'positions'
2026-01-15 13:04:30,316 - httpx - INFO - HTTP Request: POST http://127.0.0.1:5000/api/v1/positionbook "HTTP/1.1 200 OK"
2026-01-15 13:04:36,086 - core.engine - ERROR - Position sync error: 'api' object has no attribute 'positions'
Traceback (most recent call last):
  File "C:\Rahul\06_Nikku\Strategies\PureOptionsBot\core\engine.py", line 328, in position_sync_task
    )
  File "C:\Rahul\06_Nikku\Strategies\PureOptionsBot\core\engine.py", line 341, in _sync_positions
    """
        
AttributeError: 'api' object has no attribute 'positions'
2026-01-15 13:04:40,590 - httpx - INFO - HTTP Request: POST http://127.0.0.1:5000/api/v1/positionbook "HTTP/1.1 200 OK"
2026-01-15 13:04:46,090 - core.engine - ERROR - Position sync error: 'api' object has no attribute 'positions'
Traceback (most recent call last):
  File "C:\Rahul\06_Nikku\Strategies\PureOptionsBot\core\engine.py", line 328, in position_sync_task
    )
  File "C:\Rahul\06_Nikku\Strategies\PureOptionsBot\core\engine.py", line 341, in _sync_positions
    """
        
AttributeError: 'api' object has no attribute 'positions'
2026-01-15 13:04:50,873 - httpx - INFO - HTTP Request: POST http://127.0.0.1:5000/api/v1/positionbook "HTTP/1.1 200 OK"
2026-01-15 13:04:56,102 - core.engine - ERROR - Position sync error: 'api' object has no attribute 'positions'
Traceback (most recent call last):
  File "C:\Rahul\06_Nikku\Strategies\PureOptionsBot\core\engine.py", line 328, in position_sync_task
    )
  File "C:\Rahul\06_Nikku\Strategies\PureOptionsBot\core\engine.py", line 341, in _sync_positions
    """
        
AttributeError: 'api' object has no attribute 'positions'
2026-01-15 13:05:01,155 - httpx - INFO - HTTP Request: POST http://127.0.0.1:5000/api/v1/positionbook "HTTP/1.1 200 OK"
2026-01-15 13:05:06,106 - core.engine - ERROR - Position sync error: 'api' object has no attribute 'positions'
Traceback (most recent call last):
  File "C:\Rahul\06_Nikku\Strategies\PureOptionsBot\core\engine.py", line 328, in position_sync_task
    )
  File "C:\Rahul\06_Nikku\Strategies\PureOptionsBot\core\engine.py", line 341, in _sync_positions
    """
        
AttributeError: 'api' object has no attribute 'positions'
2026-01-15 13:05:09,936 - httpx - INFO - HTTP Request: POST http://127.0.0.1:5000/api/v1/history "HTTP/1.1 200 OK"
2026-01-15 13:05:10,522 - httpx - INFO - HTTP Request: POST http://127.0.0.1:5000/api/v1/history "HTTP/1.1 200 OK"
2026-01-15 13:05:11,421 - httpx - INFO - HTTP Request: POST http://127.0.0.1:5000/api/v1/positionbook "HTTP/1.1 200 OK"
2026-01-15 13:05:16,136 - core.engine - ERROR - Position sync error: 'api' object has no attribute 'positions'
Traceback (most recent call last):
  File "C:\Rahul\06_Nikku\Strategies\PureOptionsBot\core\engine.py", line 328, in position_sync_task
    )
  File "C:\Rahul\06_Nikku\Strategies\PureOptionsBot\core\engine.py", line 341, in _sync_positions
    """
        
AttributeError: 'api' object has no attribute 'positions'
2026-01-15 13:05:21,705 - httpx - INFO - HTTP Request: POST http://127.0.0.1:5000/api/v1/positionbook "HTTP/1.1 200 OK"
2026-01-15 13:05:26,143 - core.engine - ERROR - Position sync error: 'api' object has no attribute 'positions'
Traceback (most recent call last):
  File "C:\Rahul\06_Nikku\Strategies\PureOptionsBot\core\engine.py", line 328, in position_sync_task
    )
  File "C:\Rahul\06_Nikku\Strategies\PureOptionsBot\core\engine.py", line 341, in _sync_positions
    """
        
AttributeError: 'api' object has no attribute 'positions'
2026-01-15 13:05:31,980 - httpx - INFO - HTTP Request: POST http://127.0.0.1:5000/api/v1/positionbook "HTTP/1.1 200 OK"
2026-01-15 13:05:36,146 - core.engine - ERROR - Position sync error: 'api' object has no attribute 'positions'
Traceback (most recent call last):
  File "C:\Rahul\06_Nikku\Strategies\PureOptionsBot\core\engine.py", line 328, in position_sync_task
    )
  File "C:\Rahul\06_Nikku\Strategies\PureOptionsBot\core\engine.py", line 341, in _sync_positions
    """
        
AttributeError: 'api' object has no attribute 'positions'
2026-01-15 13:05:42,269 - httpx - INFO - HTTP Request: POST http://127.0.0.1:5000/api/v1/positionbook "HTTP/1.1 200 OK"
2026-01-15 13:05:46,166 - core.engine - ERROR - Position sync error: 'api' object has no attribute 'positions'
Traceback (most recent call last):
  File "C:\Rahul\06_Nikku\Strategies\PureOptionsBot\core\engine.py", line 328, in position_sync_task
    )
  File "C:\Rahul\06_Nikku\Strategies\PureOptionsBot\core\engine.py", line 341, in _sync_positions
    """
        
AttributeError: 'api' object has no attribute 'positions'
2026-01-15 13:05:52,554 - httpx - INFO - HTTP Request: POST http://127.0.0.1:5000/api/v1/positionbook "HTTP/1.1 200 OK"
2026-01-15 13:05:56,170 - core.engine - ERROR - Position sync error: 'api' object has no attribute 'positions'
Traceback (most recent call last):
  File "C:\Rahul\06_Nikku\Strategies\PureOptionsBot\core\engine.py", line 328, in position_sync_task
    )
  File "C:\Rahul\06_Nikku\Strategies\PureOptionsBot\core\engine.py", line 341, in _sync_positions
    """
        
AttributeError: 'api' object has no attribute 'positions'
2026-01-15 13:06:02,836 - httpx - INFO - HTTP Request: POST http://127.0.0.1:5000/api/v1/positionbook "HTTP/1.1 200 OK"
2026-01-15 13:06:06,180 - core.engine - ERROR - Position sync error: 'api' object has no attribute 'positions'
Traceback (most recent call last):
  File "C:\Rahul\06_Nikku\Strategies\PureOptionsBot\core\engine.py", line 328, in position_sync_task
    )
  File "C:\Rahul\06_Nikku\Strategies\PureOptionsBot\core\engine.py", line 341, in _sync_positions
    """
        
AttributeError: 'api' object has no attribute 'positions'
2026-01-15 13:06:11,444 - httpx - INFO - HTTP Request: POST http://127.0.0.1:5000/api/v1/history "HTTP/1.1 200 OK"
2026-01-15 13:06:12,152 - httpx - INFO - HTTP Request: POST http://127.0.0.1:5000/api/v1/history "HTTP/1.1 200 OK"
2026-01-15 13:06:13,097 - httpx - INFO - HTTP Request: POST http://127.0.0.1:5000/api/v1/positionbook "HTTP/1.1 200 OK"
2026-01-15 13:06:16,188 - core.engine - ERROR - Position sync error: 'api' object has no attribute 'positions'
Traceback (most recent call last):
  File "C:\Rahul\06_Nikku\Strategies\PureOptionsBot\core\engine.py", line 328, in position_sync_task
    # Check for new signal
            ^^^^^^^^^^^^^^^
  File "C:\Rahul\06_Nikku\Strategies\PureOptionsBot\core\engine.py", line 341, in _sync_positions
    """
        
AttributeError: 'api' object has no attribute 'positions'
2026-01-15 13:06:23,370 - httpx - INFO - HTTP Request: POST http://127.0.0.1:5000/api/v1/positionbook "HTTP/1.1 200 OK"
2026-01-15 13:06:26,198 - core.engine - ERROR - Position sync error: 'api' object has no attribute 'positions'
Traceback (most recent call last):
  File "C:\Rahul\06_Nikku\Strategies\PureOptionsBot\core\engine.py", line 328, in position_sync_task
    # Check for new signal
            ^^^^^^^^^^^^^^^
  File "C:\Rahul\06_Nikku\Strategies\PureOptionsBot\core\engine.py", line 341, in _sync_positions
    """
        
AttributeError: 'api' object has no attribute 'positions'
2026-01-15 13:06:33,648 - httpx - INFO - HTTP Request: POST http://127.0.0.1:5000/api/v1/positionbook "HTTP/1.1 200 OK"
2026-01-15 13:06:36,210 - core.engine - ERROR - Position sync error: 'api' object has no attribute 'positions'
Traceback (most recent call last):
  File "C:\Rahul\06_Nikku\Strategies\PureOptionsBot\core\engine.py", line 328, in position_sync_task
    # Check for new signal
            ^^^^^^^^^^^^^^^
  File "C:\Rahul\06_Nikku\Strategies\PureOptionsBot\core\engine.py", line 341, in _sync_positions
    """
        
AttributeError: 'api' object has no attribute 'positions'
2026-01-15 13:06:44,092 - httpx - INFO - HTTP Request: POST http://127.0.0.1:5000/api/v1/positionbook "HTTP/1.1 200 OK"
2026-01-15 13:06:46,221 - core.engine - ERROR - Position sync error: 'api' object has no attribute 'positions'
Traceback (most recent call last):
  File "C:\Rahul\06_Nikku\Strategies\PureOptionsBot\core\engine.py", line 328, in position_sync_task
    # Check for new signal
            ^^^^^^^^^^^^^^^
  File "C:\Rahul\06_Nikku\Strategies\PureOptionsBot\core\engine.py", line 341, in _sync_positions
    """
        
AttributeError: 'api' object has no attribute 'positions'
2026-01-15 13:06:54,484 - httpx - INFO - HTTP Request: POST http://127.0.0.1:5000/api/v1/positionbook "HTTP/1.1 200 OK"
2026-01-15 13:06:56,231 - core.engine - ERROR - Position sync error: 'api' object has no attribute 'positions'
Traceback (most recent call last):
  File "C:\Rahul\06_Nikku\Strategies\PureOptionsBot\core\engine.py", line 328, in position_sync_task
    # Check for new signal
            ^^^^^^^^^^^^^^^
  File "C:\Rahul\06_Nikku\Strategies\PureOptionsBot\core\engine.py", line 341, in _sync_positions
    """
        
AttributeError: 'api' object has no attribute 'positions'
2026-01-15 13:07:05,018 - httpx - INFO - HTTP Request: POST http://127.0.0.1:5000/api/v1/positionbook "HTTP/1.1 200 OK"
2026-01-15 13:07:06,247 - core.engine - ERROR - Position sync error: 'api' object has no attribute 'positions'
Traceback (most recent call last):
  File "C:\Rahul\06_Nikku\Strategies\PureOptionsBot\core\engine.py", line 328, in position_sync_task
    # Check for new signal
            ^^^^^^^^^^^^^^^
  File "C:\Rahul\06_Nikku\Strategies\PureOptionsBot\core\engine.py", line 341, in _sync_positions
    """
        
AttributeError: 'api' object has no attribute 'positions'
2026-01-15 13:07:13,269 - httpx - INFO - HTTP Request: POST http://127.0.0.1:5000/api/v1/history "HTTP/1.1 200 OK"
2026-01-15 13:07:14,078 - httpx - INFO - HTTP Request: POST http://127.0.0.1:5000/api/v1/history "HTTP/1.1 200 OK"
2026-01-15 13:07:15,457 - httpx - INFO - HTTP Request: POST http://127.0.0.1:5000/api/v1/positionbook "HTTP/1.1 200 OK"
2026-01-15 13:07:16,269 - core.engine - ERROR - Position sync error: 'api' object has no attribute 'positions'
Traceback (most recent call last):
  File "C:\Rahul\06_Nikku\Strategies\PureOptionsBot\core\engine.py", line 328, in position_sync_task
    # Check for new signal
            ^^^^^^^^^^^^^^^
  File "C:\Rahul\06_Nikku\Strategies\PureOptionsBot\core\engine.py", line 341, in _sync_positions
    """
        
AttributeError: 'api' object has no attribute 'positions'
2026-01-15 13:07:25,842 - httpx - INFO - HTTP Request: POST http://127.0.0.1:5000/api/v1/positionbook "HTTP/1.1 200 OK"
2026-01-15 13:07:26,287 - core.engine - ERROR - Position sync error: 'api' object has no attribute 'positions'
Traceback (most recent call last):
  File "C:\Rahul\06_Nikku\Strategies\PureOptionsBot\core\engine.py", line 328, in position_sync_task
    # Check for new signal
            ^^^^^^^^^^^^^^^
  File "C:\Rahul\06_Nikku\Strategies\PureOptionsBot\core\engine.py", line 341, in _sync_positions
    """
        
AttributeError: 'api' object has no attribute 'positions'
2026-01-15 13:07:36,291 - core.engine - ERROR - Position sync error: 'api' object has no attribute 'positions'
Traceback (most recent call last):
  File "C:\Rahul\06_Nikku\Strategies\PureOptionsBot\core\engine.py", line 328, in position_sync_task
    # Check for new signal
            ^^^^^^^^^^^^^^^
  File "C:\Rahul\06_Nikku\Strategies\PureOptionsBot\core\engine.py", line 341, in _sync_positions
    """
        
AttributeError: 'api' object has no attribute 'positions'
2026-01-15 13:07:36,335 - httpx - INFO - HTTP Request: POST http://127.0.0.1:5000/api/v1/positionbook "HTTP/1.1 200 OK"
2026-01-15 13:07:46,285 - core.engine - ERROR - Position sync error: 'api' object has no attribute 'positions'
Traceback (most recent call last):
  File "C:\Rahul\06_Nikku\Strategies\PureOptionsBot\core\engine.py", line 328, in position_sync_task
    # Check for new signal
            ^^^^^^^^^^^^^^^
  File "C:\Rahul\06_Nikku\Strategies\PureOptionsBot\core\engine.py", line 341, in _sync_positions
    """
        
AttributeError: 'api' object has no attribute 'positions'
2026-01-15 13:07:46,616 - httpx - INFO - HTTP Request: POST http://127.0.0.1:5000/api/v1/positionbook "HTTP/1.1 200 OK"
2026-01-15 13:07:56,287 - core.engine - ERROR - Position sync error: 'api' object has no attribute 'positions'
Traceback (most recent call last):
  File "C:\Rahul\06_Nikku\Strategies\PureOptionsBot\core\engine.py", line 328, in position_sync_task
    # Check for new signal
            ^^^^^^^^^^^^^^^
  File "C:\Rahul\06_Nikku\Strategies\PureOptionsBot\core\engine.py", line 341, in _sync_positions
    """
        
AttributeError: 'api' object has no attribute 'positions'
2026-01-15 13:07:56,883 - httpx - INFO - HTTP Request: POST http://127.0.0.1:5000/api/v1/positionbook "HTTP/1.1 200 OK"
2026-01-15 13:08:06,289 - core.engine - ERROR - Position sync error: 'api' object has no attribute 'positions'
Traceback (most recent call last):
  File "C:\Rahul\06_Nikku\Strategies\PureOptionsBot\core\engine.py", line 328, in position_sync_task
    # Check for new signal
            ^^^^^^^^^^^^^^^
  File "C:\Rahul\06_Nikku\Strategies\PureOptionsBot\core\engine.py", line 341, in _sync_positions
    """
        
AttributeError: 'api' object has no attribute 'positions'
2026-01-15 13:08:07,147 - httpx - INFO - HTTP Request: POST http://127.0.0.1:5000/api/v1/positionbook "HTTP/1.1 200 OK"
2026-01-15 13:08:14,943 - httpx - INFO - HTTP Request: POST http://127.0.0.1:5000/api/v1/history "HTTP/1.1 200 OK"
2026-01-15 13:08:15,581 - httpx - INFO - HTTP Request: POST http://127.0.0.1:5000/api/v1/history "HTTP/1.1 200 OK"
2026-01-15 13:08:16,299 - core.engine - ERROR - Position sync error: 'api' object has no attribute 'positions'
Traceback (most recent call last):
  File "C:\Rahul\06_Nikku\Strategies\PureOptionsBot\core\engine.py", line 328, in position_sync_task
    # Check for new signal
            ^^^^^^^^^^^^^^^
  File "C:\Rahul\06_Nikku\Strategies\PureOptionsBot\core\engine.py", line 341, in _sync_positions
    """
        
AttributeError: 'api' object has no attribute 'positions'
2026-01-15 13:08:17,411 - httpx - INFO - HTTP Request: POST http://127.0.0.1:5000/api/v1/positionbook "HTTP/1.1 200 OK"
2026-01-15 13:08:26,309 - core.engine - ERROR - Position sync error: 'api' object has no attribute 'positions'
Traceback (most recent call last):
  File "C:\Rahul\06_Nikku\Strategies\PureOptionsBot\core\engine.py", line 328, in position_sync_task
    # Check for new signal
            ^^^^^^^^^^^^^^^
  File "C:\Rahul\06_Nikku\Strategies\PureOptionsBot\core\engine.py", line 341, in _sync_positions
    """
        
AttributeError: 'api' object has no attribute 'positions'
2026-01-15 13:08:27,676 - httpx - INFO - HTTP Request: POST http://127.0.0.1:5000/api/v1/positionbook "HTTP/1.1 200 OK"
2026-01-15 13:08:36,332 - core.engine - ERROR - Position sync error: 'api' object has no attribute 'positions'
Traceback (most recent call last):
  File "C:\Rahul\06_Nikku\Strategies\PureOptionsBot\core\engine.py", line 328, in position_sync_task
    # Check for new signal
            ^^^^^^^^^^^^^^^
  File "C:\Rahul\06_Nikku\Strategies\PureOptionsBot\core\engine.py", line 341, in _sync_positions
    """
        
AttributeError: 'api' object has no attribute 'positions'
2026-01-15 13:08:37,976 - httpx - INFO - HTTP Request: POST http://127.0.0.1:5000/api/v1/positionbook "HTTP/1.1 200 OK"
2026-01-15 13:08:46,338 - core.engine - ERROR - Position sync error: 'api' object has no attribute 'positions'
Traceback (most recent call last):
  File "C:\Rahul\06_Nikku\Strategies\PureOptionsBot\core\engine.py", line 328, in position_sync_task
    # Check for new signal
            ^^^^^^^^^^^^^^^
  File "C:\Rahul\06_Nikku\Strategies\PureOptionsBot\core\engine.py", line 341, in _sync_positions
    async def risk_monitor_task(self):
            ^^^^^^^^^^^^^^^^^^^^^
AttributeError: 'api' object has no attribute 'positions'
2026-01-15 13:08:48,259 - httpx - INFO - HTTP Request: POST http://127.0.0.1:5000/api/v1/positionbook "HTTP/1.1 200 OK"
2026-01-15 13:08:56,342 - core.engine - ERROR - Position sync error: 'api' object has no attribute 'positions'
Traceback (most recent call last):
  File "C:\Rahul\06_Nikku\Strategies\PureOptionsBot\core\engine.py", line 328, in position_sync_task
    # Check for new signal
            ^^^^^^^^^^^^^^^
  File "C:\Rahul\06_Nikku\Strategies\PureOptionsBot\core\engine.py", line 341, in _sync_positions
    async def risk_monitor_task(self):
            ^^^^^^^^^^^^^^^^^^^^^
AttributeError: 'api' object has no attribute 'positions'
2026-01-15 13:08:58,540 - httpx - INFO - HTTP Request: POST http://127.0.0.1:5000/api/v1/positionbook "HTTP/1.1 200 OK"
2026-01-15 13:09:06,363 - core.engine - ERROR - Position sync error: 'api' object has no attribute 'positions'
Traceback (most recent call last):
  File "C:\Rahul\06_Nikku\Strategies\PureOptionsBot\core\engine.py", line 328, in position_sync_task
    # Check for new signal
            ^^^^^^^^^^^^^^^
  File "C:\Rahul\06_Nikku\Strategies\PureOptionsBot\core\engine.py", line 341, in _sync_positions
    async def risk_monitor_task(self):
            ^^^^^^^^^^^^^^^^^^^^^
AttributeError: 'api' object has no attribute 'positions'
2026-01-15 13:09:08,810 - httpx - INFO - HTTP Request: POST http://127.0.0.1:5000/api/v1/positionbook "HTTP/1.1 200 OK"
2026-01-15 13:09:16,373 - core.engine - ERROR - Position sync error: 'api' object has no attribute 'positions'
Traceback (most recent call last):
  File "C:\Rahul\06_Nikku\Strategies\PureOptionsBot\core\engine.py", line 328, in position_sync_task
    # Check for new signal
            ^^^^^^^^^^^^^^^
  File "C:\Rahul\06_Nikku\Strategies\PureOptionsBot\core\engine.py", line 341, in _sync_positions
    async def risk_monitor_task(self):
            ^^^^^^^^^^^^^^^^^^^^^
AttributeError: 'api' object has no attribute 'positions'
2026-01-15 13:09:16,420 - httpx - INFO - HTTP Request: POST http://127.0.0.1:5000/api/v1/history "HTTP/1.1 200 OK"
2026-01-15 13:09:17,058 - httpx - INFO - HTTP Request: POST http://127.0.0.1:5000/api/v1/history "HTTP/1.1 200 OK"
2026-01-15 13:09:19,091 - httpx - INFO - HTTP Request: POST http://127.0.0.1:5000/api/v1/positionbook "HTTP/1.1 200 OK"
2026-01-15 13:09:26,384 - core.engine - ERROR - Position sync error: 'api' object has no attribute 'positions'
Traceback (most recent call last):
  File "C:\Rahul\06_Nikku\Strategies\PureOptionsBot\core\engine.py", line 328, in position_sync_task
    # Check for new signal
            ^^^^^^^^^^^^^^^
  File "C:\Rahul\06_Nikku\Strategies\PureOptionsBot\core\engine.py", line 341, in _sync_positions
    async def risk_monitor_task(self):
            ^^^^^^^^^^^^^^^^^^^^^
AttributeError: 'api' object has no attribute 'positions'
2026-01-15 13:09:29,372 - httpx - INFO - HTTP Request: POST http://127.0.0.1:5000/api/v1/positionbook "HTTP/1.1 200 OK"
2026-01-15 13:09:36,381 - core.engine - ERROR - Position sync error: 'api' object has no attribute 'positions'
Traceback (most recent call last):
  File "C:\Rahul\06_Nikku\Strategies\PureOptionsBot\core\engine.py", line 328, in position_sync_task
    # Check for new signal
            ^^^^^^^^^^^^^^^
  File "C:\Rahul\06_Nikku\Strategies\PureOptionsBot\core\engine.py", line 341, in _sync_positions
    async def risk_monitor_task(self):
            ^^^^^^^^^^^^^^^^^^^^^
AttributeError: 'api' object has no attribute 'positions'
2026-01-15 13:09:39,667 - httpx - INFO - HTTP Request: POST http://127.0.0.1:5000/api/v1/positionbook "HTTP/1.1 200 OK"
2026-01-15 13:09:46,390 - core.engine - ERROR - Position sync error: 'api' object has no attribute 'positions'
Traceback (most recent call last):
  File "C:\Rahul\06_Nikku\Strategies\PureOptionsBot\core\engine.py", line 328, in position_sync_task
    # Check for new signal
            ^^^^^^^^^^^^^^^
  File "C:\Rahul\06_Nikku\Strategies\PureOptionsBot\core\engine.py", line 341, in _sync_positions
AttributeError: 'api' object has no attribute 'positions'
2026-01-15 13:09:49,938 - httpx - INFO - HTTP Request: POST http://127.0.0.1:5000/api/v1/positionbook "HTTP/1.1 200 OK"
2026-01-15 13:09:56,411 - core.engine - ERROR - Position sync error: 'api' object has no attribute 'positions'
Traceback (most recent call last):
  File "C:\Rahul\06_Nikku\Strategies\PureOptionsBot\core\engine.py", line 328, in position_sync_task
    # Check for new signal
            ^^^^^^^^^^^^^^^
  File "C:\Rahul\06_Nikku\Strategies\PureOptionsBot\core\engine.py", line 341, in _sync_positions
AttributeError: 'api' object has no attribute 'positions'
2026-01-15 13:10:00,207 - httpx - INFO - HTTP Request: POST http://127.0.0.1:5000/api/v1/positionbook "HTTP/1.1 200 OK"
2026-01-15 13:10:06,426 - core.engine - ERROR - Position sync error: 'api' object has no attribute 'positions'
Traceback (most recent call last):
  File "C:\Rahul\06_Nikku\Strategies\PureOptionsBot\core\engine.py", line 328, in position_sync_task
    # Check for new signal
            ^^^^^^^^^^^^^^^
  File "C:\Rahul\06_Nikku\Strategies\PureOptionsBot\core\engine.py", line 341, in _sync_positions
AttributeError: 'api' object has no attribute 'positions'
2026-01-15 13:10:10,470 - httpx - INFO - HTTP Request: POST http://127.0.0.1:5000/api/v1/positionbook "HTTP/1.1 200 OK"
2026-01-15 13:10:16,439 - core.engine - ERROR - Position sync error: 'api' object has no attribute 'positions'
Traceback (most recent call last):
  File "C:\Rahul\06_Nikku\Strategies\PureOptionsBot\core\engine.py", line 328, in position_sync_task
    # Check for new signal
            ^^^^^^^^^^^^^^^
  File "C:\Rahul\06_Nikku\Strategies\PureOptionsBot\core\engine.py", line 341, in _sync_positions
AttributeError: 'api' object has no attribute 'positions'
2026-01-15 13:10:17,881 - httpx - INFO - HTTP Request: POST http://127.0.0.1:5000/api/v1/history "HTTP/1.1 200 OK"
2026-01-15 13:10:18,501 - httpx - INFO - HTTP Request: POST http://127.0.0.1:5000/api/v1/history "HTTP/1.1 200 OK"
2026-01-15 13:10:20,754 - httpx - INFO - HTTP Request: POST http://127.0.0.1:5000/api/v1/positionbook "HTTP/1.1 200 OK"
2026-01-15 13:10:26,450 - core.engine - ERROR - Position sync error: 'api' object has no attribute 'positions'
Traceback (most recent call last):
  File "C:\Rahul\06_Nikku\Strategies\PureOptionsBot\core\engine.py", line 328, in position_sync_task
    # Check for new signal
            ^^^^^^^^^^^^^^^
  File "C:\Rahul\06_Nikku\Strategies\PureOptionsBot\core\engine.py", line 341, in _sync_positions
AttributeError: 'api' object has no attribute 'positions'
2026-01-15 13:10:31,040 - httpx - INFO - HTTP Request: POST http://127.0.0.1:5000/api/v1/positionbook "HTTP/1.1 200 OK"
2026-01-15 13:10:36,452 - core.engine - ERROR - Position sync error: 'api' object has no attribute 'positions'
Traceback (most recent call last):
  File "C:\Rahul\06_Nikku\Strategies\PureOptionsBot\core\engine.py", line 328, in position_sync_task
    # Check for new signal
            ^^^^^^^^^^^^^^^
  File "C:\Rahul\06_Nikku\Strategies\PureOptionsBot\core\engine.py", line 341, in _sync_positions
AttributeError: 'api' object has no attribute 'positions'
2026-01-15 13:10:41,319 - httpx - INFO - HTTP Request: POST http://127.0.0.1:5000/api/v1/positionbook "HTTP/1.1 200 OK"
2026-01-15 13:10:46,474 - core.engine - ERROR - Position sync error: 'api' object has no attribute 'positions'
Traceback (most recent call last):
  File "C:\Rahul\06_Nikku\Strategies\PureOptionsBot\core\engine.py", line 328, in position_sync_task
    # Check for new signal
            ^^^^^^^^^^^^^^^
  File "C:\Rahul\06_Nikku\Strategies\PureOptionsBot\core\engine.py", line 341, in _sync_positions
AttributeError: 'api' object has no attribute 'positions'
2026-01-15 13:10:51,598 - httpx - INFO - HTTP Request: POST http://127.0.0.1:5000/api/v1/positionbook "HTTP/1.1 200 OK"
2026-01-15 13:10:56,487 - core.engine - ERROR - Position sync error: 'api' object has no attribute 'positions'
Traceback (most recent call last):
  File "C:\Rahul\06_Nikku\Strategies\PureOptionsBot\core\engine.py", line 328, in position_sync_task
    # Check for new signal
            ^^^^^^^^^^^^^^^
  File "C:\Rahul\06_Nikku\Strategies\PureOptionsBot\core\engine.py", line 341, in _sync_positions
AttributeError: 'api' object has no attribute 'positions'
2026-01-15 13:11:01,877 - httpx - INFO - HTTP Request: POST http://127.0.0.1:5000/api/v1/positionbook "HTTP/1.1 200 OK"
2026-01-15 13:11:06,508 - core.engine - ERROR - Position sync error: 'api' object has no attribute 'positions'
Traceback (most recent call last):
  File "C:\Rahul\06_Nikku\Strategies\PureOptionsBot\core\engine.py", line 328, in position_sync_task
    # Check for new signal
            ^^^^^^^^^^^^^^^
  File "C:\Rahul\06_Nikku\Strategies\PureOptionsBot\core\engine.py", line 341, in _sync_positions
AttributeError: 'api' object has no attribute 'positions'
2026-01-15 13:11:12,144 - httpx - INFO - HTTP Request: POST http://127.0.0.1:5000/api/v1/positionbook "HTTP/1.1 200 OK"
2026-01-15 13:11:16,509 - core.engine - ERROR - Position sync error: 'api' object has no attribute 'positions'
Traceback (most recent call last):
  File "C:\Rahul\06_Nikku\Strategies\PureOptionsBot\core\engine.py", line 328, in position_sync_task
    # Check for new signal
            ^^^^^^^^^^^^^^^
  File "C:\Rahul\06_Nikku\Strategies\PureOptionsBot\core\engine.py", line 341, in _sync_positions
AttributeError: 'api' object has no attribute 'positions'
2026-01-15 13:11:19,450 - httpx - INFO - HTTP Request: POST http://127.0.0.1:5000/api/v1/history "HTTP/1.1 200 OK"
2026-01-15 13:11:20,079 - httpx - INFO - HTTP Request: POST http://127.0.0.1:5000/api/v1/history "HTTP/1.1 200 OK"
2026-01-15 13:11:22,433 - httpx - INFO - HTTP Request: POST http://127.0.0.1:5000/api/v1/positionbook "HTTP/1.1 200 OK"
2026-01-15 13:11:26,505 - core.engine - ERROR - Position sync error: 'api' object has no attribute 'positions'
Traceback (most recent call last):
  File "C:\Rahul\06_Nikku\Strategies\PureOptionsBot\core\engine.py", line 328, in position_sync_task
    # Check for new signal
            ^^^^^^^^^^^^^^^
  File "C:\Rahul\06_Nikku\Strategies\PureOptionsBot\core\engine.py", line 341, in _sync_positions
AttributeError: 'api' object has no attribute 'positions'
2026-01-15 13:11:32,699 - httpx - INFO - HTTP Request: POST http://127.0.0.1:5000/api/v1/positionbook "HTTP/1.1 200 OK"
2026-01-15 13:11:36,522 - core.engine - ERROR - Position sync error: 'api' object has no attribute 'positions'
Traceback (most recent call last):
  File "C:\Rahul\06_Nikku\Strategies\PureOptionsBot\core\engine.py", line 328, in position_sync_task
    # Check for new signal
            ^^^^^^^^^^^^^^^
  File "C:\Rahul\06_Nikku\Strategies\PureOptionsBot\core\engine.py", line 341, in _sync_positions
AttributeError: 'api' object has no attribute 'positions'
2026-01-15 13:11:42,981 - httpx - INFO - HTTP Request: POST http://127.0.0.1:5000/api/v1/positionbook "HTTP/1.1 200 OK"
2026-01-15 13:11:46,535 - core.engine - ERROR - Position sync error: 'api' object has no attribute 'positions'
Traceback (most recent call last):
  File "C:\Rahul\06_Nikku\Strategies\PureOptionsBot\core\engine.py", line 328, in position_sync_task
    # Check for new signal
            ^^^^^^^^^^^^^^^
  File "C:\Rahul\06_Nikku\Strategies\PureOptionsBot\core\engine.py", line 341, in _sync_positions
AttributeError: 'api' object has no attribute 'positions'
2026-01-15 13:11:53,275 - httpx - INFO - HTTP Request: POST http://127.0.0.1:5000/api/v1/positionbook "HTTP/1.1 200 OK"
2026-01-15 13:11:56,537 - core.engine - ERROR - Position sync error: 'api' object has no attribute 'positions'
Traceback (most recent call last):
  File "C:\Rahul\06_Nikku\Strategies\PureOptionsBot\core\engine.py", line 328, in position_sync_task
    # Check for new signal
            ^^^^^^^^^^^^^^^
  File "C:\Rahul\06_Nikku\Strategies\PureOptionsBot\core\engine.py", line 341, in _sync_positions
AttributeError: 'api' object has no attribute 'positions'
2026-01-15 13:12:03,538 - httpx - INFO - HTTP Request: POST http://127.0.0.1:5000/api/v1/positionbook "HTTP/1.1 200 OK"
2026-01-15 13:12:06,551 - core.engine - ERROR - Position sync error: 'api' object has no attribute 'positions'
Traceback (most recent call last):
  File "C:\Rahul\06_Nikku\Strategies\PureOptionsBot\core\engine.py", line 328, in position_sync_task
    # Check for new signal
            ^^^^^^^^^^^^^^^
  File "C:\Rahul\06_Nikku\Strategies\PureOptionsBot\core\engine.py", line 341, in _sync_positions
AttributeError: 'api' object has no attribute 'positions'
2026-01-15 13:12:13,808 - httpx - INFO - HTTP Request: POST http://127.0.0.1:5000/api/v1/positionbook "HTTP/1.1 200 OK"
2026-01-15 13:12:16,558 - core.engine - ERROR - Position sync error: 'api' object has no attribute 'positions'
Traceback (most recent call last):
  File "C:\Rahul\06_Nikku\Strategies\PureOptionsBot\core\engine.py", line 328, in position_sync_task
    # Check for new signal
            ^^^^^^^^^^^^^^^
  File "C:\Rahul\06_Nikku\Strategies\PureOptionsBot\core\engine.py", line 341, in _sync_positions
AttributeError: 'api' object has no attribute 'positions'
2026-01-15 13:12:20,973 - httpx - INFO - HTTP Request: POST http://127.0.0.1:5000/api/v1/history "HTTP/1.1 200 OK"
2026-01-15 13:12:21,589 - httpx - INFO - HTTP Request: POST http://127.0.0.1:5000/api/v1/history "HTTP/1.1 200 OK"
2026-01-15 13:12:24,070 - httpx - INFO - HTTP Request: POST http://127.0.0.1:5000/api/v1/positionbook "HTTP/1.1 200 OK"
2026-01-15 13:12:26,560 - core.engine - ERROR - Position sync error: 'api' object has no attribute 'positions'
Traceback (most recent call last):
  File "C:\Rahul\06_Nikku\Strategies\PureOptionsBot\core\engine.py", line 328, in position_sync_task
    # Check for new signal
            ^^^^^^^^^^^^^^^
  File "C:\Rahul\06_Nikku\Strategies\PureOptionsBot\core\engine.py", line 341, in _sync_positions
AttributeError: 'api' object has no attribute 'positions'
2026-01-15 13:12:34,341 - httpx - INFO - HTTP Request: POST http://127.0.0.1:5000/api/v1/positionbook "HTTP/1.1 200 OK"
2026-01-15 13:12:36,581 - core.engine - ERROR - Position sync error: 'api' object has no attribute 'positions'
Traceback (most recent call last):
  File "C:\Rahul\06_Nikku\Strategies\PureOptionsBot\core\engine.py", line 328, in position_sync_task
    # Check for new signal
            ^^^^^^^^^^^^^^^
  File "C:\Rahul\06_Nikku\Strategies\PureOptionsBot\core\engine.py", line 341, in _sync_positions
AttributeError: 'api' object has no attribute 'positions'
2026-01-15 13:12:44,619 - httpx - INFO - HTTP Request: POST http://127.0.0.1:5000/api/v1/positionbook "HTTP/1.1 200 OK"
2026-01-15 13:12:46,588 - core.engine - ERROR - Position sync error: 'api' object has no attribute 'positions'
Traceback (most recent call last):
  File "C:\Rahul\06_Nikku\Strategies\PureOptionsBot\core\engine.py", line 328, in position_sync_task
    # Check for new signal
            ^^^^^^^^^^^^^^^
  File "C:\Rahul\06_Nikku\Strategies\PureOptionsBot\core\engine.py", line 341, in _sync_positions
AttributeError: 'api' object has no attribute 'positions'
2026-01-15 13:12:54,865 - httpx - INFO - HTTP Request: POST http://127.0.0.1:5000/api/v1/positionbook "HTTP/1.1 200 OK"
2026-01-15 13:12:56,600 - core.engine - ERROR - Position sync error: 'api' object has no attribute 'positions'
Traceback (most recent call last):
  File "C:\Rahul\06_Nikku\Strategies\PureOptionsBot\core\engine.py", line 328, in position_sync_task
    # Check for new signal
            ^^^^^^^^^^^^^^^
  File "C:\Rahul\06_Nikku\Strategies\PureOptionsBot\core\engine.py", line 341, in _sync_positions
AttributeError: 'api' object has no attribute 'positions'
2026-01-15 13:13:05,135 - httpx - INFO - HTTP Request: POST http://127.0.0.1:5000/api/v1/positionbook "HTTP/1.1 200 OK"
2026-01-15 13:13:06,619 - core.engine - ERROR - Position sync error: 'api' object has no attribute 'positions'
Traceback (most recent call last):
  File "C:\Rahul\06_Nikku\Strategies\PureOptionsBot\core\engine.py", line 328, in position_sync_task
    # Check for new signal
            ^^^^^^^^^^^^^^^
  File "C:\Rahul\06_Nikku\Strategies\PureOptionsBot\core\engine.py", line 341, in _sync_positions
AttributeError: 'api' object has no attribute 'positions'
2026-01-15 13:13:15,405 - httpx - INFO - HTTP Request: POST http://127.0.0.1:5000/api/v1/positionbook "HTTP/1.1 200 OK"
2026-01-15 13:13:16,634 - core.engine - ERROR - Position sync error: 'api' object has no attribute 'positions'
Traceback (most recent call last):
  File "C:\Rahul\06_Nikku\Strategies\PureOptionsBot\core\engine.py", line 328, in position_sync_task
    # Check for new signal
            ^^^^^^^^^^^^^^^
  File "C:\Rahul\06_Nikku\Strategies\PureOptionsBot\core\engine.py", line 341, in _sync_positions
AttributeError: 'api' object has no attribute 'positions'
2026-01-15 13:13:22,469 - httpx - INFO - HTTP Request: POST http://127.0.0.1:5000/api/v1/history "HTTP/1.1 200 OK"
2026-01-15 13:13:23,085 - httpx - INFO - HTTP Request: POST http://127.0.0.1:5000/api/v1/history "HTTP/1.1 200 OK"
2026-01-15 13:13:25,660 - httpx - INFO - HTTP Request: POST http://127.0.0.1:5000/api/v1/positionbook "HTTP/1.1 200 OK"
2026-01-15 13:13:26,634 - core.engine - ERROR - Position sync error: 'api' object has no attribute 'positions'
Traceback (most recent call last):
  File "C:\Rahul\06_Nikku\Strategies\PureOptionsBot\core\engine.py", line 328, in position_sync_task
    # Check for new signal
            ^^^^^^^^^^^^^^^
  File "C:\Rahul\06_Nikku\Strategies\PureOptionsBot\core\engine.py", line 341, in _sync_positions
AttributeError: 'api' object has no attribute 'positions'
2026-01-15 13:13:35,909 - httpx - INFO - HTTP Request: POST http://127.0.0.1:5000/api/v1/positionbook "HTTP/1.1 200 OK"
2026-01-15 13:13:36,636 - core.engine - ERROR - Position sync error: 'api' object has no attribute 'positions'
Traceback (most recent call last):
  File "C:\Rahul\06_Nikku\Strategies\PureOptionsBot\core\engine.py", line 328, in position_sync_task
    # Check for new signal
            ^^^^^^^^^^^^^^^
  File "C:\Rahul\06_Nikku\Strategies\PureOptionsBot\core\engine.py", line 341, in _sync_positions
AttributeError: 'api' object has no attribute 'positions'
2026-01-15 13:13:46,177 - httpx - INFO - HTTP Request: POST http://127.0.0.1:5000/api/v1/positionbook "HTTP/1.1 200 OK"
2026-01-15 13:13:46,652 - core.engine - ERROR - Position sync error: 'api' object has no attribute 'positions'
Traceback (most recent call last):
  File "C:\Rahul\06_Nikku\Strategies\PureOptionsBot\core\engine.py", line 328, in position_sync_task
    # Check for new signal
            ^^^^^^^^^^^^^^^
  File "C:\Rahul\06_Nikku\Strategies\PureOptionsBot\core\engine.py", line 341, in _sync_positions
AttributeError: 'api' object has no attribute 'positions'
2026-01-15 13:13:56,499 - httpx - INFO - HTTP Request: POST http://127.0.0.1:5000/api/v1/positionbook "HTTP/1.1 200 OK"
2026-01-15 13:13:56,677 - core.engine - ERROR - Position sync error: 'api' object has no attribute 'positions'
Traceback (most recent call last):
  File "C:\Rahul\06_Nikku\Strategies\PureOptionsBot\core\engine.py", line 328, in position_sync_task
    # Check for new signal
            ^^^^^^^^^^^^^^^
  File "C:\Rahul\06_Nikku\Strategies\PureOptionsBot\core\engine.py", line 341, in _sync_positions
AttributeError: 'api' object has no attribute 'positions'
2026-01-15 13:14:06,687 - core.engine - ERROR - Position sync error: 'api' object has no attribute 'positions'
Traceback (most recent call last):
  File "C:\Rahul\06_Nikku\Strategies\PureOptionsBot\core\engine.py", line 328, in position_sync_task
    # Check for new signal
            ^^^^^^^^^^^^^^^
  File "C:\Rahul\06_Nikku\Strategies\PureOptionsBot\core\engine.py", line 341, in _sync_positions
AttributeError: 'api' object has no attribute 'positions'
2026-01-15 13:14:06,771 - httpx - INFO - HTTP Request: POST http://127.0.0.1:5000/api/v1/positionbook "HTTP/1.1 200 OK"
2026-01-15 13:14:16,703 - core.engine - ERROR - Position sync error: 'api' object has no attribute 'positions'
Traceback (most recent call last):
  File "C:\Rahul\06_Nikku\Strategies\PureOptionsBot\core\engine.py", line 328, in position_sync_task
    # Check for new signal
            ^^^^^^^^^^^^^^^
  File "C:\Rahul\06_Nikku\Strategies\PureOptionsBot\core\engine.py", line 341, in _sync_positions
AttributeError: 'api' object has no attribute 'positions'
2026-01-15 13:14:17,035 - httpx - INFO - HTTP Request: POST http://127.0.0.1:5000/api/v1/positionbook "HTTP/1.1 200 OK"
2026-01-15 13:14:23,950 - httpx - INFO - HTTP Request: POST http://127.0.0.1:5000/api/v1/history "HTTP/1.1 200 OK"
2026-01-15 13:14:24,613 - httpx - INFO - HTTP Request: POST http://127.0.0.1:5000/api/v1/history "HTTP/1.1 200 OK"
2026-01-15 13:14:26,708 - core.engine - ERROR - Position sync error: 'api' object has no attribute 'positions'
Traceback (most recent call last):
  File "C:\Rahul\06_Nikku\Strategies\PureOptionsBot\core\engine.py", line 328, in position_sync_task
    # Check for new signal
            ^^^^^^^^^^^^^^^
  File "C:\Rahul\06_Nikku\Strategies\PureOptionsBot\core\engine.py", line 341, in _sync_positions
AttributeError: 'api' object has no attribute 'positions'
2026-01-15 13:14:27,294 - httpx - INFO - HTTP Request: POST http://127.0.0.1:5000/api/v1/positionbook "HTTP/1.1 200 OK"
2026-01-15 13:14:36,726 - core.engine - ERROR - Position sync error: 'api' object has no attribute 'positions'
Traceback (most recent call last):
  File "C:\Rahul\06_Nikku\Strategies\PureOptionsBot\core\engine.py", line 328, in position_sync_task
    # Check for new signal
            ^^^^^^^^^^^^^^^
  File "C:\Rahul\06_Nikku\Strategies\PureOptionsBot\core\engine.py", line 341, in _sync_positions
AttributeError: 'api' object has no attribute 'positions'
2026-01-15 13:14:37,588 - httpx - INFO - HTTP Request: POST http://127.0.0.1:5000/api/v1/positionbook "HTTP/1.1 200 OK"
2026-01-15 13:14:46,741 - core.engine - ERROR - Position sync error: 'api' object has no attribute 'positions'
Traceback (most recent call last):
  File "C:\Rahul\06_Nikku\Strategies\PureOptionsBot\core\engine.py", line 328, in position_sync_task
    # Check for new signal
            ^^^^^^^^^^^^^^^
  File "C:\Rahul\06_Nikku\Strategies\PureOptionsBot\core\engine.py", line 341, in _sync_positions
AttributeError: 'api' object has no attribute 'positions'
2026-01-15 13:14:47,849 - httpx - INFO - HTTP Request: POST http://127.0.0.1:5000/api/v1/positionbook "HTTP/1.1 200 OK"
2026-01-15 13:14:56,758 - core.engine - ERROR - Position sync error: 'api' object has no attribute 'positions'
Traceback (most recent call last):
  File "C:\Rahul\06_Nikku\Strategies\PureOptionsBot\core\engine.py", line 328, in position_sync_task
    # Check for new signal
            ^^^^^^^^^^^^^^^
  File "C:\Rahul\06_Nikku\Strategies\PureOptionsBot\core\engine.py", line 341, in _sync_positions
AttributeError: 'api' object has no attribute 'positions'
2026-01-15 13:14:58,119 - httpx - INFO - HTTP Request: POST http://127.0.0.1:5000/api/v1/positionbook "HTTP/1.1 200 OK"
2026-01-15 13:15:06,759 - core.engine - ERROR - Position sync error: 'api' object has no attribute 'positions'
Traceback (most recent call last):
  File "C:\Rahul\06_Nikku\Strategies\PureOptionsBot\core\engine.py", line 328, in position_sync_task
    # Check for new signal
            ^^^^^^^^^^^^^^^
  File "C:\Rahul\06_Nikku\Strategies\PureOptionsBot\core\engine.py", line 341, in _sync_positions
AttributeError: 'api' object has no attribute 'positions'
2026-01-15 13:15:08,396 - httpx - INFO - HTTP Request: POST http://127.0.0.1:5000/api/v1/positionbook "HTTP/1.1 200 OK"
2026-01-15 13:15:16,761 - core.engine - ERROR - Position sync error: 'api' object has no attribute 'positions'
Traceback (most recent call last):
  File "C:\Rahul\06_Nikku\Strategies\PureOptionsBot\core\engine.py", line 328, in position_sync_task
    # Check for new signal
            ^^^^^^^^^^^^^^^
  File "C:\Rahul\06_Nikku\Strategies\PureOptionsBot\core\engine.py", line 341, in _sync_positions
AttributeError: 'api' object has no attribute 'positions'
2026-01-15 13:15:18,785 - httpx - INFO - HTTP Request: POST http://127.0.0.1:5000/api/v1/positionbook "HTTP/1.1 200 OK"
2026-01-15 13:15:25,718 - httpx - INFO - HTTP Request: POST http://127.0.0.1:5000/api/v1/history "HTTP/1.1 200 OK"
2026-01-15 13:15:26,424 - httpx - INFO - HTTP Request: POST http://127.0.0.1:5000/api/v1/history "HTTP/1.1 200 OK"
2026-01-15 13:15:26,772 - core.engine - ERROR - Position sync error: 'api' object has no attribute 'positions'
Traceback (most recent call last):
  File "C:\Rahul\06_Nikku\Strategies\PureOptionsBot\core\engine.py", line 328, in position_sync_task
    # Check for new signal
            ^^^^^^^^^^^^^^^
  File "C:\Rahul\06_Nikku\Strategies\PureOptionsBot\core\engine.py", line 341, in _sync_positions
AttributeError: 'api' object has no attribute 'positions'
2026-01-15 13:15:29,054 - httpx - INFO - HTTP Request: POST http://127.0.0.1:5000/api/v1/positionbook "HTTP/1.1 200 OK"
2026-01-15 13:15:36,777 - core.engine - ERROR - Position sync error: 'api' object has no attribute 'positions'
Traceback (most recent call last):
  File "C:\Rahul\06_Nikku\Strategies\PureOptionsBot\core\engine.py", line 328, in position_sync_task
    # Check for new signal
            ^^^^^^^^^^^^^^^
  File "C:\Rahul\06_Nikku\Strategies\PureOptionsBot\core\engine.py", line 341, in _sync_positions
AttributeError: 'api' object has no attribute 'positions'
2026-01-15 13:15:39,330 - httpx - INFO - HTTP Request: POST http://127.0.0.1:5000/api/v1/positionbook "HTTP/1.1 200 OK"
2026-01-15 13:15:46,775 - core.engine - ERROR - Position sync error: 'api' object has no attribute 'positions'
Traceback (most recent call last):
  File "C:\Rahul\06_Nikku\Strategies\PureOptionsBot\core\engine.py", line 328, in position_sync_task
    # Check for new signal
            ^^^^^^^^^^^^^^^
  File "C:\Rahul\06_Nikku\Strategies\PureOptionsBot\core\engine.py", line 341, in _sync_positions
AttributeError: 'api' object has no attribute 'positions'
2026-01-15 13:15:49,604 - httpx - INFO - HTTP Request: POST http://127.0.0.1:5000/api/v1/positionbook "HTTP/1.1 200 OK"
2026-01-15 13:15:56,781 - core.engine - ERROR - Position sync error: 'api' object has no attribute 'positions'
Traceback (most recent call last):
  File "C:\Rahul\06_Nikku\Strategies\PureOptionsBot\core\engine.py", line 328, in position_sync_task
    # Check for new signal
            ^^^^^^^^^^^^^^^
  File "C:\Rahul\06_Nikku\Strategies\PureOptionsBot\core\engine.py", line 341, in _sync_positions
AttributeError: 'api' object has no attribute 'positions'
2026-01-15 13:15:59,888 - httpx - INFO - HTTP Request: POST http://127.0.0.1:5000/api/v1/positionbook "HTTP/1.1 200 OK"
2026-01-15 13:16:06,782 - core.engine - ERROR - Position sync error: 'api' object has no attribute 'positions'
Traceback (most recent call last):
  File "C:\Rahul\06_Nikku\Strategies\PureOptionsBot\core\engine.py", line 328, in position_sync_task
    # Check for new signal
            ^^^^^^^^^^^^^^^
  File "C:\Rahul\06_Nikku\Strategies\PureOptionsBot\core\engine.py", line 341, in _sync_positions
AttributeError: 'api' object has no attribute 'positions'
2026-01-15 13:16:10,370 - httpx - INFO - HTTP Request: POST http://127.0.0.1:5000/api/v1/positionbook "HTTP/1.1 200 OK"
2026-01-15 13:16:16,792 - core.engine - ERROR - Position sync error: 'api' object has no attribute 'positions'
Traceback (most recent call last):
  File "C:\Rahul\06_Nikku\Strategies\PureOptionsBot\core\engine.py", line 328, in position_sync_task
    # Check for new signal
            ^^^^^^^^^^^^^^^
  File "C:\Rahul\06_Nikku\Strategies\PureOptionsBot\core\engine.py", line 341, in _sync_positions
AttributeError: 'api' object has no attribute 'positions'
2026-01-15 13:16:21,013 - httpx - INFO - HTTP Request: POST http://127.0.0.1:5000/api/v1/positionbook "HTTP/1.1 200 OK"
2026-01-15 13:16:26,783 - core.engine - ERROR - Position sync error: 'api' object has no attribute 'positions'
Traceback (most recent call last):
  File "C:\Rahul\06_Nikku\Strategies\PureOptionsBot\core\engine.py", line 328, in position_sync_task
    # Check for new signal
            ^^^^^^^^^^^^^^^
  File "C:\Rahul\06_Nikku\Strategies\PureOptionsBot\core\engine.py", line 341, in _sync_positions
AttributeError: 'api' object has no attribute 'positions'
2026-01-15 13:16:27,318 - httpx - INFO - HTTP Request: POST http://127.0.0.1:5000/api/v1/history "HTTP/1.1 200 OK"
2026-01-15 13:16:28,028 - httpx - INFO - HTTP Request: POST http://127.0.0.1:5000/api/v1/history "HTTP/1.1 200 OK"
2026-01-15 13:16:31,412 - httpx - INFO - HTTP Request: POST http://127.0.0.1:5000/api/v1/positionbook "HTTP/1.1 200 OK"
2026-01-15 13:16:36,787 - core.engine - ERROR - Position sync error: 'api' object has no attribute 'positions'
Traceback (most recent call last):
  File "C:\Rahul\06_Nikku\Strategies\PureOptionsBot\core\engine.py", line 328, in position_sync_task
    # Check for new signal
            ^^^^^^^^^^^^^^^
  File "C:\Rahul\06_Nikku\Strategies\PureOptionsBot\core\engine.py", line 341, in _sync_positions
AttributeError: 'api' object has no attribute 'positions'
2026-01-15 13:16:41,715 - httpx - INFO - HTTP Request: POST http://127.0.0.1:5000/api/v1/positionbook "HTTP/1.1 200 OK"
2026-01-15 13:16:46,802 - core.engine - ERROR - Position sync error: 'api' object has no attribute 'positions'
Traceback (most recent call last):
  File "C:\Rahul\06_Nikku\Strategies\PureOptionsBot\core\engine.py", line 328, in position_sync_task
    # Check for new signal
            ^^^^^^^^^^^^^^^
  File "C:\Rahul\06_Nikku\Strategies\PureOptionsBot\core\engine.py", line 341, in _sync_positions
AttributeError: 'api' object has no attribute 'positions'
2026-01-15 13:16:52,265 - httpx - INFO - HTTP Request: POST http://127.0.0.1:5000/api/v1/positionbook "HTTP/1.1 200 OK"
2026-01-15 13:16:56,797 - core.engine - ERROR - Position sync error: 'api' object has no attribute 'positions'
Traceback (most recent call last):
  File "C:\Rahul\06_Nikku\Strategies\PureOptionsBot\core\engine.py", line 328, in position_sync_task
    # Check for new signal
            ^^^^^^^^^^^^^^^
  File "C:\Rahul\06_Nikku\Strategies\PureOptionsBot\core\engine.py", line 341, in _sync_positions
AttributeError: 'api' object has no attribute 'positions'
2026-01-15 13:17:02,539 - httpx - INFO - HTTP Request: POST http://127.0.0.1:5000/api/v1/positionbook "HTTP/1.1 200 OK"
2026-01-15 13:17:06,812 - core.engine - ERROR - Position sync error: 'api' object has no attribute 'positions'
Traceback (most recent call last):
  File "C:\Rahul\06_Nikku\Strategies\PureOptionsBot\core\engine.py", line 328, in position_sync_task
    # Check for new signal
            ^^^^^^^^^^^^^^^
  File "C:\Rahul\06_Nikku\Strategies\PureOptionsBot\core\engine.py", line 341, in _sync_positions
AttributeError: 'api' object has no attribute 'positions'
2026-01-15 13:17:12,824 - httpx - INFO - HTTP Request: POST http://127.0.0.1:5000/api/v1/positionbook "HTTP/1.1 200 OK"
2026-01-15 13:17:16,833 - core.engine - ERROR - Position sync error: 'api' object has no attribute 'positions'
Traceback (most recent call last):
  File "C:\Rahul\06_Nikku\Strategies\PureOptionsBot\core\engine.py", line 328, in position_sync_task
    # Check for new signal
            ^^^^^^^^^^^^^^^
  File "C:\Rahul\06_Nikku\Strategies\PureOptionsBot\core\engine.py", line 341, in _sync_positions
AttributeError: 'api' object has no attribute 'positions'
2026-01-15 13:17:23,107 - httpx - INFO - HTTP Request: POST http://127.0.0.1:5000/api/v1/positionbook "HTTP/1.1 200 OK"
2026-01-15 13:17:26,851 - core.engine - ERROR - Position sync error: 'api' object has no attribute 'positions'
Traceback (most recent call last):
  File "C:\Rahul\06_Nikku\Strategies\PureOptionsBot\core\engine.py", line 328, in position_sync_task
    # Check for new signal
            ^^^^^^^^^^^^^^^
  File "C:\Rahul\06_Nikku\Strategies\PureOptionsBot\core\engine.py", line 341, in _sync_positions
AttributeError: 'api' object has no attribute 'positions'
2026-01-15 13:17:28,889 - httpx - INFO - HTTP Request: POST http://127.0.0.1:5000/api/v1/history "HTTP/1.1 200 OK"
2026-01-15 13:17:29,526 - httpx - INFO - HTTP Request: POST http://127.0.0.1:5000/api/v1/history "HTTP/1.1 200 OK"
2026-01-15 13:17:33,384 - httpx - INFO - HTTP Request: POST http://127.0.0.1:5000/api/v1/positionbook "HTTP/1.1 200 OK"
2026-01-15 13:17:36,864 - core.engine - ERROR - Position sync error: 'api' object has no attribute 'positions'
Traceback (most recent call last):
  File "C:\Rahul\06_Nikku\Strategies\PureOptionsBot\core\engine.py", line 328, in position_sync_task
    # Check for new signal
            ^^^^^^^^^^^^^^^
  File "C:\Rahul\06_Nikku\Strategies\PureOptionsBot\core\engine.py", line 341, in _sync_positions
AttributeError: 'api' object has no attribute 'positions'
2026-01-15 13:17:43,647 - httpx - INFO - HTTP Request: POST http://127.0.0.1:5000/api/v1/positionbook "HTTP/1.1 200 OK"
2026-01-15 13:17:46,880 - core.engine - ERROR - Position sync error: 'api' object has no attribute 'positions'
Traceback (most recent call last):
  File "C:\Rahul\06_Nikku\Strategies\PureOptionsBot\core\engine.py", line 328, in position_sync_task
    # Check for new signal
            ^^^^^^^^^^^^^^^
  File "C:\Rahul\06_Nikku\Strategies\PureOptionsBot\core\engine.py", line 341, in _sync_positions
AttributeError: 'api' object has no attribute 'positions'
2026-01-15 13:17:53,911 - httpx - INFO - HTTP Request: POST http://127.0.0.1:5000/api/v1/positionbook "HTTP/1.1 200 OK"
2026-01-15 13:17:56,889 - core.engine - ERROR - Position sync error: 'api' object has no attribute 'positions'
Traceback (most recent call last):
  File "C:\Rahul\06_Nikku\Strategies\PureOptionsBot\core\engine.py", line 328, in position_sync_task
    # Check for new signal
            ^^^^^^^^^^^^^^^
  File "C:\Rahul\06_Nikku\Strategies\PureOptionsBot\core\engine.py", line 341, in _sync_positions
AttributeError: 'api' object has no attribute 'positions'
2026-01-15 13:18:04,193 - httpx - INFO - HTTP Request: POST http://127.0.0.1:5000/api/v1/positionbook "HTTP/1.1 200 OK"
2026-01-15 13:18:06,909 - core.engine - ERROR - Position sync error: 'api' object has no attribute 'positions'
Traceback (most recent call last):
  File "C:\Rahul\06_Nikku\Strategies\PureOptionsBot\core\engine.py", line 328, in position_sync_task
    # Check for new signal
            ^^^^^^^^^^^^^^^
  File "C:\Rahul\06_Nikku\Strategies\PureOptionsBot\core\engine.py", line 341, in _sync_positions
AttributeError: 'api' object has no attribute 'positions'
2026-01-15 13:18:14,460 - httpx - INFO - HTTP Request: POST http://127.0.0.1:5000/api/v1/positionbook "HTTP/1.1 200 OK"
2026-01-15 13:18:16,929 - core.engine - ERROR - Position sync error: 'api' object has no attribute 'positions'
Traceback (most recent call last):
  File "C:\Rahul\06_Nikku\Strategies\PureOptionsBot\core\engine.py", line 328, in position_sync_task
    # Check for new signal
            ^^^^^^^^^^^^^^^
  File "C:\Rahul\06_Nikku\Strategies\PureOptionsBot\core\engine.py", line 341, in _sync_positions
AttributeError: 'api' object has no attribute 'positions'
2026-01-15 13:18:24,729 - httpx - INFO - HTTP Request: POST http://127.0.0.1:5000/api/v1/positionbook "HTTP/1.1 200 OK"
2026-01-15 13:18:26,933 - core.engine - ERROR - Position sync error: 'api' object has no attribute 'positions'
Traceback (most recent call last):
  File "C:\Rahul\06_Nikku\Strategies\PureOptionsBot\core\engine.py", line 328, in position_sync_task
    # Check for new signal
            ^^^^^^^^^^^^^^^
  File "C:\Rahul\06_Nikku\Strategies\PureOptionsBot\core\engine.py", line 341, in _sync_positions
AttributeError: 'api' object has no attribute 'positions'
2026-01-15 13:18:30,442 - httpx - INFO - HTTP Request: POST http://127.0.0.1:5000/api/v1/history "HTTP/1.1 200 OK"
2026-01-15 13:18:31,076 - httpx - INFO - HTTP Request: POST http://127.0.0.1:5000/api/v1/history "HTTP/1.1 200 OK"
2026-01-15 13:18:35,021 - httpx - INFO - HTTP Request: POST http://127.0.0.1:5000/api/v1/positionbook "HTTP/1.1 200 OK"
2026-01-15 13:18:36,953 - core.engine - ERROR - Position sync error: 'api' object has no attribute 'positions'
Traceback (most recent call last):
  File "C:\Rahul\06_Nikku\Strategies\PureOptionsBot\core\engine.py", line 328, in position_sync_task
    # Check for new signal
            ^^^^^^^^^^^^^^^
  File "C:\Rahul\06_Nikku\Strategies\PureOptionsBot\core\engine.py", line 341, in _sync_positions
AttributeError: 'api' object has no attribute 'positions'
2026-01-15 13:18:45,302 - httpx - INFO - HTTP Request: POST http://127.0.0.1:5000/api/v1/positionbook "HTTP/1.1 200 OK"
2026-01-15 13:18:46,975 - core.engine - ERROR - Position sync error: 'api' object has no attribute 'positions'
Traceback (most recent call last):
  File "C:\Rahul\06_Nikku\Strategies\PureOptionsBot\core\engine.py", line 328, in position_sync_task
    # Check for new signal
            ^^^^^^^^^^^^^^^
  File "C:\Rahul\06_Nikku\Strategies\PureOptionsBot\core\engine.py", line 341, in _sync_positions
AttributeError: 'api' object has no attribute 'positions'
2026-01-15 13:18:55,577 - httpx - INFO - HTTP Request: POST http://127.0.0.1:5000/api/v1/positionbook "HTTP/1.1 200 OK"
2026-01-15 13:18:56,984 - core.engine - ERROR - Position sync error: 'api' object has no attribute 'positions'
Traceback (most recent call last):
  File "C:\Rahul\06_Nikku\Strategies\PureOptionsBot\core\engine.py", line 328, in position_sync_task
    # Check for new signal
            ^^^^^^^^^^^^^^^
  File "C:\Rahul\06_Nikku\Strategies\PureOptionsBot\core\engine.py", line 341, in _sync_positions
AttributeError: 'api' object has no attribute 'positions'
2026-01-15 13:19:05,849 - httpx - INFO - HTTP Request: POST http://127.0.0.1:5000/api/v1/positionbook "HTTP/1.1 200 OK"
2026-01-15 13:19:07,006 - core.engine - ERROR - Position sync error: 'api' object has no attribute 'positions'
Traceback (most recent call last):
  File "C:\Rahul\06_Nikku\Strategies\PureOptionsBot\core\engine.py", line 328, in position_sync_task
    # Check for new signal
            ^^^^^^^^^^^^^^^
  File "C:\Rahul\06_Nikku\Strategies\PureOptionsBot\core\engine.py", line 341, in _sync_positions
AttributeError: 'api' object has no attribute 'positions'
2026-01-15 13:19:16,113 - httpx - INFO - HTTP Request: POST http://127.0.0.1:5000/api/v1/positionbook "HTTP/1.1 200 OK"
2026-01-15 13:19:17,023 - core.engine - ERROR - Position sync error: 'api' object has no attribute 'positions'
Traceback (most recent call last):
  File "C:\Rahul\06_Nikku\Strategies\PureOptionsBot\core\engine.py", line 328, in position_sync_task
    # Check for new signal
            ^^^^^^^^^^^^^^^
  File "C:\Rahul\06_Nikku\Strategies\PureOptionsBot\core\engine.py", line 341, in _sync_positions
AttributeError: 'api' object has no attribute 'positions'
2026-01-15 13:19:26,399 - httpx - INFO - HTTP Request: POST http://127.0.0.1:5000/api/v1/positionbook "HTTP/1.1 200 OK"
2026-01-15 13:19:27,034 - core.engine - ERROR - Position sync error: 'api' object has no attribute 'positions'
Traceback (most recent call last):
  File "C:\Rahul\06_Nikku\Strategies\PureOptionsBot\core\engine.py", line 328, in position_sync_task
    # Check for new signal
            ^^^^^^^^^^^^^^^
  File "C:\Rahul\06_Nikku\Strategies\PureOptionsBot\core\engine.py", line 341, in _sync_positions
AttributeError: 'api' object has no attribute 'positions'
2026-01-15 13:19:31,917 - httpx - INFO - HTTP Request: POST http://127.0.0.1:5000/api/v1/history "HTTP/1.1 200 OK"
2026-01-15 13:19:32,510 - httpx - INFO - HTTP Request: POST http://127.0.0.1:5000/api/v1/history "HTTP/1.1 200 OK"
2026-01-15 13:19:36,681 - httpx - INFO - HTTP Request: POST http://127.0.0.1:5000/api/v1/positionbook "HTTP/1.1 200 OK"
2026-01-15 13:19:37,049 - core.engine - ERROR - Position sync error: 'api' object has no attribute 'positions'
Traceback (most recent call last):
  File "C:\Rahul\06_Nikku\Strategies\PureOptionsBot\core\engine.py", line 328, in position_sync_task
    # Check for new signal
            ^^^^^^^^^^^^^^^
  File "C:\Rahul\06_Nikku\Strategies\PureOptionsBot\core\engine.py", line 341, in _sync_positions
AttributeError: 'api' object has no attribute 'positions'
2026-01-15 13:19:46,962 - httpx - INFO - HTTP Request: POST http://127.0.0.1:5000/api/v1/positionbook "HTTP/1.1 200 OK"
2026-01-15 13:19:47,065 - core.engine - ERROR - Position sync error: 'api' object has no attribute 'positions'
Traceback (most recent call last):
  File "C:\Rahul\06_Nikku\Strategies\PureOptionsBot\core\engine.py", line 328, in position_sync_task
    # Check for new signal
            ^^^^^^^^^^^^^^^
  File "C:\Rahul\06_Nikku\Strategies\PureOptionsBot\core\engine.py", line 341, in _sync_positions
AttributeError: 'api' object has no attribute 'positions'
2026-01-15 13:19:57,084 - core.engine - ERROR - Position sync error: 'api' object has no attribute 'positions'
Traceback (most recent call last):
  File "C:\Rahul\06_Nikku\Strategies\PureOptionsBot\core\engine.py", line 328, in position_sync_task
    # Check for new signal
            ^^^^^^^^^^^^^^^
  File "C:\Rahul\06_Nikku\Strategies\PureOptionsBot\core\engine.py", line 341, in _sync_positions
AttributeError: 'api' object has no attribute 'positions'
2026-01-15 13:19:57,241 - httpx - INFO - HTTP Request: POST http://127.0.0.1:5000/api/v1/positionbook "HTTP/1.1 200 OK"
2026-01-15 13:20:07,090 - core.engine - ERROR - Position sync error: 'api' object has no attribute 'positions'
Traceback (most recent call last):
  File "C:\Rahul\06_Nikku\Strategies\PureOptionsBot\core\engine.py", line 328, in position_sync_task
    # Check for new signal
            ^^^^^^^^^^^^^^^
  File "C:\Rahul\06_Nikku\Strategies\PureOptionsBot\core\engine.py", line 341, in _sync_positions
AttributeError: 'api' object has no attribute 'positions'
2026-01-15 13:20:07,531 - httpx - INFO - HTTP Request: POST http://127.0.0.1:5000/api/v1/positionbook "HTTP/1.1 200 OK"
2026-01-15 13:20:17,113 - core.engine - ERROR - Position sync error: 'api' object has no attribute 'positions'
Traceback (most recent call last):
  File "C:\Rahul\06_Nikku\Strategies\PureOptionsBot\core\engine.py", line 328, in position_sync_task
    # Check for new signal
            ^^^^^^^^^^^^^^^
  File "C:\Rahul\06_Nikku\Strategies\PureOptionsBot\core\engine.py", line 341, in _sync_positions
AttributeError: 'api' object has no attribute 'positions'
2026-01-15 13:20:17,801 - httpx - INFO - HTTP Request: POST http://127.0.0.1:5000/api/v1/positionbook "HTTP/1.1 200 OK"
2026-01-15 13:20:27,130 - core.engine - ERROR - Position sync error: 'api' object has no attribute 'positions'
Traceback (most recent call last):
  File "C:\Rahul\06_Nikku\Strategies\PureOptionsBot\core\engine.py", line 328, in position_sync_task
    # Check for new signal
            ^^^^^^^^^^^^^^^
  File "C:\Rahul\06_Nikku\Strategies\PureOptionsBot\core\engine.py", line 341, in _sync_positions
AttributeError: 'api' object has no attribute 'positions'
2026-01-15 13:20:28,080 - httpx - INFO - HTTP Request: POST http://127.0.0.1:5000/api/v1/positionbook "HTTP/1.1 200 OK"
2026-01-15 13:20:33,442 - httpx - INFO - HTTP Request: POST http://127.0.0.1:5000/api/v1/history "HTTP/1.1 200 OK"
2026-01-15 13:20:34,061 - httpx - INFO - HTTP Request: POST http://127.0.0.1:5000/api/v1/history "HTTP/1.1 200 OK"
2026-01-15 13:20:37,137 - core.engine - ERROR - Position sync error: 'api' object has no attribute 'positions'
Traceback (most recent call last):
  File "C:\Rahul\06_Nikku\Strategies\PureOptionsBot\core\engine.py", line 328, in position_sync_task
    # Check for new signal
            ^^^^^^^^^^^^^^^
  File "C:\Rahul\06_Nikku\Strategies\PureOptionsBot\core\engine.py", line 341, in _sync_positions
AttributeError: 'api' object has no attribute 'positions'
2026-01-15 13:20:38,373 - httpx - INFO - HTTP Request: POST http://127.0.0.1:5000/api/v1/positionbook "HTTP/1.1 200 OK"
2026-01-15 13:20:47,159 - core.engine - ERROR - Position sync error: 'api' object has no attribute 'positions'
Traceback (most recent call last):
  File "C:\Rahul\06_Nikku\Strategies\PureOptionsBot\core\engine.py", line 328, in position_sync_task
    # Check for new signal
            ^^^^^^^^^^^^^^^
  File "C:\Rahul\06_Nikku\Strategies\PureOptionsBot\core\engine.py", line 341, in _sync_positions
AttributeError: 'api' object has no attribute 'positions'
2026-01-15 13:20:48,641 - httpx - INFO - HTTP Request: POST http://127.0.0.1:5000/api/v1/positionbook "HTTP/1.1 200 OK"
2026-01-15 13:20:57,171 - core.engine - ERROR - Position sync error: 'api' object has no attribute 'positions'
Traceback (most recent call last):
  File "C:\Rahul\06_Nikku\Strategies\PureOptionsBot\core\engine.py", line 328, in position_sync_task
    # Check for new signal
            ^^^^^^^^^^^^^^^
  File "C:\Rahul\06_Nikku\Strategies\PureOptionsBot\core\engine.py", line 341, in _sync_positions
AttributeError: 'api' object has no attribute 'positions'
2026-01-15 13:20:58,917 - httpx - INFO - HTTP Request: POST http://127.0.0.1:5000/api/v1/positionbook "HTTP/1.1 200 OK"
2026-01-15 13:21:07,184 - core.engine - ERROR - Position sync error: 'api' object has no attribute 'positions'
Traceback (most recent call last):
  File "C:\Rahul\06_Nikku\Strategies\PureOptionsBot\core\engine.py", line 328, in position_sync_task
    # Check for new signal
            ^^^^^^^^^^^^^^^
  File "C:\Rahul\06_Nikku\Strategies\PureOptionsBot\core\engine.py", line 341, in _sync_positions
AttributeError: 'api' object has no attribute 'positions'
2026-01-15 13:21:09,208 - httpx - INFO - HTTP Request: POST http://127.0.0.1:5000/api/v1/positionbook "HTTP/1.1 200 OK"
2026-01-15 13:21:17,210 - core.engine - ERROR - Position sync error: 'api' object has no attribute 'positions'
Traceback (most recent call last):
  File "C:\Rahul\06_Nikku\Strategies\PureOptionsBot\core\engine.py", line 328, in position_sync_task
    # Check for new signal
            ^^^^^^^^^^^^^^^
  File "C:\Rahul\06_Nikku\Strategies\PureOptionsBot\core\engine.py", line 341, in _sync_positions
AttributeError: 'api' object has no attribute 'positions'
2026-01-15 13:21:19,464 - httpx - INFO - HTTP Request: POST http://127.0.0.1:5000/api/v1/positionbook "HTTP/1.1 200 OK"
2026-01-15 13:21:27,222 - core.engine - ERROR - Position sync error: 'api' object has no attribute 'positions'
Traceback (most recent call last):
  File "C:\Rahul\06_Nikku\Strategies\PureOptionsBot\core\engine.py", line 328, in position_sync_task
    # Check for new signal
            ^^^^^^^^^^^^^^^
  File "C:\Rahul\06_Nikku\Strategies\PureOptionsBot\core\engine.py", line 341, in _sync_positions
AttributeError: 'api' object has no attribute 'positions'
2026-01-15 13:21:29,736 - httpx - INFO - HTTP Request: POST http://127.0.0.1:5000/api/v1/positionbook "HTTP/1.1 200 OK"
2026-01-15 13:21:34,997 - httpx - INFO - HTTP Request: POST http://127.0.0.1:5000/api/v1/history "HTTP/1.1 200 OK"
2026-01-15 13:21:35,681 - httpx - INFO - HTTP Request: POST http://127.0.0.1:5000/api/v1/history "HTTP/1.1 200 OK"
2026-01-15 13:21:37,241 - core.engine - ERROR - Position sync error: 'api' object has no attribute 'positions'
Traceback (most recent call last):
  File "C:\Rahul\06_Nikku\Strategies\PureOptionsBot\core\engine.py", line 328, in position_sync_task
    # Check for new signal
            ^^^^^^^^^^^^^^^
  File "C:\Rahul\06_Nikku\Strategies\PureOptionsBot\core\engine.py", line 341, in _sync_positions
AttributeError: 'api' object has no attribute 'positions'
2026-01-15 13:21:40,042 - httpx - INFO - HTTP Request: POST http://127.0.0.1:5000/api/v1/positionbook "HTTP/1.1 200 OK"
2026-01-15 13:21:47,257 - core.engine - ERROR - Position sync error: 'api' object has no attribute 'positions'
Traceback (most recent call last):
  File "C:\Rahul\06_Nikku\Strategies\PureOptionsBot\core\engine.py", line 328, in position_sync_task
    # Check for new signal
            ^^^^^^^^^^^^^^^
  File "C:\Rahul\06_Nikku\Strategies\PureOptionsBot\core\engine.py", line 341, in _sync_positions
AttributeError: 'api' object has no attribute 'positions'
2026-01-15 13:21:50,290 - httpx - INFO - HTTP Request: POST http://127.0.0.1:5000/api/v1/positionbook "HTTP/1.1 200 OK"
2026-01-15 13:21:57,270 - core.engine - ERROR - Position sync error: 'api' object has no attribute 'positions'
Traceback (most recent call last):
  File "C:\Rahul\06_Nikku\Strategies\PureOptionsBot\core\engine.py", line 328, in position_sync_task
    # Check for new signal
            ^^^^^^^^^^^^^^^
  File "C:\Rahul\06_Nikku\Strategies\PureOptionsBot\core\engine.py", line 341, in _sync_positions
AttributeError: 'api' object has no attribute 'positions'
2026-01-15 13:22:00,589 - httpx - INFO - HTTP Request: POST http://127.0.0.1:5000/api/v1/positionbook "HTTP/1.1 200 OK"
2026-01-15 13:22:07,278 - core.engine - ERROR - Position sync error: 'api' object has no attribute 'positions'
Traceback (most recent call last):
  File "C:\Rahul\06_Nikku\Strategies\PureOptionsBot\core\engine.py", line 328, in position_sync_task
    # Check for new signal
            ^^^^^^^^^^^^^^^
  File "C:\Rahul\06_Nikku\Strategies\PureOptionsBot\core\engine.py", line 341, in _sync_positions
AttributeError: 'api' object has no attribute 'positions'
2026-01-15 13:22:10,879 - httpx - INFO - HTTP Request: POST http://127.0.0.1:5000/api/v1/positionbook "HTTP/1.1 200 OK"
2026-01-15 13:22:17,283 - core.engine - ERROR - Position sync error: 'api' object has no attribute 'positions'
Traceback (most recent call last):
  File "C:\Rahul\06_Nikku\Strategies\PureOptionsBot\core\engine.py", line 328, in position_sync_task
    # Check for new signal
            ^^^^^^^^^^^^^^^
  File "C:\Rahul\06_Nikku\Strategies\PureOptionsBot\core\engine.py", line 341, in _sync_positions
AttributeError: 'api' object has no attribute 'positions'
2026-01-15 13:22:21,155 - httpx - INFO - HTTP Request: POST http://127.0.0.1:5000/api/v1/positionbook "HTTP/1.1 200 OK"
2026-01-15 13:22:27,289 - core.engine - ERROR - Position sync error: 'api' object has no attribute 'positions'
Traceback (most recent call last):
  File "C:\Rahul\06_Nikku\Strategies\PureOptionsBot\core\engine.py", line 328, in position_sync_task
    # Check for new signal
            ^^^^^^^^^^^^^^^
  File "C:\Rahul\06_Nikku\Strategies\PureOptionsBot\core\engine.py", line 341, in _sync_positions
AttributeError: 'api' object has no attribute 'positions'
2026-01-15 13:22:31,426 - httpx - INFO - HTTP Request: POST http://127.0.0.1:5000/api/v1/positionbook "HTTP/1.1 200 OK"
2026-01-15 13:22:36,714 - httpx - INFO - HTTP Request: POST http://127.0.0.1:5000/api/v1/history "HTTP/1.1 200 OK"
2026-01-15 13:22:37,306 - core.engine - ERROR - Position sync error: 'api' object has no attribute 'positions'
Traceback (most recent call last):
  File "C:\Rahul\06_Nikku\Strategies\PureOptionsBot\core\engine.py", line 328, in position_sync_task
    # Check for new signal
            ^^^^^^^^^^^^^^^
  File "C:\Rahul\06_Nikku\Strategies\PureOptionsBot\core\engine.py", line 341, in _sync_positions
AttributeError: 'api' object has no attribute 'positions'
2026-01-15 13:22:41,689 - httpx - INFO - HTTP Request: POST http://127.0.0.1:5000/api/v1/positionbook "HTTP/1.1 200 OK"
2026-01-15 13:22:42,410 - httpx - INFO - HTTP Request: POST http://127.0.0.1:5000/api/v1/history "HTTP/1.1 200 OK"
2026-01-15 13:22:43,026 - httpx - INFO - HTTP Request: POST http://127.0.0.1:5000/api/v1/history "HTTP/1.1 200 OK"
2026-01-15 13:22:47,321 - core.engine - ERROR - Position sync error: 'api' object has no attribute 'positions'
Traceback (most recent call last):
  File "C:\Rahul\06_Nikku\Strategies\PureOptionsBot\core\engine.py", line 328, in position_sync_task
    # Check for new signal
            ^^^^^^^^^^^^^^^
  File "C:\Rahul\06_Nikku\Strategies\PureOptionsBot\core\engine.py", line 341, in _sync_positions
AttributeError: 'api' object has no attribute 'positions'
2026-01-15 13:22:51,972 - httpx - INFO - HTTP Request: POST http://127.0.0.1:5000/api/v1/positionbook "HTTP/1.1 200 OK"
2026-01-15 13:22:57,325 - core.engine - ERROR - Position sync error: 'api' object has no attribute 'positions'
Traceback (most recent call last):
  File "C:\Rahul\06_Nikku\Strategies\PureOptionsBot\core\engine.py", line 328, in position_sync_task
    # Check for new signal
            ^^^^^^^^^^^^^^^
  File "C:\Rahul\06_Nikku\Strategies\PureOptionsBot\core\engine.py", line 341, in _sync_positions
AttributeError: 'api' object has no attribute 'positions'
2026-01-15 13:23:02,267 - __main__ - INFO - Configuration banner printed
2026-01-15 13:23:02,274 - httpx - INFO - HTTP Request: POST http://127.0.0.1:5000/api/v1/positionbook "HTTP/1.1 200 OK"
2026-01-15 13:23:03,535 - __main__ - INFO - API client loaded from PureOptionsStrategy.py
2026-01-15 13:23:04,350 - core.engine - INFO - Trading Engine initialized
2026-01-15 13:23:04,350 - __main__ - INFO - Trading Engine created successfully
2026-01-15 13:23:04,350 - core.engine - INFO - Starting Trading Engine...
2026-01-15 13:23:05,055 - core.engine - INFO - [TASK] Signal scanner started
2026-01-15 13:23:05,057 - core.engine - INFO - [TASK] Risk monitor started
2026-01-15 13:23:05,058 - core.engine - INFO - [TASK] Position sync started
2026-01-15 13:23:07,354 - core.engine - ERROR - Position sync error: 'api' object has no attribute 'positions'
Traceback (most recent call last):
  File "C:\Rahul\06_Nikku\Strategies\PureOptionsBot\core\engine.py", line 328, in position_sync_task
    # Check for new signal
            ^^^^^^^^^^^^^^^
  File "C:\Rahul\06_Nikku\Strategies\PureOptionsBot\core\engine.py", line 341, in _sync_positions
AttributeError: 'api' object has no attribute 'positions'
2026-01-15 13:23:12,645 - httpx - INFO - HTTP Request: POST http://127.0.0.1:5000/api/v1/positionbook "HTTP/1.1 200 OK"
2026-01-15 13:23:17,366 - core.engine - ERROR - Position sync error: 'api' object has no attribute 'positions'
Traceback (most recent call last):
  File "C:\Rahul\06_Nikku\Strategies\PureOptionsBot\core\engine.py", line 328, in position_sync_task
    # Check for new signal
            ^^^^^^^^^^^^^^^
  File "C:\Rahul\06_Nikku\Strategies\PureOptionsBot\core\engine.py", line 341, in _sync_positions
AttributeError: 'api' object has no attribute 'positions'
2026-01-15 13:23:22,927 - httpx - INFO - HTTP Request: POST http://127.0.0.1:5000/api/v1/positionbook "HTTP/1.1 200 OK"
2026-01-15 13:23:27,373 - core.engine - ERROR - Position sync error: 'api' object has no attribute 'positions'
Traceback (most recent call last):
  File "C:\Rahul\06_Nikku\Strategies\PureOptionsBot\core\engine.py", line 328, in position_sync_task
    # Check for new signal
            ^^^^^^^^^^^^^^^
  File "C:\Rahul\06_Nikku\Strategies\PureOptionsBot\core\engine.py", line 341, in _sync_positions
AttributeError: 'api' object has no attribute 'positions'
2026-01-15 13:23:33,203 - httpx - INFO - HTTP Request: POST http://127.0.0.1:5000/api/v1/positionbook "HTTP/1.1 200 OK"
2026-01-15 13:23:37,400 - core.engine - ERROR - Position sync error: 'api' object has no attribute 'positions'
Traceback (most recent call last):
  File "C:\Rahul\06_Nikku\Strategies\PureOptionsBot\core\engine.py", line 328, in position_sync_task
    # Check for new signal
            ^^^^^^^^^^^^^^^
  File "C:\Rahul\06_Nikku\Strategies\PureOptionsBot\core\engine.py", line 341, in _sync_positions
AttributeError: 'api' object has no attribute 'positions'
2026-01-15 13:23:43,578 - httpx - INFO - HTTP Request: POST http://127.0.0.1:5000/api/v1/positionbook "HTTP/1.1 200 OK"
2026-01-15 13:23:43,996 - httpx - INFO - HTTP Request: POST http://127.0.0.1:5000/api/v1/history "HTTP/1.1 200 OK"
2026-01-15 13:23:44,610 - httpx - INFO - HTTP Request: POST http://127.0.0.1:5000/api/v1/history "HTTP/1.1 200 OK"
2026-01-15 13:23:47,409 - core.engine - ERROR - Position sync error: 'api' object has no attribute 'positions'
Traceback (most recent call last):
  File "C:\Rahul\06_Nikku\Strategies\PureOptionsBot\core\engine.py", line 328, in position_sync_task
    # Check for new signal
            ^^^^^^^^^^^^^^^
  File "C:\Rahul\06_Nikku\Strategies\PureOptionsBot\core\engine.py", line 341, in _sync_positions
AttributeError: 'api' object has no attribute 'positions'
2026-01-15 13:23:53,867 - httpx - INFO - HTTP Request: POST http://127.0.0.1:5000/api/v1/positionbook "HTTP/1.1 200 OK"
2026-01-15 13:23:57,418 - core.engine - ERROR - Position sync error: 'api' object has no attribute 'positions'
Traceback (most recent call last):
  File "C:\Rahul\06_Nikku\Strategies\PureOptionsBot\core\engine.py", line 328, in position_sync_task
    # Check for new signal
            ^^^^^^^^^^^^^^^
  File "C:\Rahul\06_Nikku\Strategies\PureOptionsBot\core\engine.py", line 341, in _sync_positions
AttributeError: 'api' object has no attribute 'positions'
2026-01-15 13:24:04,145 - httpx - INFO - HTTP Request: POST http://127.0.0.1:5000/api/v1/positionbook "HTTP/1.1 200 OK"
2026-01-15 13:24:07,449 - core.engine - ERROR - Position sync error: 'api' object has no attribute 'positions'
Traceback (most recent call last):
  File "C:\Rahul\06_Nikku\Strategies\PureOptionsBot\core\engine.py", line 328, in position_sync_task
    # Check for new signal
            ^^^^^^^^^^^^^^^
  File "C:\Rahul\06_Nikku\Strategies\PureOptionsBot\core\engine.py", line 341, in _sync_positions
AttributeError: 'api' object has no attribute 'positions'
2026-01-15 13:24:14,477 - httpx - INFO - HTTP Request: POST http://127.0.0.1:5000/api/v1/positionbook "HTTP/1.1 200 OK"
2026-01-15 13:24:17,456 - core.engine - ERROR - Position sync error: 'api' object has no attribute 'positions'
Traceback (most recent call last):
  File "C:\Rahul\06_Nikku\Strategies\PureOptionsBot\core\engine.py", line 328, in position_sync_task
    # Check for new signal
            ^^^^^^^^^^^^^^^
  File "C:\Rahul\06_Nikku\Strategies\PureOptionsBot\core\engine.py", line 341, in _sync_positions
AttributeError: 'api' object has no attribute 'positions'
2026-01-15 13:24:24,755 - httpx - INFO - HTTP Request: POST http://127.0.0.1:5000/api/v1/positionbook "HTTP/1.1 200 OK"
2026-01-15 13:24:27,468 - core.engine - ERROR - Position sync error: 'api' object has no attribute 'positions'
Traceback (most recent call last):
  File "C:\Rahul\06_Nikku\Strategies\PureOptionsBot\core\engine.py", line 328, in position_sync_task
    # Check for new signal
            ^^^^^^^^^^^^^^^
  File "C:\Rahul\06_Nikku\Strategies\PureOptionsBot\core\engine.py", line 341, in _sync_positions
AttributeError: 'api' object has no attribute 'positions'
2026-01-15 13:24:35,093 - httpx - INFO - HTTP Request: POST http://127.0.0.1:5000/api/v1/positionbook "HTTP/1.1 200 OK"
2026-01-15 13:24:37,481 - core.engine - ERROR - Position sync error: 'api' object has no attribute 'positions'
Traceback (most recent call last):
  File "C:\Rahul\06_Nikku\Strategies\PureOptionsBot\core\engine.py", line 328, in position_sync_task
    # Check for new signal
            ^^^^^^^^^^^^^^^
  File "C:\Rahul\06_Nikku\Strategies\PureOptionsBot\core\engine.py", line 341, in _sync_positions
AttributeError: 'api' object has no attribute 'positions'
2026-01-15 13:24:45,370 - httpx - INFO - HTTP Request: POST http://127.0.0.1:5000/api/v1/positionbook "HTTP/1.1 200 OK"
2026-01-15 13:24:45,398 - httpx - INFO - HTTP Request: POST http://127.0.0.1:5000/api/v1/history "HTTP/1.1 200 OK"
2026-01-15 13:24:46,102 - httpx - INFO - HTTP Request: POST http://127.0.0.1:5000/api/v1/history "HTTP/1.1 200 OK"
2026-01-15 13:24:47,484 - core.engine - ERROR - Position sync error: 'api' object has no attribute 'positions'
Traceback (most recent call last):
  File "C:\Rahul\06_Nikku\Strategies\PureOptionsBot\core\engine.py", line 328, in position_sync_task
    # Check for new signal
            ^^^^^^^^^^^^^^^
  File "C:\Rahul\06_Nikku\Strategies\PureOptionsBot\core\engine.py", line 341, in _sync_positions
AttributeError: 'api' object has no attribute 'positions'
2026-01-15 13:24:55,654 - httpx - INFO - HTTP Request: POST http://127.0.0.1:5000/api/v1/positionbook "HTTP/1.1 200 OK"
2026-01-15 13:24:57,498 - core.engine - ERROR - Position sync error: 'api' object has no attribute 'positions'
Traceback (most recent call last):
  File "C:\Rahul\06_Nikku\Strategies\PureOptionsBot\core\engine.py", line 328, in position_sync_task
    # Check for new signal
            ^^^^^^^^^^^^^^^
  File "C:\Rahul\06_Nikku\Strategies\PureOptionsBot\core\engine.py", line 341, in _sync_positions
AttributeError: 'api' object has no attribute 'positions'
2026-01-15 13:25:06,058 - httpx - INFO - HTTP Request: POST http://127.0.0.1:5000/api/v1/positionbook "HTTP/1.1 200 OK"
2026-01-15 13:25:07,518 - core.engine - ERROR - Position sync error: 'api' object has no attribute 'positions'
Traceback (most recent call last):
  File "C:\Rahul\06_Nikku\Strategies\PureOptionsBot\core\engine.py", line 328, in position_sync_task
    # Check for new signal
            ^^^^^^^^^^^^^^^
  File "C:\Rahul\06_Nikku\Strategies\PureOptionsBot\core\engine.py", line 341, in _sync_positions
AttributeError: 'api' object has no attribute 'positions'
2026-01-15 13:25:16,365 - httpx - INFO - HTTP Request: POST http://127.0.0.1:5000/api/v1/positionbook "HTTP/1.1 200 OK"
2026-01-15 13:25:17,538 - core.engine - ERROR - Position sync error: 'api' object has no attribute 'positions'
Traceback (most recent call last):
  File "C:\Rahul\06_Nikku\Strategies\PureOptionsBot\core\engine.py", line 328, in position_sync_task
    # Check for new signal
            ^^^^^^^^^^^^^^^
  File "C:\Rahul\06_Nikku\Strategies\PureOptionsBot\core\engine.py", line 341, in _sync_positions
AttributeError: 'api' object has no attribute 'positions'
2026-01-15 13:25:26,633 - httpx - INFO - HTTP Request: POST http://127.0.0.1:5000/api/v1/positionbook "HTTP/1.1 200 OK"
2026-01-15 13:25:27,524 - core.engine - ERROR - Position sync error: 'api' object has no attribute 'positions'
Traceback (most recent call last):
  File "C:\Rahul\06_Nikku\Strategies\PureOptionsBot\core\engine.py", line 328, in position_sync_task
    # Check for new signal
            ^^^^^^^^^^^^^^^
  File "C:\Rahul\06_Nikku\Strategies\PureOptionsBot\core\engine.py", line 341, in _sync_positions
AttributeError: 'api' object has no attribute 'positions'
2026-01-15 13:25:37,136 - httpx - INFO - HTTP Request: POST http://127.0.0.1:5000/api/v1/positionbook "HTTP/1.1 200 OK"
2026-01-15 13:25:37,536 - core.engine - ERROR - Position sync error: 'api' object has no attribute 'positions'
Traceback (most recent call last):
  File "C:\Rahul\06_Nikku\Strategies\PureOptionsBot\core\engine.py", line 328, in position_sync_task
    # Check for new signal
            ^^^^^^^^^^^^^^^
  File "C:\Rahul\06_Nikku\Strategies\PureOptionsBot\core\engine.py", line 341, in _sync_positions
AttributeError: 'api' object has no attribute 'positions'
2026-01-15 13:25:47,254 - httpx - INFO - HTTP Request: POST http://127.0.0.1:5000/api/v1/history "HTTP/1.1 200 OK"
2026-01-15 13:25:47,556 - core.engine - ERROR - Position sync error: 'api' object has no attribute 'positions'
Traceback (most recent call last):
  File "C:\Rahul\06_Nikku\Strategies\PureOptionsBot\core\engine.py", line 328, in position_sync_task
    # Check for new signal
            ^^^^^^^^^^^^^^^
  File "C:\Rahul\06_Nikku\Strategies\PureOptionsBot\core\engine.py", line 341, in _sync_positions
AttributeError: 'api' object has no attribute 'positions'
2026-01-15 13:25:47,758 - httpx - INFO - HTTP Request: POST http://127.0.0.1:5000/api/v1/positionbook "HTTP/1.1 200 OK"
2026-01-15 13:25:48,429 - httpx - INFO - HTTP Request: POST http://127.0.0.1:5000/api/v1/history "HTTP/1.1 200 OK"
2026-01-15 13:25:57,564 - core.engine - ERROR - Position sync error: 'api' object has no attribute 'positions'
Traceback (most recent call last):
  File "C:\Rahul\06_Nikku\Strategies\PureOptionsBot\core\engine.py", line 328, in position_sync_task
    # Check for new signal
            ^^^^^^^^^^^^^^^
  File "C:\Rahul\06_Nikku\Strategies\PureOptionsBot\core\engine.py", line 341, in _sync_positions
AttributeError: 'api' object has no attribute 'positions'
2026-01-15 13:25:58,038 - httpx - INFO - HTTP Request: POST http://127.0.0.1:5000/api/v1/positionbook "HTTP/1.1 200 OK"
2026-01-15 13:26:07,584 - core.engine - ERROR - Position sync error: 'api' object has no attribute 'positions'
Traceback (most recent call last):
  File "C:\Rahul\06_Nikku\Strategies\PureOptionsBot\core\engine.py", line 328, in position_sync_task
    # Check for new signal
            ^^^^^^^^^^^^^^^
  File "C:\Rahul\06_Nikku\Strategies\PureOptionsBot\core\engine.py", line 341, in _sync_positions
AttributeError: 'api' object has no attribute 'positions'
2026-01-15 13:26:08,417 - httpx - INFO - HTTP Request: POST http://127.0.0.1:5000/api/v1/positionbook "HTTP/1.1 200 OK"
2026-01-15 13:26:17,597 - core.engine - ERROR - Position sync error: 'api' object has no attribute 'positions'
Traceback (most recent call last):
  File "C:\Rahul\06_Nikku\Strategies\PureOptionsBot\core\engine.py", line 328, in position_sync_task
    # Check for new signal
            ^^^^^^^^^^^^^^^
  File "C:\Rahul\06_Nikku\Strategies\PureOptionsBot\core\engine.py", line 341, in _sync_positions
AttributeError: 'api' object has no attribute 'positions'
2026-01-15 13:26:18,663 - httpx - INFO - HTTP Request: POST http://127.0.0.1:5000/api/v1/positionbook "HTTP/1.1 200 OK"
2026-01-15 13:26:27,612 - core.engine - ERROR - Position sync error: 'api' object has no attribute 'positions'
Traceback (most recent call last):
  File "C:\Rahul\06_Nikku\Strategies\PureOptionsBot\core\engine.py", line 328, in position_sync_task
    # Check for new signal
            ^^^^^^^^^^^^^^^
  File "C:\Rahul\06_Nikku\Strategies\PureOptionsBot\core\engine.py", line 341, in _sync_positions
AttributeError: 'api' object has no attribute 'positions'
2026-01-15 13:26:28,938 - httpx - INFO - HTTP Request: POST http://127.0.0.1:5000/api/v1/positionbook "HTTP/1.1 200 OK"
2026-01-15 13:26:37,633 - core.engine - ERROR - Position sync error: 'api' object has no attribute 'positions'
Traceback (most recent call last):
  File "C:\Rahul\06_Nikku\Strategies\PureOptionsBot\core\engine.py", line 328, in position_sync_task
    # Check for new signal
            ^^^^^^^^^^^^^^^
  File "C:\Rahul\06_Nikku\Strategies\PureOptionsBot\core\engine.py", line 341, in _sync_positions
AttributeError: 'api' object has no attribute 'positions'
2026-01-15 13:26:39,227 - httpx - INFO - HTTP Request: POST http://127.0.0.1:5000/api/v1/positionbook "HTTP/1.1 200 OK"
2026-01-15 13:26:47,630 - core.engine - ERROR - Position sync error: 'api' object has no attribute 'positions'
Traceback (most recent call last):
  File "C:\Rahul\06_Nikku\Strategies\PureOptionsBot\core\engine.py", line 328, in position_sync_task
    # Check for new signal
            ^^^^^^^^^^^^^^^
  File "C:\Rahul\06_Nikku\Strategies\PureOptionsBot\core\engine.py", line 341, in _sync_positions
AttributeError: 'api' object has no attribute 'positions'
2026-01-15 13:26:49,261 - httpx - INFO - HTTP Request: POST http://127.0.0.1:5000/api/v1/history "HTTP/1.1 200 OK"
2026-01-15 13:26:49,617 - httpx - INFO - HTTP Request: POST http://127.0.0.1:5000/api/v1/positionbook "HTTP/1.1 200 OK"
2026-01-15 13:26:49,997 - httpx - INFO - HTTP Request: POST http://127.0.0.1:5000/api/v1/history "HTTP/1.1 200 OK"
2026-01-15 13:26:57,634 - core.engine - ERROR - Position sync error: 'api' object has no attribute 'positions'
Traceback (most recent call last):
  File "C:\Rahul\06_Nikku\Strategies\PureOptionsBot\core\engine.py", line 328, in position_sync_task
    # Check for new signal
            ^^^^^^^^^^^^^^^
  File "C:\Rahul\06_Nikku\Strategies\PureOptionsBot\core\engine.py", line 341, in _sync_positions
AttributeError: 'api' object has no attribute 'positions'
2026-01-15 13:26:59,896 - httpx - INFO - HTTP Request: POST http://127.0.0.1:5000/api/v1/positionbook "HTTP/1.1 200 OK"
2026-01-15 13:27:07,640 - core.engine - ERROR - Position sync error: 'api' object has no attribute 'positions'
Traceback (most recent call last):
  File "C:\Rahul\06_Nikku\Strategies\PureOptionsBot\core\engine.py", line 328, in position_sync_task
    # Check for new signal
            ^^^^^^^^^^^^^^^
  File "C:\Rahul\06_Nikku\Strategies\PureOptionsBot\core\engine.py", line 341, in _sync_positions
AttributeError: 'api' object has no attribute 'positions'
2026-01-15 13:27:10,181 - httpx - INFO - HTTP Request: POST http://127.0.0.1:5000/api/v1/positionbook "HTTP/1.1 200 OK"
2026-01-15 13:27:17,656 - core.engine - ERROR - Position sync error: 'api' object has no attribute 'positions'
Traceback (most recent call last):
  File "C:\Rahul\06_Nikku\Strategies\PureOptionsBot\core\engine.py", line 328, in position_sync_task
    # Check for new signal
            ^^^^^^^^^^^^^^^
  File "C:\Rahul\06_Nikku\Strategies\PureOptionsBot\core\engine.py", line 341, in _sync_positions
AttributeError: 'api' object has no attribute 'positions'
2026-01-15 13:27:20,466 - httpx - INFO - HTTP Request: POST http://127.0.0.1:5000/api/v1/positionbook "HTTP/1.1 200 OK"
2026-01-15 13:27:27,678 - core.engine - ERROR - Position sync error: 'api' object has no attribute 'positions'
Traceback (most recent call last):
  File "C:\Rahul\06_Nikku\Strategies\PureOptionsBot\core\engine.py", line 328, in position_sync_task
    # Check for new signal
            ^^^^^^^^^^^^^^^
  File "C:\Rahul\06_Nikku\Strategies\PureOptionsBot\core\engine.py", line 341, in _sync_positions
AttributeError: 'api' object has no attribute 'positions'
2026-01-15 13:27:30,767 - httpx - INFO - HTTP Request: POST http://127.0.0.1:5000/api/v1/positionbook "HTTP/1.1 200 OK"
2026-01-15 13:27:37,683 - core.engine - ERROR - Position sync error: 'api' object has no attribute 'positions'
Traceback (most recent call last):
  File "C:\Rahul\06_Nikku\Strategies\PureOptionsBot\core\engine.py", line 328, in position_sync_task
    # Check for new signal
            ^^^^^^^^^^^^^^^
  File "C:\Rahul\06_Nikku\Strategies\PureOptionsBot\core\engine.py", line 341, in _sync_positions
AttributeError: 'api' object has no attribute 'positions'
2026-01-15 13:27:41,060 - httpx - INFO - HTTP Request: POST http://127.0.0.1:5000/api/v1/positionbook "HTTP/1.1 200 OK"
2026-01-15 13:27:47,686 - core.engine - ERROR - Position sync error: 'api' object has no attribute 'positions'
Traceback (most recent call last):
  File "C:\Rahul\06_Nikku\Strategies\PureOptionsBot\core\engine.py", line 328, in position_sync_task
    # Check for new signal
            ^^^^^^^^^^^^^^^
  File "C:\Rahul\06_Nikku\Strategies\PureOptionsBot\core\engine.py", line 341, in _sync_positions
AttributeError: 'api' object has no attribute 'positions'
2026-01-15 13:27:50,940 - httpx - INFO - HTTP Request: POST http://127.0.0.1:5000/api/v1/history "HTTP/1.1 200 OK"
2026-01-15 13:27:51,404 - httpx - INFO - HTTP Request: POST http://127.0.0.1:5000/api/v1/positionbook "HTTP/1.1 200 OK"
2026-01-15 13:27:51,651 - httpx - INFO - HTTP Request: POST http://127.0.0.1:5000/api/v1/history "HTTP/1.1 200 OK"
2026-01-15 13:27:57,714 - core.engine - ERROR - Position sync error: 'api' object has no attribute 'positions'
Traceback (most recent call last):
  File "C:\Rahul\06_Nikku\Strategies\PureOptionsBot\core\engine.py", line 328, in position_sync_task
    # Check for new signal
            ^^^^^^^^^^^^^^^
  File "C:\Rahul\06_Nikku\Strategies\PureOptionsBot\core\engine.py", line 341, in _sync_positions
AttributeError: 'api' object has no attribute 'positions'
2026-01-15 13:28:01,700 - httpx - INFO - HTTP Request: POST http://127.0.0.1:5000/api/v1/positionbook "HTTP/1.1 200 OK"
2026-01-15 13:28:02,917 - __main__ - INFO - Configuration banner printed
2026-01-15 13:28:03,477 - __main__ - INFO - API client loaded from PureOptionsStrategy.py
2026-01-15 13:28:04,012 - core.engine - INFO - Trading Engine initialized
2026-01-15 13:28:04,012 - __main__ - INFO - Trading Engine created successfully
2026-01-15 13:28:04,013 - core.engine - INFO - Starting Trading Engine...
2026-01-15 13:28:04,720 - core.engine - INFO - [TASK] Signal scanner started
2026-01-15 13:28:04,724 - core.engine - INFO - [TASK] Risk monitor started
2026-01-15 13:28:04,724 - core.engine - INFO - [TASK] Position sync started
2026-01-15 13:28:07,735 - core.engine - ERROR - Position sync error: 'api' object has no attribute 'positions'
Traceback (most recent call last):
  File "C:\Rahul\06_Nikku\Strategies\PureOptionsBot\core\engine.py", line 328, in position_sync_task
    # Check for new signal
            ^^^^^^^^^^^^^^^
  File "C:\Rahul\06_Nikku\Strategies\PureOptionsBot\core\engine.py", line 341, in _sync_positions
AttributeError: 'api' object has no attribute 'positions'
2026-01-15 13:28:11,994 - httpx - INFO - HTTP Request: POST http://127.0.0.1:5000/api/v1/positionbook "HTTP/1.1 200 OK"
2026-01-15 13:28:17,739 - core.engine - ERROR - Position sync error: 'api' object has no attribute 'positions'
Traceback (most recent call last):
  File "C:\Rahul\06_Nikku\Strategies\PureOptionsBot\core\engine.py", line 328, in position_sync_task
    # Check for new signal
            ^^^^^^^^^^^^^^^
  File "C:\Rahul\06_Nikku\Strategies\PureOptionsBot\core\engine.py", line 341, in _sync_positions
AttributeError: 'api' object has no attribute 'positions'
2026-01-15 13:28:22,276 - httpx - INFO - HTTP Request: POST http://127.0.0.1:5000/api/v1/positionbook "HTTP/1.1 200 OK"
2026-01-15 13:28:27,753 - core.engine - ERROR - Position sync error: 'api' object has no attribute 'positions'
Traceback (most recent call last):
  File "C:\Rahul\06_Nikku\Strategies\PureOptionsBot\core\engine.py", line 328, in position_sync_task
    # Check for new signal
            ^^^^^^^^^^^^^^^
  File "C:\Rahul\06_Nikku\Strategies\PureOptionsBot\core\engine.py", line 341, in _sync_positions
AttributeError: 'api' object has no attribute 'positions'
2026-01-15 13:28:32,567 - httpx - INFO - HTTP Request: POST http://127.0.0.1:5000/api/v1/positionbook "HTTP/1.1 200 OK"
2026-01-15 13:28:37,762 - core.engine - ERROR - Position sync error: 'api' object has no attribute 'positions'
Traceback (most recent call last):
  File "C:\Rahul\06_Nikku\Strategies\PureOptionsBot\core\engine.py", line 328, in position_sync_task
    # Check for new signal
            ^^^^^^^^^^^^^^^
  File "C:\Rahul\06_Nikku\Strategies\PureOptionsBot\core\engine.py", line 341, in _sync_positions
AttributeError: 'api' object has no attribute 'positions'
2026-01-15 13:28:42,856 - httpx - INFO - HTTP Request: POST http://127.0.0.1:5000/api/v1/positionbook "HTTP/1.1 200 OK"
2026-01-15 13:28:47,776 - core.engine - ERROR - Position sync error: 'api' object has no attribute 'positions'
Traceback (most recent call last):
  File "C:\Rahul\06_Nikku\Strategies\PureOptionsBot\core\engine.py", line 328, in position_sync_task
    # Check for new signal
            ^^^^^^^^^^^^^^^
  File "C:\Rahul\06_Nikku\Strategies\PureOptionsBot\core\engine.py", line 341, in _sync_positions
AttributeError: 'api' object has no attribute 'positions'
2026-01-15 13:28:52,589 - httpx - INFO - HTTP Request: POST http://127.0.0.1:5000/api/v1/history "HTTP/1.1 200 OK"
2026-01-15 13:28:53,144 - httpx - INFO - HTTP Request: POST http://127.0.0.1:5000/api/v1/positionbook "HTTP/1.1 200 OK"
2026-01-15 13:28:53,270 - httpx - INFO - HTTP Request: POST http://127.0.0.1:5000/api/v1/history "HTTP/1.1 200 OK"
2026-01-15 13:28:57,784 - core.engine - ERROR - Position sync error: 'api' object has no attribute 'positions'
Traceback (most recent call last):
  File "C:\Rahul\06_Nikku\Strategies\PureOptionsBot\core\engine.py", line 328, in position_sync_task
    # Check for new signal
            ^^^^^^^^^^^^^^^
  File "C:\Rahul\06_Nikku\Strategies\PureOptionsBot\core\engine.py", line 341, in _sync_positions
AttributeError: 'api' object has no attribute 'positions'
2026-01-15 13:29:03,416 - httpx - INFO - HTTP Request: POST http://127.0.0.1:5000/api/v1/positionbook "HTTP/1.1 200 OK"
2026-01-15 13:29:07,780 - core.engine - ERROR - Position sync error: 'api' object has no attribute 'positions'
Traceback (most recent call last):
  File "C:\Rahul\06_Nikku\Strategies\PureOptionsBot\core\engine.py", line 328, in position_sync_task
    # Check for new signal
            ^^^^^^^^^^^^^^^
  File "C:\Rahul\06_Nikku\Strategies\PureOptionsBot\core\engine.py", line 341, in _sync_positions
AttributeError: 'api' object has no attribute 'positions'
2026-01-15 13:29:13,691 - httpx - INFO - HTTP Request: POST http://127.0.0.1:5000/api/v1/positionbook "HTTP/1.1 200 OK"
2026-01-15 13:29:17,798 - core.engine - ERROR - Position sync error: 'api' object has no attribute 'positions'
Traceback (most recent call last):
  File "C:\Rahul\06_Nikku\Strategies\PureOptionsBot\core\engine.py", line 328, in position_sync_task
    # Check for new signal
            ^^^^^^^^^^^^^^^
  File "C:\Rahul\06_Nikku\Strategies\PureOptionsBot\core\engine.py", line 341, in _sync_positions
AttributeError: 'api' object has no attribute 'positions'
2026-01-15 13:29:23,941 - httpx - INFO - HTTP Request: POST http://127.0.0.1:5000/api/v1/positionbook "HTTP/1.1 200 OK"
2026-01-15 13:29:27,800 - core.engine - ERROR - Position sync error: 'api' object has no attribute 'positions'
Traceback (most recent call last):
  File "C:\Rahul\06_Nikku\Strategies\PureOptionsBot\core\engine.py", line 328, in position_sync_task
    # Check for new signal
            ^^^^^^^^^^^^^^^
  File "C:\Rahul\06_Nikku\Strategies\PureOptionsBot\core\engine.py", line 341, in _sync_positions
AttributeError: 'api' object has no attribute 'positions'
2026-01-15 13:29:34,228 - httpx - INFO - HTTP Request: POST http://127.0.0.1:5000/api/v1/positionbook "HTTP/1.1 200 OK"
2026-01-15 13:29:37,819 - core.engine - ERROR - Position sync error: 'api' object has no attribute 'positions'
Traceback (most recent call last):
  File "C:\Rahul\06_Nikku\Strategies\PureOptionsBot\core\engine.py", line 328, in position_sync_task
    # Check for new signal
            ^^^^^^^^^^^^^^^
  File "C:\Rahul\06_Nikku\Strategies\PureOptionsBot\core\engine.py", line 341, in _sync_positions
AttributeError: 'api' object has no attribute 'positions'
2026-01-15 13:29:44,505 - httpx - INFO - HTTP Request: POST http://127.0.0.1:5000/api/v1/positionbook "HTTP/1.1 200 OK"
2026-01-15 13:29:47,818 - core.engine - ERROR - Position sync error: 'api' object has no attribute 'positions'
Traceback (most recent call last):
  File "C:\Rahul\06_Nikku\Strategies\PureOptionsBot\core\engine.py", line 328, in position_sync_task
    # Check for new signal
            ^^^^^^^^^^^^^^^
  File "C:\Rahul\06_Nikku\Strategies\PureOptionsBot\core\engine.py", line 341, in _sync_positions
AttributeError: 'api' object has no attribute 'positions'
2026-01-15 13:29:54,129 - httpx - INFO - HTTP Request: POST http://127.0.0.1:5000/api/v1/history "HTTP/1.1 200 OK"
2026-01-15 13:29:54,755 - httpx - INFO - HTTP Request: POST http://127.0.0.1:5000/api/v1/history "HTTP/1.1 200 OK"
2026-01-15 13:29:54,781 - httpx - INFO - HTTP Request: POST http://127.0.0.1:5000/api/v1/positionbook "HTTP/1.1 200 OK"
2026-01-15 13:29:57,827 - core.engine - ERROR - Position sync error: 'api' object has no attribute 'positions'
Traceback (most recent call last):
  File "C:\Rahul\06_Nikku\Strategies\PureOptionsBot\core\engine.py", line 328, in position_sync_task
    # Check for new signal
            ^^^^^^^^^^^^^^^
  File "C:\Rahul\06_Nikku\Strategies\PureOptionsBot\core\engine.py", line 341, in _sync_positions
AttributeError: 'api' object has no attribute 'positions'
2026-01-15 13:30:05,066 - httpx - INFO - HTTP Request: POST http://127.0.0.1:5000/api/v1/positionbook "HTTP/1.1 200 OK"
2026-01-15 13:30:07,848 - core.engine - ERROR - Position sync error: 'api' object has no attribute 'positions'
Traceback (most recent call last):
  File "C:\Rahul\06_Nikku\Strategies\PureOptionsBot\core\engine.py", line 328, in position_sync_task
    # Check for new signal
            ^^^^^^^^^^^^^^^
  File "C:\Rahul\06_Nikku\Strategies\PureOptionsBot\core\engine.py", line 341, in _sync_positions
AttributeError: 'api' object has no attribute 'positions'
2026-01-15 13:30:15,345 - httpx - INFO - HTTP Request: POST http://127.0.0.1:5000/api/v1/positionbook "HTTP/1.1 200 OK"
2026-01-15 13:30:17,864 - core.engine - ERROR - Position sync error: 'api' object has no attribute 'positions'
Traceback (most recent call last):
  File "C:\Rahul\06_Nikku\Strategies\PureOptionsBot\core\engine.py", line 328, in position_sync_task
    # Check for new signal
            ^^^^^^^^^^^^^^^
  File "C:\Rahul\06_Nikku\Strategies\PureOptionsBot\core\engine.py", line 341, in _sync_positions
AttributeError: 'api' object has no attribute 'positions'
2026-01-15 13:30:25,616 - httpx - INFO - HTTP Request: POST http://127.0.0.1:5000/api/v1/positionbook "HTTP/1.1 200 OK"
2026-01-15 13:30:27,879 - core.engine - ERROR - Position sync error: 'api' object has no attribute 'positions'
Traceback (most recent call last):
  File "C:\Rahul\06_Nikku\Strategies\PureOptionsBot\core\engine.py", line 328, in position_sync_task
    # Check for new signal
            ^^^^^^^^^^^^^^^
  File "C:\Rahul\06_Nikku\Strategies\PureOptionsBot\core\engine.py", line 341, in _sync_positions
AttributeError: 'api' object has no attribute 'positions'
2026-01-15 13:30:35,900 - httpx - INFO - HTTP Request: POST http://127.0.0.1:5000/api/v1/positionbook "HTTP/1.1 200 OK"
2026-01-15 13:30:37,891 - core.engine - ERROR - Position sync error: 'api' object has no attribute 'positions'
Traceback (most recent call last):
  File "C:\Rahul\06_Nikku\Strategies\PureOptionsBot\core\engine.py", line 328, in position_sync_task
    # Check for new signal
            ^^^^^^^^^^^^^^^
  File "C:\Rahul\06_Nikku\Strategies\PureOptionsBot\core\engine.py", line 341, in _sync_positions
AttributeError: 'api' object has no attribute 'positions'
2026-01-15 13:30:40,058 - __main__ - INFO - Goodbye!
2026-01-15 13:30:46,179 - httpx - INFO - HTTP Request: POST http://127.0.0.1:5000/api/v1/positionbook "HTTP/1.1 200 OK"
2026-01-15 13:30:47,907 - core.engine - ERROR - Position sync error: 'api' object has no attribute 'positions'
Traceback (most recent call last):
  File "C:\Rahul\06_Nikku\Strategies\PureOptionsBot\core\engine.py", line 328, in position_sync_task
    # Check for new signal
            ^^^^^^^^^^^^^^^
  File "C:\Rahul\06_Nikku\Strategies\PureOptionsBot\core\engine.py", line 341, in _sync_positions
AttributeError: 'api' object has no attribute 'positions'
2026-01-15 13:30:55,626 - httpx - INFO - HTTP Request: POST http://127.0.0.1:5000/api/v1/history "HTTP/1.1 200 OK"
2026-01-15 13:30:56,283 - httpx - INFO - HTTP Request: POST http://127.0.0.1:5000/api/v1/history "HTTP/1.1 200 OK"
2026-01-15 13:30:56,447 - httpx - INFO - HTTP Request: POST http://127.0.0.1:5000/api/v1/positionbook "HTTP/1.1 200 OK"
2026-01-15 13:30:57,920 - core.engine - ERROR - Position sync error: 'api' object has no attribute 'positions'
Traceback (most recent call last):
  File "C:\Rahul\06_Nikku\Strategies\PureOptionsBot\core\engine.py", line 328, in position_sync_task
    # Check for new signal
            ^^^^^^^^^^^^^^^
  File "C:\Rahul\06_Nikku\Strategies\PureOptionsBot\core\engine.py", line 341, in _sync_positions
AttributeError: 'api' object has no attribute 'positions'
2026-01-15 13:31:06,724 - httpx - INFO - HTTP Request: POST http://127.0.0.1:5000/api/v1/positionbook "HTTP/1.1 200 OK"
2026-01-15 13:31:07,935 - core.engine - ERROR - Position sync error: 'api' object has no attribute 'positions'
Traceback (most recent call last):
  File "C:\Rahul\06_Nikku\Strategies\PureOptionsBot\core\engine.py", line 328, in position_sync_task
    # Check for new signal
            ^^^^^^^^^^^^^^^
  File "C:\Rahul\06_Nikku\Strategies\PureOptionsBot\core\engine.py", line 341, in _sync_positions
AttributeError: 'api' object has no attribute 'positions'
2026-01-15 13:31:16,999 - httpx - INFO - HTTP Request: POST http://127.0.0.1:5000/api/v1/positionbook "HTTP/1.1 200 OK"
2026-01-15 13:31:17,955 - core.engine - ERROR - Position sync error: 'api' object has no attribute 'positions'
Traceback (most recent call last):
  File "C:\Rahul\06_Nikku\Strategies\PureOptionsBot\core\engine.py", line 328, in position_sync_task
    # Check for new signal
            ^^^^^^^^^^^^^^^
  File "C:\Rahul\06_Nikku\Strategies\PureOptionsBot\core\engine.py", line 341, in _sync_positions
AttributeError: 'api' object has no attribute 'positions'
2026-01-15 13:31:27,292 - httpx - INFO - HTTP Request: POST http://127.0.0.1:5000/api/v1/positionbook "HTTP/1.1 200 OK"
2026-01-15 13:31:27,955 - core.engine - ERROR - Position sync error: 'api' object has no attribute 'positions'
Traceback (most recent call last):
  File "C:\Rahul\06_Nikku\Strategies\PureOptionsBot\core\engine.py", line 328, in position_sync_task
    # Check for new signal
            ^^^^^^^^^^^^^^^
  File "C:\Rahul\06_Nikku\Strategies\PureOptionsBot\core\engine.py", line 341, in _sync_positions
AttributeError: 'api' object has no attribute 'positions'
2026-01-15 13:31:37,597 - httpx - INFO - HTTP Request: POST http://127.0.0.1:5000/api/v1/positionbook "HTTP/1.1 200 OK"
2026-01-15 13:31:37,958 - core.engine - ERROR - Position sync error: 'api' object has no attribute 'positions'
Traceback (most recent call last):
  File "C:\Rahul\06_Nikku\Strategies\PureOptionsBot\core\engine.py", line 328, in position_sync_task
    # Check for new signal
            ^^^^^^^^^^^^^^^
  File "C:\Rahul\06_Nikku\Strategies\PureOptionsBot\core\engine.py", line 341, in _sync_positions
AttributeError: 'api' object has no attribute 'positions'
2026-01-15 13:31:47,879 - httpx - INFO - HTTP Request: POST http://127.0.0.1:5000/api/v1/positionbook "HTTP/1.1 200 OK"
2026-01-15 13:31:47,951 - core.engine - ERROR - Position sync error: 'api' object has no attribute 'positions'
Traceback (most recent call last):
  File "C:\Rahul\06_Nikku\Strategies\PureOptionsBot\core\engine.py", line 328, in position_sync_task
    # Check for new signal
            ^^^^^^^^^^^^^^^
  File "C:\Rahul\06_Nikku\Strategies\PureOptionsBot\core\engine.py", line 341, in _sync_positions
AttributeError: 'api' object has no attribute 'positions'
2026-01-15 13:31:57,057 - httpx - INFO - HTTP Request: POST http://127.0.0.1:5000/api/v1/history "HTTP/1.1 200 OK"
2026-01-15 13:31:57,665 - httpx - INFO - HTTP Request: POST http://127.0.0.1:5000/api/v1/history "HTTP/1.1 200 OK"
2026-01-15 13:31:57,969 - core.engine - ERROR - Position sync error: 'api' object has no attribute 'positions'
Traceback (most recent call last):
  File "C:\Rahul\06_Nikku\Strategies\PureOptionsBot\core\engine.py", line 328, in position_sync_task
    # Check for new signal
            ^^^^^^^^^^^^^^^
  File "C:\Rahul\06_Nikku\Strategies\PureOptionsBot\core\engine.py", line 341, in _sync_positions
AttributeError: 'api' object has no attribute 'positions'
2026-01-15 13:31:58,175 - httpx - INFO - HTTP Request: POST http://127.0.0.1:5000/api/v1/positionbook "HTTP/1.1 200 OK"
2026-01-15 13:32:07,988 - core.engine - ERROR - Position sync error: 'api' object has no attribute 'positions'
Traceback (most recent call last):
  File "C:\Rahul\06_Nikku\Strategies\PureOptionsBot\core\engine.py", line 328, in position_sync_task
    # Check for new signal
            ^^^^^^^^^^^^^^^
  File "C:\Rahul\06_Nikku\Strategies\PureOptionsBot\core\engine.py", line 341, in _sync_positions
AttributeError: 'api' object has no attribute 'positions'
2026-01-15 13:32:08,457 - httpx - INFO - HTTP Request: POST http://127.0.0.1:5000/api/v1/positionbook "HTTP/1.1 200 OK"
2026-01-15 13:32:18,000 - core.engine - ERROR - Position sync error: 'api' object has no attribute 'positions'
Traceback (most recent call last):
  File "C:\Rahul\06_Nikku\Strategies\PureOptionsBot\core\engine.py", line 328, in position_sync_task
    # Check for new signal
            ^^^^^^^^^^^^^^^
  File "C:\Rahul\06_Nikku\Strategies\PureOptionsBot\core\engine.py", line 341, in _sync_positions
AttributeError: 'api' object has no attribute 'positions'
2026-01-15 13:32:18,748 - httpx - INFO - HTTP Request: POST http://127.0.0.1:5000/api/v1/positionbook "HTTP/1.1 200 OK"
2026-01-15 13:32:28,014 - core.engine - ERROR - Position sync error: 'api' object has no attribute 'positions'
Traceback (most recent call last):
  File "C:\Rahul\06_Nikku\Strategies\PureOptionsBot\core\engine.py", line 328, in position_sync_task
    # Check for new signal
            ^^^^^^^^^^^^^^^
  File "C:\Rahul\06_Nikku\Strategies\PureOptionsBot\core\engine.py", line 341, in _sync_positions
AttributeError: 'api' object has no attribute 'positions'
2026-01-15 13:32:29,191 - httpx - INFO - HTTP Request: POST http://127.0.0.1:5000/api/v1/positionbook "HTTP/1.1 200 OK"
2026-01-15 13:32:38,027 - core.engine - ERROR - Position sync error: 'api' object has no attribute 'positions'
Traceback (most recent call last):
  File "C:\Rahul\06_Nikku\Strategies\PureOptionsBot\core\engine.py", line 328, in position_sync_task
    # Check for new signal
            ^^^^^^^^^^^^^^^
  File "C:\Rahul\06_Nikku\Strategies\PureOptionsBot\core\engine.py", line 341, in _sync_positions
AttributeError: 'api' object has no attribute 'positions'
2026-01-15 13:32:39,864 - httpx - INFO - HTTP Request: POST http://127.0.0.1:5000/api/v1/positionbook "HTTP/1.1 200 OK"
2026-01-15 13:32:48,042 - core.engine - ERROR - Position sync error: 'api' object has no attribute 'positions'
Traceback (most recent call last):
  File "C:\Rahul\06_Nikku\Strategies\PureOptionsBot\core\engine.py", line 328, in position_sync_task
    # Check for new signal
            ^^^^^^^^^^^^^^^
  File "C:\Rahul\06_Nikku\Strategies\PureOptionsBot\core\engine.py", line 341, in _sync_positions
AttributeError: 'api' object has no attribute 'positions'
2026-01-15 13:32:50,141 - httpx - INFO - HTTP Request: POST http://127.0.0.1:5000/api/v1/positionbook "HTTP/1.1 200 OK"
2026-01-15 13:32:58,070 - core.engine - ERROR - Position sync error: 'api' object has no attribute 'positions'
Traceback (most recent call last):
  File "C:\Rahul\06_Nikku\Strategies\PureOptionsBot\core\engine.py", line 328, in position_sync_task
    # Check for new signal
            ^^^^^^^^^^^^^^^
  File "C:\Rahul\06_Nikku\Strategies\PureOptionsBot\core\engine.py", line 341, in _sync_positions
AttributeError: 'api' object has no attribute 'positions'
2026-01-15 13:32:58,644 - httpx - INFO - HTTP Request: POST http://127.0.0.1:5000/api/v1/history "HTTP/1.1 200 OK"
2026-01-15 13:32:59,231 - httpx - INFO - HTTP Request: POST http://127.0.0.1:5000/api/v1/history "HTTP/1.1 200 OK"
2026-01-15 13:33:00,422 - httpx - INFO - HTTP Request: POST http://127.0.0.1:5000/api/v1/positionbook "HTTP/1.1 200 OK"
2026-01-15 13:33:04,509 - __main__ - INFO - Configuration banner printed
2026-01-15 13:33:04,968 - __main__ - INFO - OpenAlgo API client initialized (host: http://127.0.0.1:5000)
2026-01-15 13:33:05,652 - core.engine - INFO - Trading Engine initialized
2026-01-15 13:33:05,652 - __main__ - INFO - Trading Engine created successfully
2026-01-15 13:33:05,652 - core.engine - INFO - Starting Trading Engine...
2026-01-15 13:33:06,357 - core.engine - INFO - [TASK] Signal scanner started
2026-01-15 13:33:06,362 - core.engine - INFO - [TASK] Risk monitor started
2026-01-15 13:33:06,362 - core.engine - INFO - [TASK] Position sync started
2026-01-15 13:33:08,063 - core.engine - ERROR - Position sync error: 'api' object has no attribute 'positions'
Traceback (most recent call last):
  File "C:\Rahul\06_Nikku\Strategies\PureOptionsBot\core\engine.py", line 328, in position_sync_task
    # Check for new signal
            ^^^^^^^^^^^^^^^
  File "C:\Rahul\06_Nikku\Strategies\PureOptionsBot\core\engine.py", line 341, in _sync_positions
AttributeError: 'api' object has no attribute 'positions'
2026-01-15 13:33:10,725 - httpx - INFO - HTTP Request: POST http://127.0.0.1:5000/api/v1/positionbook "HTTP/1.1 200 OK"
2026-01-15 13:33:18,074 - core.engine - ERROR - Position sync error: 'api' object has no attribute 'positions'
Traceback (most recent call last):
  File "C:\Rahul\06_Nikku\Strategies\PureOptionsBot\core\engine.py", line 328, in position_sync_task
    # Check for new signal
            ^^^^^^^^^^^^^^^
  File "C:\Rahul\06_Nikku\Strategies\PureOptionsBot\core\engine.py", line 341, in _sync_positions
AttributeError: 'api' object has no attribute 'positions'
2026-01-15 13:33:20,990 - httpx - INFO - HTTP Request: POST http://127.0.0.1:5000/api/v1/positionbook "HTTP/1.1 200 OK"
2026-01-15 13:33:23,866 - __main__ - INFO - Goodbye!
2026-01-15 13:33:28,102 - core.engine - ERROR - Position sync error: 'api' object has no attribute 'positions'
Traceback (most recent call last):
  File "C:\Rahul\06_Nikku\Strategies\PureOptionsBot\core\engine.py", line 328, in position_sync_task
    # Check for new signal
            ^^^^^^^^^^^^^^^
  File "C:\Rahul\06_Nikku\Strategies\PureOptionsBot\core\engine.py", line 341, in _sync_positions
AttributeError: 'api' object has no attribute 'positions'
2026-01-15 13:33:31,271 - httpx - INFO - HTTP Request: POST http://127.0.0.1:5000/api/v1/positionbook "HTTP/1.1 200 OK"
