2026-02-09 11:56:25,566 - INFO - Configuration banner printed
2026-02-09 11:56:29,901 - INFO - OpenAlgo API client initialized (host: http://127.0.0.1:5000)
2026-02-09 11:56:32,803 - INFO - Trading Engine initialized
2026-02-09 11:56:32,806 - INFO - Trading Engine created successfully
2026-02-09 11:56:32,806 - INFO - Starting Trading Engine...
2026-02-09 11:56:37,921 - INFO - [TASK] Signal scanner started
2026-02-09 11:56:37,933 - INFO - [TASK] Risk monitor started
2026-02-09 11:56:37,933 - INFO - [TASK] Position sync started
2026-02-09 11:56:37,934 - INFO - [TASK] WebSocket monitor started
2026-02-09 11:56:37,934 - INFO - [TASK] Config monitor started
2026-02-09 11:56:37,934 - INFO - [TASK] Command monitor started (watching C:\Rahul\06_Nikku\Strategies\Bot-Only-Strike-Chart\commands\buy.yaml)
2026-02-09 12:10:06,554 - INFO - [SIGNAL] UTBot BUY detected on NIFTY10FEB2625800CE @ 112.80
2026-02-09 12:10:06,558 - INFO - [ENTRY] Placing BUY order for NIFTY10FEB2625800CE @ 112.80 Qty=65 Type=LIMIT
2026-02-09 12:10:12,804 - INFO - Adopting existing position: NIFTY10FEB2625800CE Qty=65
2026-02-09 12:10:12,821 - INFO - Calculated ATR for adopted position NIFTY10FEB2625800CE: 7.01
2026-02-09 12:10:16,780 - ERROR - Order placement failed: Smart Limit timed out (Strict Mode)
2026-02-09 12:13:41,983 - INFO - [EXIT] NIFTY10FEB2625800CE: TSL Hit: Price 110.60 <= TSL 111.60 (Stage: TRAILING, Cushions: 0/2)
2026-02-09 12:13:42,570 - INFO - Trade logged to Reporting\trades.csv
2026-02-09 12:13:42,570 - INFO - [COOLDOWN] Set 3m cooldown for NIFTY10FEB2625800CE (PnL: -208.00)
2026-02-09 12:13:42,571 - INFO - [TRADE CLOSED] NIFTY10FEB2625800CE: Entry=113.80, Exit=110.60, P&L=INR -208.00 (-2.81%), Reason=TSL Hit
2026-02-09 12:21:37,731 - INFO - Configuration reloaded successfully
2026-02-09 12:34:06,999 - INFO - [SIGNAL] UTBot BUY detected on NIFTY10FEB2625800PE @ 51.35
2026-02-09 12:34:07,005 - INFO - [ENTRY] Placing BUY order for NIFTY10FEB2625800PE @ 51.35 Qty=65 Type=LIMIT
2026-02-09 12:34:17,487 - INFO - Adopting existing position: NIFTY10FEB2625800PE Qty=65
2026-02-09 12:34:17,500 - INFO - Calculated ATR for adopted position NIFTY10FEB2625800PE: 3.45
2026-02-09 12:34:17,855 - ERROR - Order placement failed: Smart Limit timed out (Strict Mode)
2026-02-09 12:45:15,885 - INFO - [EXIT] NIFTY10FEB2625800PE: TSL Hit: Price 53.75 <= TSL 53.85 (Stage: G1, Cushions: 0/2)
2026-02-09 12:45:16,541 - INFO - Trade logged to Reporting\trades.csv
2026-02-09 12:45:16,541 - INFO - [TRADE CLOSED] NIFTY10FEB2625800PE: Entry=52.00, Exit=53.75, P&L=INR 113.75 (3.37%), Reason=TSL Hit
2026-02-09 13:00:23,014 - INFO - [SIGNAL] UTBot BUY detected on NIFTY10FEB2625800CE @ 96.45
2026-02-09 13:00:23,021 - INFO - [ENTRY] Placing BUY order for NIFTY10FEB2625800CE @ 96.45 Qty=65 Type=LIMIT
2026-02-09 13:00:32,533 - ERROR - Order placement failed: Smart Limit timed out (Strict Mode)
2026-02-09 13:00:32,742 - INFO - Adopting existing position: NIFTY10FEB2625800CE Qty=65
2026-02-09 13:00:32,748 - INFO - Calculated ATR for adopted position NIFTY10FEB2625800CE: 5.82
2026-02-09 13:03:12,534 - INFO - [EXIT] NIFTY10FEB2625800CE: TSL Hit: Price 99.55 <= TSL 100.06 (Stage: G1, Cushions: 0/2)
2026-02-09 13:03:13,458 - INFO - Trade logged to Reporting\trades.csv
2026-02-09 13:03:13,458 - INFO - [TRADE CLOSED] NIFTY10FEB2625800CE: Entry=96.65, Exit=99.55, P&L=INR 188.50 (3.00%), Reason=TSL Hit
2026-02-09 13:03:18,183 - INFO - [SIGNAL] UTBot BUY detected on NIFTY10FEB2625800CE @ 100.65
2026-02-09 13:03:18,193 - INFO - [ENTRY] Placing BUY order for NIFTY10FEB2625800CE @ 100.65 Qty=65 Type=LIMIT
2026-02-09 13:03:27,133 - INFO - Adopting existing position: NIFTY10FEB2625800CE Qty=65
2026-02-09 13:03:28,001 - INFO - Calculated ATR for adopted position NIFTY10FEB2625800CE: 6.16
2026-02-09 13:03:28,044 - ERROR - Order placement failed: Smart Limit timed out (Strict Mode)
2026-02-09 13:11:03,621 - INFO - [EXIT] NIFTY10FEB2625800CE: TSL Hit: Price 107.45 <= TSL 107.85 (Stage: G1, Cushions: 0/2)
2026-02-09 13:11:04,373 - INFO - Trade logged to Reporting\trades.csv
2026-02-09 13:11:04,373 - INFO - [TRADE CLOSED] NIFTY10FEB2625800CE: Entry=100.15, Exit=107.45, P&L=INR 474.50 (7.29%), Reason=TSL Hit
2026-02-09 13:30:55,893 - INFO - [SIGNAL] UTBot BUY detected on NIFTY10FEB2625800PE @ 49.45
2026-02-09 13:30:55,904 - INFO - [ENTRY] Placing BUY order for NIFTY10FEB2625800PE @ 49.45 Qty=65 Type=LIMIT
2026-02-09 13:31:03,628 - INFO - Adopting existing position: NIFTY10FEB2625800PE Qty=65
2026-02-09 13:31:03,635 - INFO - Calculated ATR for adopted position NIFTY10FEB2625800PE: 3.41
2026-02-09 13:31:05,089 - ERROR - Order placement failed: Smart Limit timed out (Strict Mode)
2026-02-09 13:32:34,094 - INFO - [EXIT] NIFTY10FEB2625800PE: TSL Hit: Price 51.25 <= TSL 51.25 (Stage: G1, Cushions: 0/2)
2026-02-09 13:32:34,570 - INFO - Trade logged to Reporting\trades.csv
2026-02-09 13:32:34,570 - INFO - [TRADE CLOSED] NIFTY10FEB2625800PE: Entry=49.40, Exit=51.25, P&L=INR 120.25 (3.74%), Reason=TSL Hit
2026-02-09 13:32:37,626 - INFO - [SIGNAL] UTBot BUY detected on NIFTY10FEB2625800PE @ 49.65
2026-02-09 13:32:37,635 - INFO - [ENTRY] Placing BUY order for NIFTY10FEB2625800PE @ 49.65 Qty=65 Type=LIMIT
2026-02-09 13:32:41,179 - INFO - Adopting existing position: NIFTY10FEB2625800PE Qty=65
2026-02-09 13:32:41,184 - INFO - Calculated ATR for adopted position NIFTY10FEB2625800PE: 3.44
2026-02-09 13:32:48,735 - ERROR - Order placement failed: Smart Limit timed out (Strict Mode)
2026-02-09 13:33:29,924 - INFO - [EXIT] NIFTY10FEB2625800PE: TSL Hit: Price 47.25 <= TSL 47.25 (Stage: TRAILING, Cushions: 0/2)
2026-02-09 13:33:30,754 - INFO - Trade logged to Reporting\trades.csv
2026-02-09 13:33:30,754 - INFO - [TRADE CLOSED] NIFTY10FEB2625800PE: Entry=51.25, Exit=47.25, P&L=INR -260.00 (-7.80%), Reason=TSL Hit
2026-02-09 13:33:31,201 - INFO - [SIGNAL] UTBot BUY detected on NIFTY10FEB2625800PE @ 49.20
2026-02-09 13:33:31,214 - INFO - [ENTRY] Placing BUY order for NIFTY10FEB2625800PE @ 49.20 Qty=65 Type=LIMIT
2026-02-09 13:33:35,184 - INFO - Adopting existing position: NIFTY10FEB2625800PE Qty=65
2026-02-09 13:33:35,201 - INFO - Calculated ATR for adopted position NIFTY10FEB2625800PE: 3.48
2026-02-09 13:33:41,220 - ERROR - Order placement failed: Smart Limit timed out (Strict Mode)
2026-02-09 13:36:32,384 - INFO - [SIGNAL] UTBot BUY detected on NIFTY10FEB2625800CE @ 105.35
2026-02-09 13:36:32,397 - INFO - [ENTRY] Placing BUY order for NIFTY10FEB2625800CE @ 105.35 Qty=65 Type=LIMIT
2026-02-09 13:36:41,393 - INFO - Adopting existing position: NIFTY10FEB2625800CE Qty=65
2026-02-09 13:36:41,403 - INFO - Calculated ATR for adopted position NIFTY10FEB2625800CE: 5.80
2026-02-09 13:36:42,023 - ERROR - Order placement failed: Smart Limit timed out (Strict Mode)
2026-02-09 13:42:32,481 - INFO - [EXIT] NIFTY10FEB2625800CE: TSL Hit: Price 103.70 <= TSL 104.00 (Stage: TRAILING, Cushions: 0/2)
2026-02-09 13:42:33,249 - INFO - Trade logged to Reporting\trades.csv
2026-02-09 13:42:33,249 - INFO - [TRADE CLOSED] NIFTY10FEB2625800CE: Entry=105.85, Exit=103.70, P&L=INR -139.75 (-2.03%), Reason=TSL Hit
2026-02-09 14:01:35,798 - INFO - [EXIT] NIFTY10FEB2625800PE: TSL Hit: Price 44.25 <= TSL 44.40 (Stage: TRAILING, Cushions: 0/2)
2026-02-09 14:01:37,295 - INFO - Trade logged to Reporting\trades.csv
2026-02-09 14:01:37,296 - INFO - [TRADE CLOSED] NIFTY10FEB2625800PE: Entry=47.05, Exit=44.25, P&L=INR -182.00 (-5.95%), Reason=TSL Hit
2026-02-09 14:01:42,146 - INFO - [SIGNAL] UTBot BUY detected on NIFTY10FEB2625800PE @ 45.20
2026-02-09 14:01:42,161 - INFO - [ENTRY] Placing BUY order for NIFTY10FEB2625800PE @ 45.20 Qty=65 Type=LIMIT
2026-02-09 14:01:52,692 - ERROR - Order placement failed: Smart Limit timed out (Strict Mode)
2026-02-09 14:01:52,895 - INFO - Adopting existing position: NIFTY10FEB2625800PE Qty=65
2026-02-09 14:01:52,907 - INFO - Calculated ATR for adopted position NIFTY10FEB2625800PE: 3.05
2026-02-09 14:04:40,104 - INFO - [EXIT] NIFTY10FEB2625800PE: TSL Hit: Price 48.00 <= TSL 48.41 (Stage: G1, Cushions: 0/2)
2026-02-09 14:04:41,846 - INFO - Trade logged to Reporting\trades.csv
2026-02-09 14:04:41,846 - INFO - [TRADE CLOSED] NIFTY10FEB2625800PE: Entry=45.20, Exit=48.00, P&L=INR 182.00 (6.19%), Reason=TSL Hit
2026-02-09 14:12:37,479 - INFO - [SIGNAL] UTBot BUY detected on NIFTY10FEB2625800CE @ 101.85
2026-02-09 14:12:37,493 - INFO - [ENTRY] Placing BUY order for NIFTY10FEB2625800CE @ 101.85 Qty=65 Type=LIMIT
2026-02-09 14:12:45,257 - INFO - Adopting existing position: NIFTY10FEB2625800CE Qty=65
2026-02-09 14:12:45,292 - INFO - Calculated ATR for adopted position NIFTY10FEB2625800CE: 6.30
2026-02-09 14:12:51,582 - ERROR - Order placement failed: Smart Limit timed out (Strict Mode)
2026-02-09 14:17:54,109 - INFO - [EXIT] NIFTY10FEB2625800CE: TSL Hit: Price 98.85 <= TSL 99.50 (Stage: TRAILING, Cushions: 0/2)
2026-02-09 14:17:59,307 - INFO - Trade logged to Reporting\trades.csv
2026-02-09 14:17:59,308 - INFO - [TRADE CLOSED] NIFTY10FEB2625800CE: Entry=101.30, Exit=98.85, P&L=INR -159.25 (-2.42%), Reason=TSL Hit
2026-02-09 14:33:29,343 - INFO - [SIGNAL] UTBot BUY detected on NIFTY10FEB2625800PE @ 44.60
2026-02-09 14:33:29,349 - INFO - [ENTRY] Placing BUY order for NIFTY10FEB2625800PE @ 44.60 Qty=65 Type=LIMIT
2026-02-09 14:33:30,790 - INFO - Adopting existing position: NIFTY10FEB2625800PE Qty=65
2026-02-09 14:33:30,805 - INFO - Calculated ATR for adopted position NIFTY10FEB2625800PE: 3.19
2026-02-09 14:33:40,549 - ERROR - Order placement failed: Smart Limit timed out (Strict Mode)
2026-02-09 14:42:11,735 - INFO - [EXIT] NIFTY10FEB2625800PE: TSL Hit: Price 47.85 <= TSL 48.12 (Stage: G1, Cushions: 0/2)
2026-02-09 14:42:12,878 - INFO - Trade logged to Reporting\trades.csv
2026-02-09 14:42:12,879 - INFO - [TRADE CLOSED] NIFTY10FEB2625800PE: Entry=44.45, Exit=47.85, P&L=INR 221.00 (7.65%), Reason=TSL Hit
2026-02-09 14:49:08,396 - INFO - [SIGNAL] UTBot BUY detected on NIFTY10FEB2625800CE @ 105.70
2026-02-09 14:49:08,412 - INFO - [ENTRY] Placing BUY order for NIFTY10FEB2625800CE @ 105.70 Qty=65 Type=LIMIT
2026-02-09 14:49:13,470 - INFO - Adopting existing position: NIFTY10FEB2625800CE Qty=65
2026-02-09 14:49:13,499 - INFO - Calculated ATR for adopted position NIFTY10FEB2625800CE: 6.12
2026-02-09 14:49:18,810 - ERROR - Order placement failed: Smart Limit timed out (Strict Mode)
2026-02-09 14:53:05,600 - INFO - [EXIT] NIFTY10FEB2625800CE: TSL Hit: Price 99.10 <= TSL 100.95 (Stage: TRAILING, Cushions: 0/2)
2026-02-09 14:53:07,136 - INFO - Trade logged to Reporting\trades.csv
2026-02-09 14:53:07,137 - INFO - [TRADE CLOSED] NIFTY10FEB2625800CE: Entry=104.95, Exit=99.10, P&L=INR -380.25 (-5.57%), Reason=TSL Hit
2026-02-09 14:54:24,544 - INFO - [SIGNAL] UTBot BUY detected on NIFTY10FEB2625800PE @ 47.80
2026-02-09 14:54:24,560 - INFO - [ENTRY] Placing BUY order for NIFTY10FEB2625800PE @ 47.80 Qty=65 Type=LIMIT
2026-02-09 14:54:26,205 - INFO - Adopting existing position: NIFTY10FEB2625800PE Qty=65
2026-02-09 14:54:26,222 - INFO - Calculated ATR for adopted position NIFTY10FEB2625800PE: 3.41
2026-02-09 14:54:35,579 - ERROR - Order placement failed: Smart Limit timed out (Strict Mode)
2026-02-09 15:00:10,596 - INFO - [EXIT] NIFTY10FEB2625800PE: TSL Hit: Price 42.35 <= TSL 43.10 (Stage: TRAILING, Cushions: 0/2)
2026-02-09 15:00:12,236 - INFO - Trade logged to Reporting\trades.csv
2026-02-09 15:00:12,237 - INFO - [TRADE CLOSED] NIFTY10FEB2625800PE: Entry=47.10, Exit=42.35, P&L=INR -308.75 (-10.08%), Reason=TSL Hit
2026-02-09 15:00:41,724 - INFO - [SIGNAL] UTBot BUY detected on NIFTY10FEB2625800CE @ 107.05
2026-02-09 15:00:41,739 - INFO - [ENTRY] Placing BUY order for NIFTY10FEB2625800CE @ 107.05 Qty=65 Type=LIMIT
2026-02-09 15:00:52,090 - INFO - Adopting existing position: NIFTY10FEB2625800CE Qty=65
2026-02-09 15:00:52,110 - INFO - Calculated ATR for adopted position NIFTY10FEB2625800CE: 6.08
2026-02-09 15:00:54,203 - ERROR - Order placement failed: Smart Limit timed out (Strict Mode)
2026-02-09 15:03:05,447 - INFO - [EXIT] NIFTY10FEB2625800CE: TSL Hit: Price 104.85 <= TSL 105.35 (Stage: TRAILING, Cushions: 0/2)
2026-02-09 15:03:06,715 - INFO - Trade logged to Reporting\trades.csv
2026-02-09 15:03:06,715 - INFO - [TRADE CLOSED] NIFTY10FEB2625800CE: Entry=107.15, Exit=104.85, P&L=INR -149.50 (-2.15%), Reason=TSL Hit
2026-02-09 15:03:08,802 - INFO - [SIGNAL] UTBot BUY detected on NIFTY10FEB2625800CE @ 105.50
2026-02-09 15:03:08,831 - INFO - [ENTRY] Placing BUY order for NIFTY10FEB2625800CE @ 105.50 Qty=65 Type=LIMIT
2026-02-09 15:03:21,531 - INFO - Adopting existing position: NIFTY10FEB2625800CE Qty=65
2026-02-09 15:03:21,549 - INFO - Calculated ATR for adopted position NIFTY10FEB2625800CE: 6.16
2026-02-09 15:03:25,168 - ERROR - Order placement failed: Smart Limit timed out (Strict Mode)
2026-02-09 15:05:43,641 - INFO - [EXIT] NIFTY10FEB2625800CE: TSL Hit: Price 110.45 <= TSL 110.54 (Stage: G1, Cushions: 0/2)
2026-02-09 15:05:45,091 - INFO - Trade logged to Reporting\trades.csv
2026-02-09 15:05:45,092 - INFO - [TRADE CLOSED] NIFTY10FEB2625800CE: Entry=105.05, Exit=110.45, P&L=INR 351.00 (5.14%), Reason=TSL Hit
2026-02-09 15:13:14,666 - INFO - [SIGNAL] UTBot BUY detected on NIFTY10FEB2625800PE @ 46.30
2026-02-09 15:13:14,685 - INFO - [ENTRY] Placing BUY order for NIFTY10FEB2625800PE @ 46.30 Qty=65 Type=LIMIT
2026-02-09 15:13:21,222 - INFO - Adopting existing position: NIFTY10FEB2625800PE Qty=65
2026-02-09 15:13:21,237 - INFO - Calculated ATR for adopted position NIFTY10FEB2625800PE: 3.23
2026-02-09 15:13:28,359 - ERROR - Order placement failed: Smart Limit timed out (Strict Mode)
2026-02-09 15:15:05,709 - WARNING - [SYNC] External closure detected: NIFTY10FEB2625800PE
2026-02-09 15:15:05,892 - INFO - [SIGNAL] UTBot BUY detected on NIFTY10FEB2625800PE @ 45.15
2026-02-09 15:15:05,903 - INFO - [ENTRY] Placing BUY order for NIFTY10FEB2625800PE @ 45.15 Qty=65 Type=LIMIT
2026-02-09 15:15:06,861 - ERROR - Order placement failed: Smart Limit placement failed: {'status': 'error', 'message': 'HTTP 400: {"message":"MIS orders cannot be placed after square-off time (15:15 IST). Trading resumes at 09:00 AM IST.","mode":"analyze","status":"error"}\n', 'code': 400, 'error_type': 'http_error'}
2026-02-09 15:15:11,925 - INFO - [SIGNAL] UTBot BUY detected on NIFTY10FEB2625800PE @ 45.15
2026-02-09 15:15:11,949 - INFO - [ENTRY] Placing BUY order for NIFTY10FEB2625800PE @ 45.15 Qty=65 Type=LIMIT
2026-02-09 15:15:12,967 - ERROR - Order placement failed: Smart Limit placement failed: {'status': 'error', 'message': 'HTTP 400: {"message":"MIS orders cannot be placed after square-off time (15:15 IST). Trading resumes at 09:00 AM IST.","mode":"analyze","status":"error"}\n', 'code': 400, 'error_type': 'http_error'}
2026-02-09 15:15:18,012 - INFO - [SIGNAL] UTBot BUY detected on NIFTY10FEB2625800PE @ 45.15
2026-02-09 15:15:18,030 - INFO - [ENTRY] Placing BUY order for NIFTY10FEB2625800PE @ 45.15 Qty=65 Type=LIMIT
2026-02-09 15:15:21,031 - ERROR - Order placement failed: Smart Limit placement failed: {'status': 'error', 'message': 'HTTP 400: {"message":"MIS orders cannot be placed after square-off time (15:15 IST). Trading resumes at 09:00 AM IST.","mode":"analyze","status":"error"}\n', 'code': 400, 'error_type': 'http_error'}
2026-02-09 17:22:20,108 - ERROR - [WinError 10054] An existing connection was forcibly closed by the remote host - goodbye
2026-02-09 17:22:20,467 - WARNING - WebSocket disconnection detected!
2026-02-11 10:20:12,558 - INFO - Configuration banner printed
2026-02-11 10:20:14,354 - INFO - OpenAlgo API client initialized (host: http://127.0.0.1:5000)
2026-02-11 10:20:14,855 - INFO - Trading Engine initialized
2026-02-11 10:20:14,855 - INFO - Trading Engine created successfully
2026-02-11 10:20:14,856 - INFO - Starting Trading Engine...
2026-02-11 10:20:18,238 - INFO - [TASK] Signal scanner started
2026-02-11 10:20:18,241 - INFO - [TASK] Risk monitor started
2026-02-11 10:20:18,241 - INFO - [TASK] Position sync started
2026-02-11 10:20:18,241 - INFO - [TASK] WebSocket monitor started
2026-02-11 10:20:18,241 - INFO - [TASK] Config monitor started
2026-02-11 10:20:18,248 - INFO - [TASK] Command monitor started (watching C:\Rahul\06_Nikku\Strategies\Bot-StrikeChart-Halftrend\commands\buy.yaml)
2026-02-11 10:22:02,615 - INFO - Configuration reloaded successfully
2026-02-11 10:22:06,546 - INFO - WebSocket resubscribed to updated symbols
2026-02-11 10:22:08,854 - INFO - WebSocket successfully reconnected
2026-02-11 10:22:25,129 - ERROR - Error processing NIFTY17FEB2625900CE: Insufficient data: 49 bars, need 107
Traceback (most recent call last):
  File "C:\Rahul\06_Nikku\Strategies\Bot-StrikeChart-Halftrend\core\engine.py", line 843, in _process_strike_data
    utbot_result = self.indicators["option_utbot"].calculate(df_opt.iloc[:-1], use_ha=use_ha)
                   ^^^^^^^^^^^^^^^^^^^^^^^^^^^^^^^^^^^^^^^^^^^^^^^^^^^^^^^^^^^^^^^^^^^^^^^^^^
  File "C:\Rahul\06_Nikku\Strategies\Bot-StrikeChart-Halftrend\indicators\halftrend.py", line 78, in calculate
    raise ValueError(
ValueError: Insufficient data: 49 bars, need 107
2026-02-11 10:22:25,201 - ERROR - Error processing NIFTY17FEB2625900PE: Insufficient data: 49 bars, need 107
Traceback (most recent call last):
  File "C:\Rahul\06_Nikku\Strategies\Bot-StrikeChart-Halftrend\core\engine.py", line 843, in _process_strike_data
    utbot_result = self.indicators["option_utbot"].calculate(df_opt.iloc[:-1], use_ha=use_ha)
                   ^^^^^^^^^^^^^^^^^^^^^^^^^^^^^^^^^^^^^^^^^^^^^^^^^^^^^^^^^^^^^^^^^^^^^^^^^^
  File "C:\Rahul\06_Nikku\Strategies\Bot-StrikeChart-Halftrend\indicators\halftrend.py", line 78, in calculate
    raise ValueError(
ValueError: Insufficient data: 49 bars, need 107
2026-02-11 10:22:30,236 - ERROR - Error processing NIFTY17FEB2625900CE: Insufficient data: 49 bars, need 107
Traceback (most recent call last):
  File "C:\Rahul\06_Nikku\Strategies\Bot-StrikeChart-Halftrend\core\engine.py", line 843, in _process_strike_data
    utbot_result = self.indicators["option_utbot"].calculate(df_opt.iloc[:-1], use_ha=use_ha)
                   ^^^^^^^^^^^^^^^^^^^^^^^^^^^^^^^^^^^^^^^^^^^^^^^^^^^^^^^^^^^^^^^^^^^^^^^^^^
  File "C:\Rahul\06_Nikku\Strategies\Bot-StrikeChart-Halftrend\indicators\halftrend.py", line 78, in calculate
    raise ValueError(
ValueError: Insufficient data: 49 bars, need 107
2026-02-11 10:22:30,239 - ERROR - Error processing NIFTY17FEB2625900PE: Insufficient data: 49 bars, need 107
Traceback (most recent call last):
  File "C:\Rahul\06_Nikku\Strategies\Bot-StrikeChart-Halftrend\core\engine.py", line 843, in _process_strike_data
    utbot_result = self.indicators["option_utbot"].calculate(df_opt.iloc[:-1], use_ha=use_ha)
                   ^^^^^^^^^^^^^^^^^^^^^^^^^^^^^^^^^^^^^^^^^^^^^^^^^^^^^^^^^^^^^^^^^^^^^^^^^^
  File "C:\Rahul\06_Nikku\Strategies\Bot-StrikeChart-Halftrend\indicators\halftrend.py", line 78, in calculate
    raise ValueError(
ValueError: Insufficient data: 49 bars, need 107
2026-02-11 10:22:35,251 - ERROR - Error processing NIFTY17FEB2625900CE: Insufficient data: 49 bars, need 107
Traceback (most recent call last):
  File "C:\Rahul\06_Nikku\Strategies\Bot-StrikeChart-Halftrend\core\engine.py", line 843, in _process_strike_data
    utbot_result = self.indicators["option_utbot"].calculate(df_opt.iloc[:-1], use_ha=use_ha)
                   ^^^^^^^^^^^^^^^^^^^^^^^^^^^^^^^^^^^^^^^^^^^^^^^^^^^^^^^^^^^^^^^^^^^^^^^^^^
  File "C:\Rahul\06_Nikku\Strategies\Bot-StrikeChart-Halftrend\indicators\halftrend.py", line 78, in calculate
    raise ValueError(
ValueError: Insufficient data: 49 bars, need 107
2026-02-11 10:22:35,254 - ERROR - Error processing NIFTY17FEB2625900PE: Insufficient data: 49 bars, need 107
Traceback (most recent call last):
  File "C:\Rahul\06_Nikku\Strategies\Bot-StrikeChart-Halftrend\core\engine.py", line 843, in _process_strike_data
    utbot_result = self.indicators["option_utbot"].calculate(df_opt.iloc[:-1], use_ha=use_ha)
                   ^^^^^^^^^^^^^^^^^^^^^^^^^^^^^^^^^^^^^^^^^^^^^^^^^^^^^^^^^^^^^^^^^^^^^^^^^^
  File "C:\Rahul\06_Nikku\Strategies\Bot-StrikeChart-Halftrend\indicators\halftrend.py", line 78, in calculate
    raise ValueError(
ValueError: Insufficient data: 49 bars, need 107
2026-02-11 10:22:40,287 - ERROR - Error processing NIFTY17FEB2625900CE: Insufficient data: 49 bars, need 107
Traceback (most recent call last):
  File "C:\Rahul\06_Nikku\Strategies\Bot-StrikeChart-Halftrend\core\engine.py", line 843, in _process_strike_data
    utbot_result = self.indicators["option_utbot"].calculate(df_opt.iloc[:-1], use_ha=use_ha)
                   ^^^^^^^^^^^^^^^^^^^^^^^^^^^^^^^^^^^^^^^^^^^^^^^^^^^^^^^^^^^^^^^^^^^^^^^^^^
  File "C:\Rahul\06_Nikku\Strategies\Bot-StrikeChart-Halftrend\indicators\halftrend.py", line 78, in calculate
    raise ValueError(
ValueError: Insufficient data: 49 bars, need 107
2026-02-11 10:22:40,293 - ERROR - Error processing NIFTY17FEB2625900PE: Insufficient data: 49 bars, need 107
Traceback (most recent call last):
  File "C:\Rahul\06_Nikku\Strategies\Bot-StrikeChart-Halftrend\core\engine.py", line 843, in _process_strike_data
    utbot_result = self.indicators["option_utbot"].calculate(df_opt.iloc[:-1], use_ha=use_ha)
                   ^^^^^^^^^^^^^^^^^^^^^^^^^^^^^^^^^^^^^^^^^^^^^^^^^^^^^^^^^^^^^^^^^^^^^^^^^^
  File "C:\Rahul\06_Nikku\Strategies\Bot-StrikeChart-Halftrend\indicators\halftrend.py", line 78, in calculate
    raise ValueError(
ValueError: Insufficient data: 49 bars, need 107
2026-02-11 10:22:45,306 - ERROR - Error processing NIFTY17FEB2625900CE: Insufficient data: 49 bars, need 107
Traceback (most recent call last):
  File "C:\Rahul\06_Nikku\Strategies\Bot-StrikeChart-Halftrend\core\engine.py", line 843, in _process_strike_data
    utbot_result = self.indicators["option_utbot"].calculate(df_opt.iloc[:-1], use_ha=use_ha)
                   ^^^^^^^^^^^^^^^^^^^^^^^^^^^^^^^^^^^^^^^^^^^^^^^^^^^^^^^^^^^^^^^^^^^^^^^^^^
  File "C:\Rahul\06_Nikku\Strategies\Bot-StrikeChart-Halftrend\indicators\halftrend.py", line 78, in calculate
    raise ValueError(
ValueError: Insufficient data: 49 bars, need 107
2026-02-11 10:22:45,310 - ERROR - Error processing NIFTY17FEB2625900PE: Insufficient data: 49 bars, need 107
Traceback (most recent call last):
  File "C:\Rahul\06_Nikku\Strategies\Bot-StrikeChart-Halftrend\core\engine.py", line 843, in _process_strike_data
    utbot_result = self.indicators["option_utbot"].calculate(df_opt.iloc[:-1], use_ha=use_ha)
                   ^^^^^^^^^^^^^^^^^^^^^^^^^^^^^^^^^^^^^^^^^^^^^^^^^^^^^^^^^^^^^^^^^^^^^^^^^^
  File "C:\Rahul\06_Nikku\Strategies\Bot-StrikeChart-Halftrend\indicators\halftrend.py", line 78, in calculate
    raise ValueError(
ValueError: Insufficient data: 49 bars, need 107
2026-02-11 10:22:50,331 - ERROR - Error processing NIFTY17FEB2625900CE: Insufficient data: 49 bars, need 107
Traceback (most recent call last):
  File "C:\Rahul\06_Nikku\Strategies\Bot-StrikeChart-Halftrend\core\engine.py", line 843, in _process_strike_data
    utbot_result = self.indicators["option_utbot"].calculate(df_opt.iloc[:-1], use_ha=use_ha)
                   ^^^^^^^^^^^^^^^^^^^^^^^^^^^^^^^^^^^^^^^^^^^^^^^^^^^^^^^^^^^^^^^^^^^^^^^^^^
  File "C:\Rahul\06_Nikku\Strategies\Bot-StrikeChart-Halftrend\indicators\halftrend.py", line 78, in calculate
    raise ValueError(
ValueError: Insufficient data: 49 bars, need 107
2026-02-11 10:22:50,331 - ERROR - Error processing NIFTY17FEB2625900PE: Insufficient data: 49 bars, need 107
Traceback (most recent call last):
  File "C:\Rahul\06_Nikku\Strategies\Bot-StrikeChart-Halftrend\core\engine.py", line 843, in _process_strike_data
    utbot_result = self.indicators["option_utbot"].calculate(df_opt.iloc[:-1], use_ha=use_ha)
                   ^^^^^^^^^^^^^^^^^^^^^^^^^^^^^^^^^^^^^^^^^^^^^^^^^^^^^^^^^^^^^^^^^^^^^^^^^^
  File "C:\Rahul\06_Nikku\Strategies\Bot-StrikeChart-Halftrend\indicators\halftrend.py", line 78, in calculate
    raise ValueError(
ValueError: Insufficient data: 49 bars, need 107
2026-02-11 10:22:55,351 - ERROR - Error processing NIFTY17FEB2625900CE: Insufficient data: 49 bars, need 107
Traceback (most recent call last):
  File "C:\Rahul\06_Nikku\Strategies\Bot-StrikeChart-Halftrend\core\engine.py", line 843, in _process_strike_data
    utbot_result = self.indicators["option_utbot"].calculate(df_opt.iloc[:-1], use_ha=use_ha)
                   ^^^^^^^^^^^^^^^^^^^^^^^^^^^^^^^^^^^^^^^^^^^^^^^^^^^^^^^^^^^^^^^^^^^^^^^^^^
  File "C:\Rahul\06_Nikku\Strategies\Bot-StrikeChart-Halftrend\indicators\halftrend.py", line 78, in calculate
    raise ValueError(
ValueError: Insufficient data: 49 bars, need 107
2026-02-11 10:22:55,351 - ERROR - Error processing NIFTY17FEB2625900PE: Insufficient data: 49 bars, need 107
Traceback (most recent call last):
  File "C:\Rahul\06_Nikku\Strategies\Bot-StrikeChart-Halftrend\core\engine.py", line 843, in _process_strike_data
    utbot_result = self.indicators["option_utbot"].calculate(df_opt.iloc[:-1], use_ha=use_ha)
                   ^^^^^^^^^^^^^^^^^^^^^^^^^^^^^^^^^^^^^^^^^^^^^^^^^^^^^^^^^^^^^^^^^^^^^^^^^^
  File "C:\Rahul\06_Nikku\Strategies\Bot-StrikeChart-Halftrend\indicators\halftrend.py", line 78, in calculate
    raise ValueError(
ValueError: Insufficient data: 49 bars, need 107
2026-02-11 10:23:00,389 - ERROR - Error processing NIFTY17FEB2625900CE: Insufficient data: 49 bars, need 107
Traceback (most recent call last):
  File "C:\Rahul\06_Nikku\Strategies\Bot-StrikeChart-Halftrend\core\engine.py", line 843, in _process_strike_data
    utbot_result = self.indicators["option_utbot"].calculate(df_opt.iloc[:-1], use_ha=use_ha)
                   ^^^^^^^^^^^^^^^^^^^^^^^^^^^^^^^^^^^^^^^^^^^^^^^^^^^^^^^^^^^^^^^^^^^^^^^^^^
  File "C:\Rahul\06_Nikku\Strategies\Bot-StrikeChart-Halftrend\indicators\halftrend.py", line 78, in calculate
    raise ValueError(
ValueError: Insufficient data: 49 bars, need 107
2026-02-11 10:23:00,391 - ERROR - Error processing NIFTY17FEB2625900PE: Insufficient data: 49 bars, need 107
Traceback (most recent call last):
  File "C:\Rahul\06_Nikku\Strategies\Bot-StrikeChart-Halftrend\core\engine.py", line 843, in _process_strike_data
    utbot_result = self.indicators["option_utbot"].calculate(df_opt.iloc[:-1], use_ha=use_ha)
                   ^^^^^^^^^^^^^^^^^^^^^^^^^^^^^^^^^^^^^^^^^^^^^^^^^^^^^^^^^^^^^^^^^^^^^^^^^^
  File "C:\Rahul\06_Nikku\Strategies\Bot-StrikeChart-Halftrend\indicators\halftrend.py", line 78, in calculate
    raise ValueError(
ValueError: Insufficient data: 49 bars, need 107
2026-02-11 10:23:05,383 - ERROR - Error processing NIFTY17FEB2625900CE: Insufficient data: 49 bars, need 107
Traceback (most recent call last):
  File "C:\Rahul\06_Nikku\Strategies\Bot-StrikeChart-Halftrend\core\engine.py", line 843, in _process_strike_data
    utbot_result = self.indicators["option_utbot"].calculate(df_opt.iloc[:-1], use_ha=use_ha)
                   ^^^^^^^^^^^^^^^^^^^^^^^^^^^^^^^^^^^^^^^^^^^^^^^^^^^^^^^^^^^^^^^^^^^^^^^^^^
  File "C:\Rahul\06_Nikku\Strategies\Bot-StrikeChart-Halftrend\indicators\halftrend.py", line 78, in calculate
    raise ValueError(
ValueError: Insufficient data: 49 bars, need 107
2026-02-11 10:23:05,385 - ERROR - Error processing NIFTY17FEB2625900PE: Insufficient data: 49 bars, need 107
Traceback (most recent call last):
  File "C:\Rahul\06_Nikku\Strategies\Bot-StrikeChart-Halftrend\core\engine.py", line 843, in _process_strike_data
    utbot_result = self.indicators["option_utbot"].calculate(df_opt.iloc[:-1], use_ha=use_ha)
                   ^^^^^^^^^^^^^^^^^^^^^^^^^^^^^^^^^^^^^^^^^^^^^^^^^^^^^^^^^^^^^^^^^^^^^^^^^^
  File "C:\Rahul\06_Nikku\Strategies\Bot-StrikeChart-Halftrend\indicators\halftrend.py", line 78, in calculate
    raise ValueError(
ValueError: Insufficient data: 49 bars, need 107
2026-02-11 10:23:10,403 - ERROR - Error processing NIFTY17FEB2625900CE: Insufficient data: 49 bars, need 107
Traceback (most recent call last):
  File "C:\Rahul\06_Nikku\Strategies\Bot-StrikeChart-Halftrend\core\engine.py", line 843, in _process_strike_data
    utbot_result = self.indicators["option_utbot"].calculate(df_opt.iloc[:-1], use_ha=use_ha)
                   ^^^^^^^^^^^^^^^^^^^^^^^^^^^^^^^^^^^^^^^^^^^^^^^^^^^^^^^^^^^^^^^^^^^^^^^^^^
  File "C:\Rahul\06_Nikku\Strategies\Bot-StrikeChart-Halftrend\indicators\halftrend.py", line 78, in calculate
    raise ValueError(
ValueError: Insufficient data: 49 bars, need 107
2026-02-11 10:23:10,403 - ERROR - Error processing NIFTY17FEB2625900PE: Insufficient data: 49 bars, need 107
Traceback (most recent call last):
  File "C:\Rahul\06_Nikku\Strategies\Bot-StrikeChart-Halftrend\core\engine.py", line 843, in _process_strike_data
    utbot_result = self.indicators["option_utbot"].calculate(df_opt.iloc[:-1], use_ha=use_ha)
                   ^^^^^^^^^^^^^^^^^^^^^^^^^^^^^^^^^^^^^^^^^^^^^^^^^^^^^^^^^^^^^^^^^^^^^^^^^^
  File "C:\Rahul\06_Nikku\Strategies\Bot-StrikeChart-Halftrend\indicators\halftrend.py", line 78, in calculate
    raise ValueError(
ValueError: Insufficient data: 49 bars, need 107
2026-02-11 10:23:15,421 - ERROR - Error processing NIFTY17FEB2625900CE: Insufficient data: 49 bars, need 107
Traceback (most recent call last):
  File "C:\Rahul\06_Nikku\Strategies\Bot-StrikeChart-Halftrend\core\engine.py", line 843, in _process_strike_data
    utbot_result = self.indicators["option_utbot"].calculate(df_opt.iloc[:-1], use_ha=use_ha)
                   ^^^^^^^^^^^^^^^^^^^^^^^^^^^^^^^^^^^^^^^^^^^^^^^^^^^^^^^^^^^^^^^^^^^^^^^^^^
  File "C:\Rahul\06_Nikku\Strategies\Bot-StrikeChart-Halftrend\indicators\halftrend.py", line 78, in calculate
    raise ValueError(
ValueError: Insufficient data: 49 bars, need 107
2026-02-11 10:23:15,426 - ERROR - Error processing NIFTY17FEB2625900PE: Insufficient data: 49 bars, need 107
Traceback (most recent call last):
  File "C:\Rahul\06_Nikku\Strategies\Bot-StrikeChart-Halftrend\core\engine.py", line 843, in _process_strike_data
    utbot_result = self.indicators["option_utbot"].calculate(df_opt.iloc[:-1], use_ha=use_ha)
                   ^^^^^^^^^^^^^^^^^^^^^^^^^^^^^^^^^^^^^^^^^^^^^^^^^^^^^^^^^^^^^^^^^^^^^^^^^^
  File "C:\Rahul\06_Nikku\Strategies\Bot-StrikeChart-Halftrend\indicators\halftrend.py", line 78, in calculate
    raise ValueError(
ValueError: Insufficient data: 49 bars, need 107
2026-02-11 10:23:20,462 - ERROR - Error processing NIFTY17FEB2625900CE: Insufficient data: 49 bars, need 107
Traceback (most recent call last):
  File "C:\Rahul\06_Nikku\Strategies\Bot-StrikeChart-Halftrend\core\engine.py", line 843, in _process_strike_data
    utbot_result = self.indicators["option_utbot"].calculate(df_opt.iloc[:-1], use_ha=use_ha)
                   ^^^^^^^^^^^^^^^^^^^^^^^^^^^^^^^^^^^^^^^^^^^^^^^^^^^^^^^^^^^^^^^^^^^^^^^^^^
  File "C:\Rahul\06_Nikku\Strategies\Bot-StrikeChart-Halftrend\indicators\halftrend.py", line 78, in calculate
    raise ValueError(
ValueError: Insufficient data: 49 bars, need 107
2026-02-11 10:23:20,462 - ERROR - Error processing NIFTY17FEB2625900PE: Insufficient data: 49 bars, need 107
Traceback (most recent call last):
  File "C:\Rahul\06_Nikku\Strategies\Bot-StrikeChart-Halftrend\core\engine.py", line 843, in _process_strike_data
    utbot_result = self.indicators["option_utbot"].calculate(df_opt.iloc[:-1], use_ha=use_ha)
                   ^^^^^^^^^^^^^^^^^^^^^^^^^^^^^^^^^^^^^^^^^^^^^^^^^^^^^^^^^^^^^^^^^^^^^^^^^^
  File "C:\Rahul\06_Nikku\Strategies\Bot-StrikeChart-Halftrend\indicators\halftrend.py", line 78, in calculate
    raise ValueError(
ValueError: Insufficient data: 49 bars, need 107
2026-02-11 10:23:26,596 - ERROR - Error processing NIFTY17FEB2625900CE: Insufficient data: 49 bars, need 107
Traceback (most recent call last):
  File "C:\Rahul\06_Nikku\Strategies\Bot-StrikeChart-Halftrend\core\engine.py", line 843, in _process_strike_data
    utbot_result = self.indicators["option_utbot"].calculate(df_opt.iloc[:-1], use_ha=use_ha)
                   ^^^^^^^^^^^^^^^^^^^^^^^^^^^^^^^^^^^^^^^^^^^^^^^^^^^^^^^^^^^^^^^^^^^^^^^^^^
  File "C:\Rahul\06_Nikku\Strategies\Bot-StrikeChart-Halftrend\indicators\halftrend.py", line 78, in calculate
    raise ValueError(
ValueError: Insufficient data: 49 bars, need 107
2026-02-11 10:23:26,597 - ERROR - Error processing NIFTY17FEB2625900PE: Insufficient data: 49 bars, need 107
Traceback (most recent call last):
  File "C:\Rahul\06_Nikku\Strategies\Bot-StrikeChart-Halftrend\core\engine.py", line 843, in _process_strike_data
    utbot_result = self.indicators["option_utbot"].calculate(df_opt.iloc[:-1], use_ha=use_ha)
                   ^^^^^^^^^^^^^^^^^^^^^^^^^^^^^^^^^^^^^^^^^^^^^^^^^^^^^^^^^^^^^^^^^^^^^^^^^^
  File "C:\Rahul\06_Nikku\Strategies\Bot-StrikeChart-Halftrend\indicators\halftrend.py", line 78, in calculate
    raise ValueError(
ValueError: Insufficient data: 49 bars, need 107
2026-02-11 10:23:31,627 - ERROR - Error processing NIFTY17FEB2625900CE: Insufficient data: 49 bars, need 107
Traceback (most recent call last):
  File "C:\Rahul\06_Nikku\Strategies\Bot-StrikeChart-Halftrend\core\engine.py", line 843, in _process_strike_data
    utbot_result = self.indicators["option_utbot"].calculate(df_opt.iloc[:-1], use_ha=use_ha)
                   ^^^^^^^^^^^^^^^^^^^^^^^^^^^^^^^^^^^^^^^^^^^^^^^^^^^^^^^^^^^^^^^^^^^^^^^^^^
  File "C:\Rahul\06_Nikku\Strategies\Bot-StrikeChart-Halftrend\indicators\halftrend.py", line 78, in calculate
    raise ValueError(
ValueError: Insufficient data: 49 bars, need 107
2026-02-11 10:23:31,627 - ERROR - Error processing NIFTY17FEB2625900PE: Insufficient data: 49 bars, need 107
Traceback (most recent call last):
  File "C:\Rahul\06_Nikku\Strategies\Bot-StrikeChart-Halftrend\core\engine.py", line 843, in _process_strike_data
    utbot_result = self.indicators["option_utbot"].calculate(df_opt.iloc[:-1], use_ha=use_ha)
                   ^^^^^^^^^^^^^^^^^^^^^^^^^^^^^^^^^^^^^^^^^^^^^^^^^^^^^^^^^^^^^^^^^^^^^^^^^^
  File "C:\Rahul\06_Nikku\Strategies\Bot-StrikeChart-Halftrend\indicators\halftrend.py", line 78, in calculate
    raise ValueError(
ValueError: Insufficient data: 49 bars, need 107
2026-02-11 10:23:36,634 - ERROR - Error processing NIFTY17FEB2625900CE: Insufficient data: 49 bars, need 107
Traceback (most recent call last):
  File "C:\Rahul\06_Nikku\Strategies\Bot-StrikeChart-Halftrend\core\engine.py", line 843, in _process_strike_data
    utbot_result = self.indicators["option_utbot"].calculate(df_opt.iloc[:-1], use_ha=use_ha)
                   ^^^^^^^^^^^^^^^^^^^^^^^^^^^^^^^^^^^^^^^^^^^^^^^^^^^^^^^^^^^^^^^^^^^^^^^^^^
  File "C:\Rahul\06_Nikku\Strategies\Bot-StrikeChart-Halftrend\indicators\halftrend.py", line 78, in calculate
    raise ValueError(
ValueError: Insufficient data: 49 bars, need 107
2026-02-11 10:23:36,634 - ERROR - Error processing NIFTY17FEB2625900PE: Insufficient data: 49 bars, need 107
Traceback (most recent call last):
  File "C:\Rahul\06_Nikku\Strategies\Bot-StrikeChart-Halftrend\core\engine.py", line 843, in _process_strike_data
    utbot_result = self.indicators["option_utbot"].calculate(df_opt.iloc[:-1], use_ha=use_ha)
                   ^^^^^^^^^^^^^^^^^^^^^^^^^^^^^^^^^^^^^^^^^^^^^^^^^^^^^^^^^^^^^^^^^^^^^^^^^^
  File "C:\Rahul\06_Nikku\Strategies\Bot-StrikeChart-Halftrend\indicators\halftrend.py", line 78, in calculate
    raise ValueError(
ValueError: Insufficient data: 49 bars, need 107
2026-02-11 10:23:41,651 - ERROR - Error processing NIFTY17FEB2625900CE: Insufficient data: 49 bars, need 107
Traceback (most recent call last):
  File "C:\Rahul\06_Nikku\Strategies\Bot-StrikeChart-Halftrend\core\engine.py", line 843, in _process_strike_data
    utbot_result = self.indicators["option_utbot"].calculate(df_opt.iloc[:-1], use_ha=use_ha)
                   ^^^^^^^^^^^^^^^^^^^^^^^^^^^^^^^^^^^^^^^^^^^^^^^^^^^^^^^^^^^^^^^^^^^^^^^^^^
  File "C:\Rahul\06_Nikku\Strategies\Bot-StrikeChart-Halftrend\indicators\halftrend.py", line 78, in calculate
    raise ValueError(
ValueError: Insufficient data: 49 bars, need 107
2026-02-11 10:23:41,652 - ERROR - Error processing NIFTY17FEB2625900PE: Insufficient data: 49 bars, need 107
Traceback (most recent call last):
  File "C:\Rahul\06_Nikku\Strategies\Bot-StrikeChart-Halftrend\core\engine.py", line 843, in _process_strike_data
    utbot_result = self.indicators["option_utbot"].calculate(df_opt.iloc[:-1], use_ha=use_ha)
                   ^^^^^^^^^^^^^^^^^^^^^^^^^^^^^^^^^^^^^^^^^^^^^^^^^^^^^^^^^^^^^^^^^^^^^^^^^^
  File "C:\Rahul\06_Nikku\Strategies\Bot-StrikeChart-Halftrend\indicators\halftrend.py", line 78, in calculate
    raise ValueError(
ValueError: Insufficient data: 49 bars, need 107
2026-02-11 10:23:46,668 - ERROR - Error processing NIFTY17FEB2625900CE: Insufficient data: 49 bars, need 107
Traceback (most recent call last):
  File "C:\Rahul\06_Nikku\Strategies\Bot-StrikeChart-Halftrend\core\engine.py", line 843, in _process_strike_data
    utbot_result = self.indicators["option_utbot"].calculate(df_opt.iloc[:-1], use_ha=use_ha)
                   ^^^^^^^^^^^^^^^^^^^^^^^^^^^^^^^^^^^^^^^^^^^^^^^^^^^^^^^^^^^^^^^^^^^^^^^^^^
  File "C:\Rahul\06_Nikku\Strategies\Bot-StrikeChart-Halftrend\indicators\halftrend.py", line 78, in calculate
    raise ValueError(
ValueError: Insufficient data: 49 bars, need 107
2026-02-11 10:23:46,672 - ERROR - Error processing NIFTY17FEB2625900PE: Insufficient data: 49 bars, need 107
Traceback (most recent call last):
  File "C:\Rahul\06_Nikku\Strategies\Bot-StrikeChart-Halftrend\core\engine.py", line 843, in _process_strike_data
    utbot_result = self.indicators["option_utbot"].calculate(df_opt.iloc[:-1], use_ha=use_ha)
                   ^^^^^^^^^^^^^^^^^^^^^^^^^^^^^^^^^^^^^^^^^^^^^^^^^^^^^^^^^^^^^^^^^^^^^^^^^^
  File "C:\Rahul\06_Nikku\Strategies\Bot-StrikeChart-Halftrend\indicators\halftrend.py", line 78, in calculate
    raise ValueError(
ValueError: Insufficient data: 49 bars, need 107
2026-02-11 10:23:51,721 - ERROR - Error processing NIFTY17FEB2625900CE: Insufficient data: 49 bars, need 107
Traceback (most recent call last):
  File "C:\Rahul\06_Nikku\Strategies\Bot-StrikeChart-Halftrend\core\engine.py", line 843, in _process_strike_data
    utbot_result = self.indicators["option_utbot"].calculate(df_opt.iloc[:-1], use_ha=use_ha)
                   ^^^^^^^^^^^^^^^^^^^^^^^^^^^^^^^^^^^^^^^^^^^^^^^^^^^^^^^^^^^^^^^^^^^^^^^^^^
  File "C:\Rahul\06_Nikku\Strategies\Bot-StrikeChart-Halftrend\indicators\halftrend.py", line 78, in calculate
    raise ValueError(
ValueError: Insufficient data: 49 bars, need 107
2026-02-11 10:23:51,727 - ERROR - Error processing NIFTY17FEB2625900PE: Insufficient data: 49 bars, need 107
Traceback (most recent call last):
  File "C:\Rahul\06_Nikku\Strategies\Bot-StrikeChart-Halftrend\core\engine.py", line 843, in _process_strike_data
    utbot_result = self.indicators["option_utbot"].calculate(df_opt.iloc[:-1], use_ha=use_ha)
                   ^^^^^^^^^^^^^^^^^^^^^^^^^^^^^^^^^^^^^^^^^^^^^^^^^^^^^^^^^^^^^^^^^^^^^^^^^^
  File "C:\Rahul\06_Nikku\Strategies\Bot-StrikeChart-Halftrend\indicators\halftrend.py", line 78, in calculate
    raise ValueError(
ValueError: Insufficient data: 49 bars, need 107
2026-02-11 10:23:56,737 - ERROR - Error processing NIFTY17FEB2625900CE: Insufficient data: 49 bars, need 107
Traceback (most recent call last):
  File "C:\Rahul\06_Nikku\Strategies\Bot-StrikeChart-Halftrend\core\engine.py", line 843, in _process_strike_data
    utbot_result = self.indicators["option_utbot"].calculate(df_opt.iloc[:-1], use_ha=use_ha)
                   ^^^^^^^^^^^^^^^^^^^^^^^^^^^^^^^^^^^^^^^^^^^^^^^^^^^^^^^^^^^^^^^^^^^^^^^^^^
  File "C:\Rahul\06_Nikku\Strategies\Bot-StrikeChart-Halftrend\indicators\halftrend.py", line 78, in calculate
    raise ValueError(
ValueError: Insufficient data: 49 bars, need 107
2026-02-11 10:23:56,739 - ERROR - Error processing NIFTY17FEB2625900PE: Insufficient data: 49 bars, need 107
Traceback (most recent call last):
  File "C:\Rahul\06_Nikku\Strategies\Bot-StrikeChart-Halftrend\core\engine.py", line 843, in _process_strike_data
    utbot_result = self.indicators["option_utbot"].calculate(df_opt.iloc[:-1], use_ha=use_ha)
                   ^^^^^^^^^^^^^^^^^^^^^^^^^^^^^^^^^^^^^^^^^^^^^^^^^^^^^^^^^^^^^^^^^^^^^^^^^^
  File "C:\Rahul\06_Nikku\Strategies\Bot-StrikeChart-Halftrend\indicators\halftrend.py", line 78, in calculate
    raise ValueError(
ValueError: Insufficient data: 49 bars, need 107
2026-02-11 10:24:01,789 - ERROR - Error processing NIFTY17FEB2625900CE: Insufficient data: 49 bars, need 107
Traceback (most recent call last):
  File "C:\Rahul\06_Nikku\Strategies\Bot-StrikeChart-Halftrend\core\engine.py", line 843, in _process_strike_data
    utbot_result = self.indicators["option_utbot"].calculate(df_opt.iloc[:-1], use_ha=use_ha)
                   ^^^^^^^^^^^^^^^^^^^^^^^^^^^^^^^^^^^^^^^^^^^^^^^^^^^^^^^^^^^^^^^^^^^^^^^^^^
  File "C:\Rahul\06_Nikku\Strategies\Bot-StrikeChart-Halftrend\indicators\halftrend.py", line 78, in calculate
    raise ValueError(
ValueError: Insufficient data: 49 bars, need 107
2026-02-11 10:24:01,793 - ERROR - Error processing NIFTY17FEB2625900PE: Insufficient data: 49 bars, need 107
Traceback (most recent call last):
  File "C:\Rahul\06_Nikku\Strategies\Bot-StrikeChart-Halftrend\core\engine.py", line 843, in _process_strike_data
    utbot_result = self.indicators["option_utbot"].calculate(df_opt.iloc[:-1], use_ha=use_ha)
                   ^^^^^^^^^^^^^^^^^^^^^^^^^^^^^^^^^^^^^^^^^^^^^^^^^^^^^^^^^^^^^^^^^^^^^^^^^^
  File "C:\Rahul\06_Nikku\Strategies\Bot-StrikeChart-Halftrend\indicators\halftrend.py", line 78, in calculate
    raise ValueError(
ValueError: Insufficient data: 49 bars, need 107
2026-02-11 10:24:06,789 - ERROR - Error processing NIFTY17FEB2625900CE: Insufficient data: 49 bars, need 107
Traceback (most recent call last):
  File "C:\Rahul\06_Nikku\Strategies\Bot-StrikeChart-Halftrend\core\engine.py", line 843, in _process_strike_data
    utbot_result = self.indicators["option_utbot"].calculate(df_opt.iloc[:-1], use_ha=use_ha)
                   ^^^^^^^^^^^^^^^^^^^^^^^^^^^^^^^^^^^^^^^^^^^^^^^^^^^^^^^^^^^^^^^^^^^^^^^^^^
  File "C:\Rahul\06_Nikku\Strategies\Bot-StrikeChart-Halftrend\indicators\halftrend.py", line 78, in calculate
    raise ValueError(
ValueError: Insufficient data: 49 bars, need 107
2026-02-11 10:24:06,789 - ERROR - Error processing NIFTY17FEB2625900PE: Insufficient data: 49 bars, need 107
Traceback (most recent call last):
  File "C:\Rahul\06_Nikku\Strategies\Bot-StrikeChart-Halftrend\core\engine.py", line 843, in _process_strike_data
    utbot_result = self.indicators["option_utbot"].calculate(df_opt.iloc[:-1], use_ha=use_ha)
                   ^^^^^^^^^^^^^^^^^^^^^^^^^^^^^^^^^^^^^^^^^^^^^^^^^^^^^^^^^^^^^^^^^^^^^^^^^^
  File "C:\Rahul\06_Nikku\Strategies\Bot-StrikeChart-Halftrend\indicators\halftrend.py", line 78, in calculate
    raise ValueError(
ValueError: Insufficient data: 49 bars, need 107
2026-02-11 10:24:11,812 - ERROR - Error processing NIFTY17FEB2625900CE: Insufficient data: 49 bars, need 107
Traceback (most recent call last):
  File "C:\Rahul\06_Nikku\Strategies\Bot-StrikeChart-Halftrend\core\engine.py", line 843, in _process_strike_data
    utbot_result = self.indicators["option_utbot"].calculate(df_opt.iloc[:-1], use_ha=use_ha)
                   ^^^^^^^^^^^^^^^^^^^^^^^^^^^^^^^^^^^^^^^^^^^^^^^^^^^^^^^^^^^^^^^^^^^^^^^^^^
  File "C:\Rahul\06_Nikku\Strategies\Bot-StrikeChart-Halftrend\indicators\halftrend.py", line 78, in calculate
    raise ValueError(
ValueError: Insufficient data: 49 bars, need 107
2026-02-11 10:24:11,812 - ERROR - Error processing NIFTY17FEB2625900PE: Insufficient data: 49 bars, need 107
Traceback (most recent call last):
  File "C:\Rahul\06_Nikku\Strategies\Bot-StrikeChart-Halftrend\core\engine.py", line 843, in _process_strike_data
    utbot_result = self.indicators["option_utbot"].calculate(df_opt.iloc[:-1], use_ha=use_ha)
                   ^^^^^^^^^^^^^^^^^^^^^^^^^^^^^^^^^^^^^^^^^^^^^^^^^^^^^^^^^^^^^^^^^^^^^^^^^^
  File "C:\Rahul\06_Nikku\Strategies\Bot-StrikeChart-Halftrend\indicators\halftrend.py", line 78, in calculate
    raise ValueError(
ValueError: Insufficient data: 49 bars, need 107
2026-02-11 10:24:16,820 - ERROR - Error processing NIFTY17FEB2625900CE: Insufficient data: 49 bars, need 107
Traceback (most recent call last):
  File "C:\Rahul\06_Nikku\Strategies\Bot-StrikeChart-Halftrend\core\engine.py", line 843, in _process_strike_data
    utbot_result = self.indicators["option_utbot"].calculate(df_opt.iloc[:-1], use_ha=use_ha)
                   ^^^^^^^^^^^^^^^^^^^^^^^^^^^^^^^^^^^^^^^^^^^^^^^^^^^^^^^^^^^^^^^^^^^^^^^^^^
  File "C:\Rahul\06_Nikku\Strategies\Bot-StrikeChart-Halftrend\indicators\halftrend.py", line 78, in calculate
    raise ValueError(
ValueError: Insufficient data: 49 bars, need 107
2026-02-11 10:24:16,820 - ERROR - Error processing NIFTY17FEB2625900PE: Insufficient data: 49 bars, need 107
Traceback (most recent call last):
  File "C:\Rahul\06_Nikku\Strategies\Bot-StrikeChart-Halftrend\core\engine.py", line 843, in _process_strike_data
    utbot_result = self.indicators["option_utbot"].calculate(df_opt.iloc[:-1], use_ha=use_ha)
                   ^^^^^^^^^^^^^^^^^^^^^^^^^^^^^^^^^^^^^^^^^^^^^^^^^^^^^^^^^^^^^^^^^^^^^^^^^^
  File "C:\Rahul\06_Nikku\Strategies\Bot-StrikeChart-Halftrend\indicators\halftrend.py", line 78, in calculate
    raise ValueError(
ValueError: Insufficient data: 49 bars, need 107
2026-02-11 10:24:21,866 - ERROR - Error processing NIFTY17FEB2625900CE: Insufficient data: 49 bars, need 107
Traceback (most recent call last):
  File "C:\Rahul\06_Nikku\Strategies\Bot-StrikeChart-Halftrend\core\engine.py", line 843, in _process_strike_data
    utbot_result = self.indicators["option_utbot"].calculate(df_opt.iloc[:-1], use_ha=use_ha)
                   ^^^^^^^^^^^^^^^^^^^^^^^^^^^^^^^^^^^^^^^^^^^^^^^^^^^^^^^^^^^^^^^^^^^^^^^^^^
  File "C:\Rahul\06_Nikku\Strategies\Bot-StrikeChart-Halftrend\indicators\halftrend.py", line 78, in calculate
    raise ValueError(
ValueError: Insufficient data: 49 bars, need 107
2026-02-11 10:24:21,868 - ERROR - Error processing NIFTY17FEB2625900PE: Insufficient data: 49 bars, need 107
Traceback (most recent call last):
  File "C:\Rahul\06_Nikku\Strategies\Bot-StrikeChart-Halftrend\core\engine.py", line 843, in _process_strike_data
    utbot_result = self.indicators["option_utbot"].calculate(df_opt.iloc[:-1], use_ha=use_ha)
                   ^^^^^^^^^^^^^^^^^^^^^^^^^^^^^^^^^^^^^^^^^^^^^^^^^^^^^^^^^^^^^^^^^^^^^^^^^^
  File "C:\Rahul\06_Nikku\Strategies\Bot-StrikeChart-Halftrend\indicators\halftrend.py", line 78, in calculate
    raise ValueError(
ValueError: Insufficient data: 49 bars, need 107
2026-02-11 10:24:27,936 - ERROR - Error processing NIFTY17FEB2625900CE: Insufficient data: 49 bars, need 107
Traceback (most recent call last):
  File "C:\Rahul\06_Nikku\Strategies\Bot-StrikeChart-Halftrend\core\engine.py", line 843, in _process_strike_data
    utbot_result = self.indicators["option_utbot"].calculate(df_opt.iloc[:-1], use_ha=use_ha)
                   ^^^^^^^^^^^^^^^^^^^^^^^^^^^^^^^^^^^^^^^^^^^^^^^^^^^^^^^^^^^^^^^^^^^^^^^^^^
  File "C:\Rahul\06_Nikku\Strategies\Bot-StrikeChart-Halftrend\indicators\halftrend.py", line 78, in calculate
    raise ValueError(f"DataFrame missing required columns: {missing}")
ValueError: Insufficient data: 49 bars, need 107
2026-02-11 10:24:27,940 - ERROR - Error processing NIFTY17FEB2625900PE: Insufficient data: 49 bars, need 107
Traceback (most recent call last):
  File "C:\Rahul\06_Nikku\Strategies\Bot-StrikeChart-Halftrend\core\engine.py", line 843, in _process_strike_data
    utbot_result = self.indicators["option_utbot"].calculate(df_opt.iloc[:-1], use_ha=use_ha)
                   ^^^^^^^^^^^^^^^^^^^^^^^^^^^^^^^^^^^^^^^^^^^^^^^^^^^^^^^^^^^^^^^^^^^^^^^^^^
  File "C:\Rahul\06_Nikku\Strategies\Bot-StrikeChart-Halftrend\indicators\halftrend.py", line 78, in calculate
    raise ValueError(f"DataFrame missing required columns: {missing}")
ValueError: Insufficient data: 49 bars, need 107
2026-02-11 10:24:32,967 - ERROR - Error processing NIFTY17FEB2625900CE: Insufficient data: 49 bars, need 107
Traceback (most recent call last):
  File "C:\Rahul\06_Nikku\Strategies\Bot-StrikeChart-Halftrend\core\engine.py", line 843, in _process_strike_data
    utbot_result = self.indicators["option_utbot"].calculate(df_opt.iloc[:-1], use_ha=use_ha)
                   ^^^^^^^^^^^^^^^^^^^^^^^^^^^^^^^^^^^^^^^^^^^^^^^^^^^^^^^^^^^^^^^^^^^^^^^^^^
  File "C:\Rahul\06_Nikku\Strategies\Bot-StrikeChart-Halftrend\indicators\halftrend.py", line 78, in calculate
    raise ValueError(f"DataFrame missing required columns: {missing}")
ValueError: Insufficient data: 49 bars, need 107
2026-02-11 10:24:32,969 - ERROR - Error processing NIFTY17FEB2625900PE: Insufficient data: 49 bars, need 107
Traceback (most recent call last):
  File "C:\Rahul\06_Nikku\Strategies\Bot-StrikeChart-Halftrend\core\engine.py", line 843, in _process_strike_data
    utbot_result = self.indicators["option_utbot"].calculate(df_opt.iloc[:-1], use_ha=use_ha)
                   ^^^^^^^^^^^^^^^^^^^^^^^^^^^^^^^^^^^^^^^^^^^^^^^^^^^^^^^^^^^^^^^^^^^^^^^^^^
  File "C:\Rahul\06_Nikku\Strategies\Bot-StrikeChart-Halftrend\indicators\halftrend.py", line 78, in calculate
    raise ValueError(f"DataFrame missing required columns: {missing}")
ValueError: Insufficient data: 49 bars, need 107
2026-02-11 10:24:37,969 - ERROR - Error processing NIFTY17FEB2625900CE: Insufficient data: 49 bars, need 107
Traceback (most recent call last):
  File "C:\Rahul\06_Nikku\Strategies\Bot-StrikeChart-Halftrend\core\engine.py", line 843, in _process_strike_data
    utbot_result = self.indicators["option_utbot"].calculate(df_opt.iloc[:-1], use_ha=use_ha)
                   ^^^^^^^^^^^^^^^^^^^^^^^^^^^^^^^^^^^^^^^^^^^^^^^^^^^^^^^^^^^^^^^^^^^^^^^^^^
  File "C:\Rahul\06_Nikku\Strategies\Bot-StrikeChart-Halftrend\indicators\halftrend.py", line 78, in calculate
    raise ValueError(f"DataFrame missing required columns: {missing}")
ValueError: Insufficient data: 49 bars, need 107
2026-02-11 10:24:37,971 - ERROR - Error processing NIFTY17FEB2625900PE: Insufficient data: 49 bars, need 107
Traceback (most recent call last):
  File "C:\Rahul\06_Nikku\Strategies\Bot-StrikeChart-Halftrend\core\engine.py", line 843, in _process_strike_data
    utbot_result = self.indicators["option_utbot"].calculate(df_opt.iloc[:-1], use_ha=use_ha)
                   ^^^^^^^^^^^^^^^^^^^^^^^^^^^^^^^^^^^^^^^^^^^^^^^^^^^^^^^^^^^^^^^^^^^^^^^^^^
  File "C:\Rahul\06_Nikku\Strategies\Bot-StrikeChart-Halftrend\indicators\halftrend.py", line 78, in calculate
    raise ValueError(f"DataFrame missing required columns: {missing}")
ValueError: Insufficient data: 49 bars, need 107
2026-02-11 10:24:39,512 - INFO - Configuration reloaded successfully
2026-02-11 10:26:48,006 - INFO - Configuration reloaded successfully
2026-02-11 10:27:10,092 - INFO - Configuration reloaded successfully
2026-02-11 10:27:48,280 - INFO - Configuration reloaded successfully
2026-02-11 10:55:18,875 - INFO - [SIGNAL] HalfTrend BUY detected on NIFTY17FEB2625900PE @ 84.65
2026-02-11 10:55:18,888 - INFO - [ENTRY] Placing BUY order for NIFTY17FEB2625900PE @ 84.65 Qty=65 Type=LIMIT
2026-02-11 10:55:26,811 - INFO - Adopting existing position: NIFTY17FEB2625900PE Qty=65
2026-02-11 10:55:26,825 - INFO - Calculated ATR for adopted position NIFTY17FEB2625900PE: 5.63
2026-02-11 10:55:28,414 - ERROR - Order placement failed: Smart Limit timed out (Strict Mode)
2026-02-11 11:04:42,540 - INFO - [EXIT] NIFTY17FEB2625900PE: TSL Hit: Price 82.55 <= TSL 82.60 (Stage: TRAILING, Cushions: 0/2)
2026-02-11 11:04:43,239 - INFO - Trade logged to Reporting\trades.csv
2026-02-11 11:04:43,239 - INFO - [TRADE CLOSED] NIFTY17FEB2625900PE: Entry=83.90, Exit=82.55, P&L=INR -87.75 (-1.61%), Reason=TSL Hit
2026-02-11 11:24:11,412 - INFO - [SIGNAL] HalfTrend BUY detected on NIFTY17FEB2625900CE @ 176.75
2026-02-11 11:24:11,416 - INFO - [ENTRY] Placing BUY order for NIFTY17FEB2625900CE @ 176.75 Qty=65 Type=LIMIT
2026-02-11 11:24:21,474 - INFO - Adopting existing position: NIFTY17FEB2625900CE Qty=65
2026-02-11 11:24:21,474 - INFO - Calculated ATR for adopted position NIFTY17FEB2625900CE: 7.82
2026-02-11 11:24:21,604 - ERROR - Order placement failed: Smart Limit timed out (Strict Mode)
2026-02-11 11:25:53,174 - INFO - [EXIT] NIFTY17FEB2625900CE: TSL Hit: Price 172.30 <= TSL 172.30 (Stage: TRAILING, Cushions: 0/2)
2026-02-11 11:25:53,927 - INFO - Trade logged to Reporting\trades.csv
2026-02-11 11:25:53,932 - INFO - [TRADE CLOSED] NIFTY17FEB2625900CE: Entry=176.30, Exit=172.30, P&L=INR -260.00 (-2.27%), Reason=TSL Hit
2026-02-11 11:46:25,852 - INFO - Configuration reloaded successfully
2026-02-11 12:57:16,695 - INFO - [SIGNAL] HalfTrend BUY detected on NIFTY17FEB2625900CE @ 149.50
2026-02-11 12:57:16,704 - INFO - [ENTRY] Placing BUY order for NIFTY17FEB2625900CE @ 149.50 Qty=65 Type=LIMIT
2026-02-11 12:57:27,143 - ERROR - Order placement failed: Smart Limit timed out (Strict Mode)
2026-02-11 12:57:27,672 - INFO - Adopting existing position: NIFTY17FEB2625900CE Qty=65
2026-02-11 12:57:27,685 - INFO - Calculated ATR for adopted position NIFTY17FEB2625900CE: 5.92
2026-02-11 13:36:02,847 - INFO - Shutting down...
2026-02-11 13:36:02,908 - INFO - Trading Engine stopped
2026-02-11 13:36:02,908 - INFO - All engine tasks cleaned up
2026-02-11 13:36:02,908 - INFO - Goodbye!
2026-02-11 13:36:02,912 - ERROR - _GatheringFuture exception was never retrieved
future: <_GatheringFuture finished exception=CancelledError()>
Traceback (most recent call last):
  File "C:\Rahul\06_Nikku\Strategies\Bot-StrikeChart-Halftrend\core\engine.py", line 612, in fetch_one
    if parallel_enabled and len(strikes_to_scan) > 0:
                     ^^^^^^^^^^^^^^^^^^^^^^^^^^^^^^^^
  File "C:\Rahul\06_Nikku\Strategies\Bot-StrikeChart-Halftrend\data\provider.py", line 138, in fetch_history
    df = await loop.run_in_executor(
         ^^^^^^^^^^^^^^^^^^^^^^^^^^^
asyncio.exceptions.CancelledError
2026-02-11 13:38:57,689 - INFO - Configuration banner printed
2026-02-11 13:38:59,436 - INFO - OpenAlgo API client initialized (host: http://127.0.0.1:5000)
2026-02-11 13:39:01,299 - INFO - [RECOVERY] Restored NIFTY17FEB2625900CE in POSITION @ INR 149.15 (P&L: 0.00%)
2026-02-11 13:39:01,299 - INFO - Recovered 1 active trades
2026-02-11 13:39:01,299 - INFO - Trading Engine initialized
2026-02-11 13:39:01,299 - INFO - Trading Engine created successfully
2026-02-11 13:39:01,299 - INFO - Starting Trading Engine...
2026-02-11 13:39:04,386 - INFO - [TASK] Signal scanner started
2026-02-11 13:39:04,389 - INFO - [TASK] Risk monitor started
2026-02-11 13:39:04,389 - INFO - [TASK] Position sync started
2026-02-11 13:39:04,393 - INFO - [TASK] WebSocket monitor started
2026-02-11 13:39:04,394 - INFO - [TASK] Config monitor started
2026-02-11 13:39:04,394 - INFO - [TASK] Command monitor started (watching C:\Rahul\06_Nikku\Strategies\Bot-StrikeChart-Halftrend\commands\buy.yaml)
2026-02-11 13:42:02,820 - INFO - Configuration banner printed
2026-02-11 13:42:03,570 - INFO - OpenAlgo API client initialized (host: http://127.0.0.1:5000)
2026-02-11 13:42:04,166 - INFO - [RECOVERY] Restored NIFTY17FEB2625900CE in POSITION @ INR 149.15 (P&L: 0.00%)
2026-02-11 13:42:04,166 - INFO - Recovered 1 active trades
2026-02-11 13:42:04,166 - INFO - Trading Engine initialized
2026-02-11 13:42:04,166 - INFO - Trading Engine created successfully
2026-02-11 13:42:04,166 - INFO - Starting Trading Engine...
2026-02-11 13:42:07,129 - INFO - [TASK] Signal scanner started
2026-02-11 13:42:07,129 - INFO - [TASK] Risk monitor started
2026-02-11 13:42:07,129 - INFO - [TASK] Position sync started
2026-02-11 13:42:07,134 - INFO - [TASK] WebSocket monitor started
2026-02-11 13:42:07,136 - INFO - [TASK] Config monitor started
2026-02-11 13:42:07,136 - INFO - [TASK] Command monitor started (watching C:\Rahul\06_Nikku\Strategies\Bot-StrikeChart-Halftrend\commands\buy.yaml)
2026-02-11 13:54:15,442 - INFO - [SIGNAL] HalfTrend BUY detected on NIFTY17FEB2625900PE @ 91.25
2026-02-11 13:54:15,456 - INFO - [ENTRY] Placing BUY order for NIFTY17FEB2625900PE @ 91.25 Qty=65 Type=LIMIT
2026-02-11 13:54:27,335 - INFO - Adopting existing position: NIFTY17FEB2625900PE Qty=65
2026-02-11 13:54:27,346 - INFO - Calculated ATR for adopted position NIFTY17FEB2625900PE: 5.44
2026-02-11 13:54:27,726 - INFO - Adopting existing position: NIFTY17FEB2625900PE Qty=65
2026-02-11 13:54:27,742 - INFO - Calculated ATR for adopted position NIFTY17FEB2625900PE: 5.13
2026-02-11 13:54:28,204 - ERROR - Order placement failed: Smart Limit timed out (Strict Mode)
2026-02-11 15:15:02,101 - WARNING - [SYNC] External closure detected: NIFTY17FEB2625900CE
2026-02-11 15:15:02,116 - WARNING - [SYNC] External closure detected: NIFTY17FEB2625900PE
2026-02-11 15:15:09,204 - WARNING - [SYNC] External closure detected: NIFTY17FEB2625900CE
2026-02-11 15:15:09,220 - WARNING - [SYNC] External closure detected: NIFTY17FEB2625900PE
2026-02-11 16:22:38,945 - INFO - Shutting down...
2026-02-11 16:22:38,952 - INFO - Trading Engine stopped
2026-02-11 16:22:38,954 - INFO - All engine tasks cleaned up
2026-02-11 16:22:38,954 - INFO - Goodbye!
2026-02-11 16:22:54,142 - INFO - Configuration banner printed
2026-02-11 16:22:56,612 - INFO - OpenAlgo API client initialized (host: http://127.0.0.1:5000)
2026-02-11 16:22:58,024 - INFO - Trading Engine initialized
2026-02-11 16:22:58,024 - INFO - Trading Engine created successfully
2026-02-11 16:22:58,024 - INFO - Starting Trading Engine...
2026-02-11 16:23:02,952 - INFO - [TASK] Signal scanner started
2026-02-11 16:23:02,959 - INFO - [TASK] Risk monitor started
2026-02-11 16:23:02,959 - INFO - [TASK] Position sync started
2026-02-11 16:23:02,962 - INFO - [TASK] WebSocket monitor started
2026-02-11 16:23:02,962 - INFO - [TASK] Config monitor started
2026-02-11 16:23:02,962 - INFO - [TASK] Command monitor started (watching C:\Rahul\06_Nikku\Strategies\Bot-StrikeChart-Halftrend\commands\buy.yaml)
2026-02-11 16:28:37,350 - ERROR - [WinError 10054] An existing connection was forcibly closed by the remote host - goodbye
2026-02-11 16:28:37,350 - ERROR - [WinError 10054] An existing connection was forcibly closed by the remote host - goodbye
2026-02-12 10:31:14,645 - INFO - Configuration banner printed
2026-02-12 10:31:16,013 - INFO - OpenAlgo API client initialized (host: http://127.0.0.1:5000)
2026-02-12 10:31:18,542 - INFO - Trading Engine initialized
2026-02-12 10:31:18,542 - INFO - Trading Engine created successfully
2026-02-12 10:31:18,543 - INFO - Starting Trading Engine...
2026-02-12 10:31:23,125 - INFO - [TASK] Signal scanner started
2026-02-12 10:31:23,137 - INFO - [TASK] Risk monitor started
2026-02-12 10:31:23,138 - INFO - [TASK] Position sync started
2026-02-12 10:31:23,140 - INFO - [TASK] WebSocket monitor started
2026-02-12 10:31:23,143 - INFO - [TASK] Config monitor started
2026-02-12 10:31:23,145 - INFO - [TASK] Command monitor started (watching C:\Rahul\06_Nikku\Strategies\Bot-StrikeChart-Halftrend\commands\buy.yaml)
2026-02-12 10:33:16,809 - INFO - Configuration reloaded successfully
2026-02-12 10:33:22,087 - INFO - WebSocket resubscribed to updated symbols
2026-02-12 10:39:38,073 - INFO - [SIGNAL] HalfTrend BUY detected on NIFTY17FEB2625800PE @ 76.55
2026-02-12 10:39:38,082 - INFO - [ENTRY] Placing BUY order for NIFTY17FEB2625800PE @ 76.55 Qty=65 Type=LIMIT
2026-02-12 10:39:45,278 - INFO - Adopting existing position: NIFTY17FEB2625800PE Qty=65
2026-02-12 10:39:45,299 - INFO - Calculated ATR for adopted position NIFTY17FEB2625800PE: 5.05
2026-02-12 10:39:48,939 - ERROR - Order placement failed: Smart Limit timed out (Strict Mode)
2026-02-12 10:42:20,924 - INFO - [EXIT] NIFTY17FEB2625800PE: TSL Hit: Price 71.50 <= TSL 71.60 (Stage: TRAILING, Cushions: 0/2)
2026-02-12 10:42:22,652 - INFO - Trade logged to Reporting\trades.csv
2026-02-12 10:42:22,653 - INFO - [TRADE CLOSED] NIFTY17FEB2625800PE: Entry=74.60, Exit=71.50, P&L=INR -201.50 (-4.16%), Reason=TSL Hit
2026-02-12 10:42:24,001 - INFO - [SIGNAL] HalfTrend BUY detected on NIFTY17FEB2625800PE @ 72.65
2026-02-12 10:42:24,010 - INFO - [ENTRY] Placing BUY order for NIFTY17FEB2625800PE @ 72.65 Qty=65 Type=LIMIT
2026-02-12 10:42:28,090 - INFO - Adopting existing position: NIFTY17FEB2625800PE Qty=65
2026-02-12 10:42:28,108 - INFO - Calculated ATR for adopted position NIFTY17FEB2625800PE: 5.21
2026-02-12 10:42:35,339 - ERROR - Order placement failed: Smart Limit timed out (Strict Mode)
2026-02-12 10:45:28,981 - INFO - [EXIT] NIFTY17FEB2625800PE: TSL Hit: Price 74.20 <= TSL 74.28 (Stage: G1, Cushions: 0/2)
2026-02-12 10:45:30,290 - INFO - Trade logged to Reporting\trades.csv
2026-02-12 10:45:30,291 - INFO - [TRADE CLOSED] NIFTY17FEB2625800PE: Entry=72.00, Exit=74.20, P&L=INR 143.00 (3.06%), Reason=TSL Hit
2026-02-12 11:45:14,822 - INFO - [SIGNAL] HalfTrend BUY detected on NIFTY17FEB2625800CE @ 145.35
2026-02-12 11:45:14,838 - INFO - [ENTRY] Placing BUY order for NIFTY17FEB2625800CE @ 145.35 Qty=65 Type=LIMIT
2026-02-12 11:45:24,133 - ERROR - Order placement failed: Smart Limit timed out (Strict Mode)
2026-02-12 11:45:25,840 - INFO - Adopting existing position: NIFTY17FEB2625800CE Qty=65
2026-02-12 11:45:25,853 - INFO - Calculated ATR for adopted position NIFTY17FEB2625800CE: 5.20
2026-02-12 11:50:32,388 - INFO - [EXIT] NIFTY17FEB2625800CE: TSL Hit: Price 142.40 <= TSL 142.60 (Stage: TRAILING, Cushions: 0/2)
2026-02-12 11:50:34,663 - INFO - Trade logged to Reporting\trades.csv
2026-02-12 11:50:34,663 - INFO - [TRADE CLOSED] NIFTY17FEB2625800CE: Entry=145.65, Exit=142.40, P&L=INR -211.25 (-2.23%), Reason=TSL Hit
2026-02-12 12:13:08,820 - INFO - [SIGNAL] HalfTrend BUY detected on NIFTY17FEB2625800CE @ 143.20
2026-02-12 12:13:08,834 - INFO - [ENTRY] Placing BUY order for NIFTY17FEB2625800CE @ 143.20 Qty=65 Type=LIMIT
2026-02-12 12:13:18,858 - ERROR - Order placement failed: Smart Limit timed out (Strict Mode)
2026-02-12 12:13:19,643 - INFO - Adopting existing position: NIFTY17FEB2625800CE Qty=65
2026-02-12 12:13:19,651 - INFO - Calculated ATR for adopted position NIFTY17FEB2625800CE: 4.59
2026-02-12 12:33:50,788 - WARNING - [SYNC] External closure detected: NIFTY17FEB2625800CE
2026-02-12 12:37:08,488 - INFO - Configuration reloaded successfully
2026-02-12 13:12:46,569 - INFO - [SIGNAL] HalfTrend BUY detected on NIFTY17FEB2625800PE @ 80.00
2026-02-12 13:12:46,584 - INFO - [ENTRY] Placing BUY order for NIFTY17FEB2625800PE @ 80.00 Qty=65 Type=LIMIT
2026-02-12 13:12:58,114 - INFO - Adopting existing position: NIFTY17FEB2625800PE Qty=65
2026-02-12 13:12:58,123 - INFO - Calculated ATR for adopted position NIFTY17FEB2625800PE: 3.16
2026-02-12 13:12:58,759 - ERROR - Order placement failed: Smart Limit timed out (Strict Mode)
2026-02-12 13:16:30,487 - INFO - [EXIT] NIFTY17FEB2625800PE: TSL Hit: Price 80.40 <= TSL 80.45 (Stage: TRAILING, Cushions: 0/2)
2026-02-12 13:16:32,583 - INFO - Trade logged to Reporting\trades.csv
2026-02-12 13:16:32,583 - INFO - [TRADE CLOSED] NIFTY17FEB2625800PE: Entry=80.25, Exit=80.40, P&L=INR 9.75 (0.19%), Reason=TSL Hit
2026-02-12 13:27:11,784 - INFO - [SIGNAL] HalfTrend BUY detected on NIFTY17FEB2625800CE @ 162.20
2026-02-12 13:27:11,791 - INFO - [ENTRY] Placing BUY order for NIFTY17FEB2625800CE @ 162.20 Qty=65 Type=LIMIT
2026-02-12 13:27:15,594 - INFO - Adopting existing position: NIFTY17FEB2625800CE Qty=65
2026-02-12 13:27:15,612 - INFO - Calculated ATR for adopted position NIFTY17FEB2625800CE: 5.59
2026-02-12 13:27:21,547 - ERROR - Order placement failed: Smart Limit timed out (Strict Mode)
2026-02-12 13:28:12,967 - INFO - [EXIT] NIFTY17FEB2625800CE: TSL Hit: Price 159.85 <= TSL 160.40 (Stage: TRAILING, Cushions: 0/2)
2026-02-12 13:28:13,685 - INFO - Trade logged to Reporting\trades.csv
2026-02-12 13:28:13,685 - INFO - [TRADE CLOSED] NIFTY17FEB2625800CE: Entry=161.85, Exit=159.85, P&L=INR -130.00 (-1.24%), Reason=TSL Hit
2026-02-12 13:28:18,194 - INFO - [SIGNAL] HalfTrend BUY detected on NIFTY17FEB2625800CE @ 161.30
2026-02-12 13:28:18,202 - INFO - [ENTRY] Placing BUY order for NIFTY17FEB2625800CE @ 161.30 Qty=65 Type=LIMIT
2026-02-12 13:28:20,262 - INFO - Adopting existing position: NIFTY17FEB2625800CE Qty=65
2026-02-12 13:28:20,280 - INFO - Calculated ATR for adopted position NIFTY17FEB2625800CE: 5.67
2026-02-12 13:28:28,402 - ERROR - Order placement failed: Smart Limit timed out (Strict Mode)
2026-02-12 13:28:51,002 - INFO - [EXIT] NIFTY17FEB2625800CE: TSL Hit: Price 158.05 <= TSL 158.80 (Stage: TRAILING, Cushions: 0/2)
2026-02-12 13:28:51,878 - INFO - Trade logged to Reporting\trades.csv
2026-02-12 13:28:51,878 - INFO - [TRADE CLOSED] NIFTY17FEB2625800CE: Entry=159.35, Exit=158.05, P&L=INR -84.50 (-0.82%), Reason=TSL Hit
2026-02-12 13:28:53,493 - INFO - [SIGNAL] HalfTrend BUY detected on NIFTY17FEB2625800CE @ 161.30
2026-02-12 13:28:53,501 - INFO - [ENTRY] Placing BUY order for NIFTY17FEB2625800CE @ 161.30 Qty=65 Type=LIMIT
2026-02-12 13:29:02,777 - INFO - Adopting existing position: NIFTY17FEB2625800CE Qty=65
2026-02-12 13:29:02,798 - INFO - Calculated ATR for adopted position NIFTY17FEB2625800CE: 5.67
2026-02-12 13:29:02,994 - ERROR - Order placement failed: Smart Limit timed out (Strict Mode)
2026-02-12 13:29:29,179 - INFO - [EXIT] NIFTY17FEB2625800CE: TSL Hit: Price 154.45 <= TSL 154.80 (Stage: TRAILING, Cushions: 0/2)
2026-02-12 13:29:29,815 - INFO - Trade logged to Reporting\trades.csv
2026-02-12 13:29:29,815 - INFO - [TRADE CLOSED] NIFTY17FEB2625800CE: Entry=155.25, Exit=154.45, P&L=INR -52.00 (-0.52%), Reason=TSL Hit
2026-02-12 13:29:30,703 - INFO - [SIGNAL] HalfTrend BUY detected on NIFTY17FEB2625800CE @ 156.55
2026-02-12 13:29:30,712 - INFO - [ENTRY] Placing BUY order for NIFTY17FEB2625800CE @ 156.55 Qty=65 Type=LIMIT
2026-02-12 13:29:37,059 - INFO - Adopting existing position: NIFTY17FEB2625800CE Qty=65
2026-02-12 13:29:37,069 - INFO - Calculated ATR for adopted position NIFTY17FEB2625800CE: 5.97
2026-02-12 13:29:41,203 - ERROR - Order placement failed: Smart Limit timed out (Strict Mode)
2026-02-12 13:29:50,915 - INFO - [EXIT] NIFTY17FEB2625800CE: TSL Hit: Price 151.30 <= TSL 151.30 (Stage: TRAILING, Cushions: 0/2)
2026-02-12 13:29:54,022 - INFO - Trade logged to Reporting\trades.csv
2026-02-12 13:29:54,022 - INFO - [TRADE CLOSED] NIFTY17FEB2625800CE: Entry=154.30, Exit=151.30, P&L=INR -195.00 (-1.94%), Reason=TSL Hit
2026-02-12 13:29:56,268 - INFO - [SIGNAL] HalfTrend BUY detected on NIFTY17FEB2625800CE @ 156.55
2026-02-12 13:29:56,290 - INFO - [ENTRY] Placing BUY order for NIFTY17FEB2625800CE @ 156.55 Qty=65 Type=LIMIT
2026-02-12 13:29:58,202 - INFO - Adopting existing position: NIFTY17FEB2625800CE Qty=65
2026-02-12 13:29:58,202 - INFO - Calculated ATR for adopted position NIFTY17FEB2625800CE: 5.97
2026-02-12 13:30:06,580 - ERROR - Order placement failed: Smart Limit timed out (Strict Mode)
2026-02-12 13:30:53,423 - INFO - [EXIT] NIFTY17FEB2625800CE: TSL Hit: Price 149.25 <= TSL 151.05 (Stage: TRAILING, Cushions: 0/2)
2026-02-12 13:30:54,253 - INFO - Trade logged to Reporting\trades.csv
2026-02-12 13:30:54,253 - INFO - [TRADE CLOSED] NIFTY17FEB2625800CE: Entry=150.60, Exit=149.25, P&L=INR -87.75 (-0.90%), Reason=TSL Hit
2026-02-12 13:48:59,067 - INFO - [SIGNAL] HalfTrend BUY detected on NIFTY17FEB2625800PE @ 78.35
2026-02-12 13:48:59,071 - INFO - [ENTRY] Placing BUY order for NIFTY17FEB2625800PE @ 78.35 Qty=65 Type=LIMIT
2026-02-12 13:49:05,425 - INFO - Adopting existing position: NIFTY17FEB2625800PE Qty=65
2026-02-12 13:49:05,432 - INFO - Calculated ATR for adopted position NIFTY17FEB2625800PE: 4.26
2026-02-12 13:49:08,517 - ERROR - Order placement failed: Smart Limit timed out (Strict Mode)
2026-02-12 13:50:27,467 - INFO - Configuration reloaded successfully
2026-02-12 13:51:57,068 - INFO - [EXIT] NIFTY17FEB2625800PE: TSL Hit: Price 81.95 <= TSL 81.98 (Stage: G1, Cushions: 0/2)
2026-02-12 13:51:57,857 - INFO - Trade logged to Reporting\trades.csv
2026-02-12 13:51:57,857 - INFO - [TRADE CLOSED] NIFTY17FEB2625800PE: Entry=79.30, Exit=81.95, P&L=INR 172.25 (3.34%), Reason=TSL Hit
2026-02-12 13:51:57,974 - INFO - [SIGNAL] HalfTrend BUY detected on NIFTY17FEB2625800PE @ 82.15
2026-02-12 13:51:57,978 - INFO - [ENTRY] Placing BUY order for NIFTY17FEB2625800PE @ 82.15 Qty=65 Type=LIMIT
2026-02-12 13:52:02,737 - INFO - Adopting existing position: NIFTY17FEB2625800PE Qty=65
2026-02-12 13:52:03,235 - INFO - Calculated ATR for adopted position NIFTY17FEB2625800PE: 4.35
2026-02-12 13:52:06,712 - ERROR - Order placement failed: Smart Limit timed out (Strict Mode)
2026-02-12 13:54:18,828 - INFO - [EXIT] NIFTY17FEB2625800PE: TSL Hit: Price 85.20 <= TSL 85.55 (Stage: G1, Cushions: 0/2)
2026-02-12 13:54:19,219 - INFO - Trade logged to Reporting\trades.csv
2026-02-12 13:54:19,220 - INFO - [TRADE CLOSED] NIFTY17FEB2625800PE: Entry=81.95, Exit=85.20, P&L=INR 211.25 (3.97%), Reason=TSL Hit
2026-02-12 13:56:05,166 - INFO - Shutting down...
2026-02-12 13:56:05,169 - INFO - Trading Engine stopped
2026-02-12 13:56:05,169 - INFO - All engine tasks cleaned up
2026-02-12 13:56:05,169 - INFO - Goodbye!
2026-02-12 13:56:31,832 - INFO - Configuration banner printed
2026-02-12 13:56:32,677 - INFO - OpenAlgo API client initialized (host: http://127.0.0.1:5000)
2026-02-12 13:56:33,092 - INFO - Trading Engine initialized
2026-02-12 13:56:33,093 - INFO - Trading Engine created successfully
2026-02-12 13:56:33,093 - INFO - Starting Trading Engine...
2026-02-12 13:56:36,677 - INFO - [TASK] Signal scanner started
2026-02-12 13:56:36,680 - INFO - [TASK] Risk monitor started
2026-02-12 13:56:36,680 - INFO - [TASK] Position sync started
2026-02-12 13:56:36,680 - INFO - [TASK] WebSocket monitor started
2026-02-12 13:56:36,681 - INFO - [TASK] Config monitor started
2026-02-12 13:56:36,682 - INFO - [TASK] Command monitor started (watching C:\Rahul\06_Nikku\Strategies\Bot-StrikeChart-Halftrend\commands\buy.yaml)
2026-02-12 13:56:38,403 - INFO - Shutting down...
2026-02-12 13:56:38,404 - INFO - Trading Engine stopped
2026-02-12 13:56:38,405 - INFO - All engine tasks cleaned up
2026-02-12 13:56:38,405 - INFO - Goodbye!
2026-02-12 13:56:38,406 - ERROR - _GatheringFuture exception was never retrieved
future: <_GatheringFuture finished exception=CancelledError()>
Traceback (most recent call last):
  File "C:\Rahul\06_Nikku\Strategies\Bot-StrikeChart-Halftrend\core\engine.py", line 791, in fetch_one
    df = await self.data_provider.fetch_history(
         ^^^^^^^^^^^^^^^^^^^^^^^^^^^^^^^^^^^^^^^
  File "C:\Rahul\06_Nikku\Strategies\Bot-StrikeChart-Halftrend\data\provider.py", line 138, in fetch_history
    df = await loop.run_in_executor(
         ^^^^^^^^^^^^^^^^^^^^^^^^^^^
asyncio.exceptions.CancelledError
2026-02-12 13:57:12,845 - INFO - Configuration banner printed
2026-02-12 13:57:13,274 - INFO - OpenAlgo API client initialized (host: http://127.0.0.1:5000)
2026-02-12 13:57:13,695 - INFO - Trading Engine initialized
2026-02-12 13:57:13,695 - INFO - Trading Engine created successfully
2026-02-12 13:57:13,695 - INFO - Starting Trading Engine...
2026-02-12 13:57:16,202 - INFO - [TASK] Signal scanner started
2026-02-12 13:57:18,058 - ERROR - [AUTO] optionsymbol failed for CE: HTTP 404: {"status": "error", "message": "No strikes found for NIFTY expiring 17FEB26. Please check expiry date or update master contract."}

2026-02-12 13:57:18,435 - ERROR - [AUTO] optionsymbol failed for PE: HTTP 404: {"status": "error", "message": "No strikes found for NIFTY expiring 17FEB26. Please check expiry date or update master contract."}

2026-02-12 13:57:18,437 - INFO - [TASK] Risk monitor started
2026-02-12 13:57:18,437 - INFO - [TASK] Position sync started
2026-02-12 13:57:18,437 - INFO - [TASK] WebSocket monitor started
2026-02-12 13:57:18,438 - INFO - [TASK] Config monitor started
2026-02-12 13:57:18,438 - INFO - [TASK] Command monitor started (watching C:\Rahul\06_Nikku\Strategies\Bot-StrikeChart-Halftrend\commands\buy.yaml)
2026-02-12 13:57:24,118 - ERROR - [AUTO] optionsymbol failed for CE: HTTP 404: {"status": "error", "message": "No strikes found for NIFTY expiring 17FEB26. Please check expiry date or update master contract."}

2026-02-12 13:57:24,517 - ERROR - [AUTO] optionsymbol failed for PE: HTTP 404: {"status": "error", "message": "No strikes found for NIFTY expiring 17FEB26. Please check expiry date or update master contract."}

2026-02-12 13:57:30,284 - ERROR - [AUTO] optionsymbol failed for CE: HTTP 404: {"status": "error", "message": "No strikes found for NIFTY expiring 17FEB26. Please check expiry date or update master contract."}

2026-02-12 13:57:30,625 - ERROR - [AUTO] optionsymbol failed for PE: HTTP 404: {"status": "error", "message": "No strikes found for NIFTY expiring 17FEB26. Please check expiry date or update master contract."}

2026-02-12 13:57:36,339 - ERROR - [AUTO] optionsymbol failed for CE: HTTP 404: {"status": "error", "message": "No strikes found for NIFTY expiring 17FEB26. Please check expiry date or update master contract."}

2026-02-12 13:57:36,670 - ERROR - [AUTO] optionsymbol failed for PE: HTTP 404: {"status": "error", "message": "No strikes found for NIFTY expiring 17FEB26. Please check expiry date or update master contract."}

2026-02-12 13:57:42,351 - ERROR - [AUTO] optionsymbol failed for CE: HTTP 404: {"status": "error", "message": "No strikes found for NIFTY expiring 17FEB26. Please check expiry date or update master contract."}

2026-02-12 13:57:42,674 - ERROR - [AUTO] optionsymbol failed for PE: HTTP 404: {"status": "error", "message": "No strikes found for NIFTY expiring 17FEB26. Please check expiry date or update master contract."}

2026-02-12 13:57:48,359 - ERROR - [AUTO] optionsymbol failed for CE: HTTP 404: {"status": "error", "message": "No strikes found for NIFTY expiring 17FEB26. Please check expiry date or update master contract."}

2026-02-12 13:57:48,713 - ERROR - [AUTO] optionsymbol failed for PE: HTTP 404: {"status": "error", "message": "No strikes found for NIFTY expiring 17FEB26. Please check expiry date or update master contract."}

2026-02-12 13:57:54,421 - ERROR - [AUTO] optionsymbol failed for CE: HTTP 404: {"status": "error", "message": "No strikes found for NIFTY expiring 17FEB26. Please check expiry date or update master contract."}

2026-02-12 13:57:54,910 - ERROR - [AUTO] optionsymbol failed for PE: HTTP 404: {"status": "error", "message": "No strikes found for NIFTY expiring 17FEB26. Please check expiry date or update master contract."}

2026-02-12 13:58:00,664 - ERROR - [AUTO] optionsymbol failed for CE: HTTP 404: {"status": "error", "message": "No strikes found for NIFTY expiring 17FEB26. Please check expiry date or update master contract."}

2026-02-12 13:58:01,002 - ERROR - [AUTO] optionsymbol failed for PE: HTTP 404: {"status": "error", "message": "No strikes found for NIFTY expiring 17FEB26. Please check expiry date or update master contract."}

2026-02-12 13:58:06,712 - ERROR - [AUTO] optionsymbol failed for CE: HTTP 404: {"status": "error", "message": "No strikes found for NIFTY expiring 17FEB26. Please check expiry date or update master contract."}

2026-02-12 13:58:07,094 - ERROR - [AUTO] optionsymbol failed for PE: HTTP 404: {"status": "error", "message": "No strikes found for NIFTY expiring 17FEB26. Please check expiry date or update master contract."}

2026-02-12 13:58:12,817 - ERROR - [AUTO] optionsymbol failed for CE: HTTP 404: {"status": "error", "message": "No strikes found for NIFTY expiring 17FEB26. Please check expiry date or update master contract."}

2026-02-12 13:58:13,270 - ERROR - [AUTO] optionsymbol failed for PE: HTTP 404: {"status": "error", "message": "No strikes found for NIFTY expiring 17FEB26. Please check expiry date or update master contract."}

2026-02-12 13:58:18,949 - ERROR - [AUTO] optionsymbol failed for CE: HTTP 404: {"status": "error", "message": "No strikes found for NIFTY expiring 17FEB26. Please check expiry date or update master contract."}

2026-02-12 13:58:19,639 - ERROR - [AUTO] optionsymbol failed for PE: HTTP 404: {"status": "error", "message": "No strikes found for NIFTY expiring 17FEB26. Please check expiry date or update master contract."}

2026-02-12 13:58:25,358 - ERROR - [AUTO] optionsymbol failed for CE: HTTP 404: {"status": "error", "message": "No strikes found for NIFTY expiring 17FEB26. Please check expiry date or update master contract."}

2026-02-12 13:58:25,726 - ERROR - [AUTO] optionsymbol failed for PE: HTTP 404: {"status": "error", "message": "No strikes found for NIFTY expiring 17FEB26. Please check expiry date or update master contract."}

2026-02-12 13:58:31,877 - ERROR - [AUTO] optionsymbol failed for CE: HTTP 404: {"status": "error", "message": "No strikes found for NIFTY expiring 17FEB26. Please check expiry date or update master contract."}

2026-02-12 13:58:32,959 - ERROR - [AUTO] optionsymbol failed for PE: HTTP 404: {"status": "error", "message": "No strikes found for NIFTY expiring 17FEB26. Please check expiry date or update master contract."}

2026-02-12 13:58:38,692 - ERROR - [AUTO] optionsymbol failed for CE: HTTP 404: {"status": "error", "message": "No strikes found for NIFTY expiring 17FEB26. Please check expiry date or update master contract."}

2026-02-12 13:58:39,044 - ERROR - [AUTO] optionsymbol failed for PE: HTTP 404: {"status": "error", "message": "No strikes found for NIFTY expiring 17FEB26. Please check expiry date or update master contract."}

2026-02-12 13:58:44,917 - ERROR - [AUTO] optionsymbol failed for CE: HTTP 404: {"status": "error", "message": "No strikes found for NIFTY expiring 17FEB26. Please check expiry date or update master contract."}

2026-02-12 13:58:45,348 - ERROR - [AUTO] optionsymbol failed for PE: HTTP 404: {"status": "error", "message": "No strikes found for NIFTY expiring 17FEB26. Please check expiry date or update master contract."}

2026-02-12 13:58:51,066 - ERROR - [AUTO] optionsymbol failed for CE: HTTP 404: {"status": "error", "message": "No strikes found for NIFTY expiring 17FEB26. Please check expiry date or update master contract."}

2026-02-12 13:58:51,426 - ERROR - [AUTO] optionsymbol failed for PE: HTTP 404: {"status": "error", "message": "No strikes found for NIFTY expiring 17FEB26. Please check expiry date or update master contract."}

2026-02-12 13:58:57,094 - ERROR - [AUTO] optionsymbol failed for CE: HTTP 404: {"status": "error", "message": "No strikes found for NIFTY expiring 17FEB26. Please check expiry date or update master contract."}

2026-02-12 13:58:57,442 - ERROR - [AUTO] optionsymbol failed for PE: HTTP 404: {"status": "error", "message": "No strikes found for NIFTY expiring 17FEB26. Please check expiry date or update master contract."}

2026-02-12 13:59:03,112 - ERROR - [AUTO] optionsymbol failed for CE: HTTP 404: {"status": "error", "message": "No strikes found for NIFTY expiring 17FEB26. Please check expiry date or update master contract."}

2026-02-12 13:59:03,477 - ERROR - [AUTO] optionsymbol failed for PE: HTTP 404: {"status": "error", "message": "No strikes found for NIFTY expiring 17FEB26. Please check expiry date or update master contract."}

2026-02-12 13:59:09,168 - ERROR - [AUTO] optionsymbol failed for CE: HTTP 404: {"status": "error", "message": "No strikes found for NIFTY expiring 17FEB26. Please check expiry date or update master contract."}

2026-02-12 13:59:09,496 - ERROR - [AUTO] optionsymbol failed for PE: HTTP 404: {"status": "error", "message": "No strikes found for NIFTY expiring 17FEB26. Please check expiry date or update master contract."}

2026-02-12 13:59:15,199 - ERROR - [AUTO] optionsymbol failed for CE: HTTP 404: {"status": "error", "message": "No strikes found for NIFTY expiring 17FEB26. Please check expiry date or update master contract."}

2026-02-12 13:59:15,572 - ERROR - [AUTO] optionsymbol failed for PE: HTTP 404: {"status": "error", "message": "No strikes found for NIFTY expiring 17FEB26. Please check expiry date or update master contract."}

2026-02-12 13:59:21,328 - ERROR - [AUTO] optionsymbol failed for CE: HTTP 404: {"status": "error", "message": "No strikes found for NIFTY expiring 17FEB26. Please check expiry date or update master contract."}

2026-02-12 13:59:21,692 - ERROR - [AUTO] optionsymbol failed for PE: HTTP 404: {"status": "error", "message": "No strikes found for NIFTY expiring 17FEB26. Please check expiry date or update master contract."}

2026-02-12 13:59:27,380 - ERROR - [AUTO] optionsymbol failed for CE: HTTP 404: {"status": "error", "message": "No strikes found for NIFTY expiring 17FEB26. Please check expiry date or update master contract."}

2026-02-12 13:59:27,742 - ERROR - [AUTO] optionsymbol failed for PE: HTTP 404: {"status": "error", "message": "No strikes found for NIFTY expiring 17FEB26. Please check expiry date or update master contract."}

2026-02-12 13:59:33,432 - ERROR - [AUTO] optionsymbol failed for CE: HTTP 404: {"status": "error", "message": "No strikes found for NIFTY expiring 17FEB26. Please check expiry date or update master contract."}

2026-02-12 13:59:33,761 - ERROR - [AUTO] optionsymbol failed for PE: HTTP 404: {"status": "error", "message": "No strikes found for NIFTY expiring 17FEB26. Please check expiry date or update master contract."}

2026-02-12 13:59:39,449 - ERROR - [AUTO] optionsymbol failed for CE: HTTP 404: {"status": "error", "message": "No strikes found for NIFTY expiring 17FEB26. Please check expiry date or update master contract."}

2026-02-12 13:59:39,791 - ERROR - [AUTO] optionsymbol failed for PE: HTTP 404: {"status": "error", "message": "No strikes found for NIFTY expiring 17FEB26. Please check expiry date or update master contract."}

2026-02-12 13:59:45,472 - ERROR - [AUTO] optionsymbol failed for CE: HTTP 404: {"status": "error", "message": "No strikes found for NIFTY expiring 17FEB26. Please check expiry date or update master contract."}

2026-02-12 13:59:45,823 - ERROR - [AUTO] optionsymbol failed for PE: HTTP 404: {"status": "error", "message": "No strikes found for NIFTY expiring 17FEB26. Please check expiry date or update master contract."}

2026-02-12 13:59:51,493 - ERROR - [AUTO] optionsymbol failed for CE: HTTP 404: {"status": "error", "message": "No strikes found for NIFTY expiring 17FEB26. Please check expiry date or update master contract."}

2026-02-12 13:59:51,915 - ERROR - [AUTO] optionsymbol failed for PE: HTTP 404: {"status": "error", "message": "No strikes found for NIFTY expiring 17FEB26. Please check expiry date or update master contract."}

2026-02-12 13:59:57,573 - ERROR - [AUTO] optionsymbol failed for CE: HTTP 404: {"status": "error", "message": "No strikes found for NIFTY expiring 17FEB26. Please check expiry date or update master contract."}

2026-02-12 13:59:57,932 - ERROR - [AUTO] optionsymbol failed for PE: HTTP 404: {"status": "error", "message": "No strikes found for NIFTY expiring 17FEB26. Please check expiry date or update master contract."}

2026-02-12 14:00:03,577 - ERROR - [AUTO] optionsymbol failed for CE: HTTP 404: {"status": "error", "message": "No strikes found for NIFTY expiring 17FEB26. Please check expiry date or update master contract."}

2026-02-12 14:00:03,938 - ERROR - [AUTO] optionsymbol failed for PE: HTTP 404: {"status": "error", "message": "No strikes found for NIFTY expiring 17FEB26. Please check expiry date or update master contract."}

2026-02-12 14:00:09,757 - ERROR - [AUTO] optionsymbol failed for CE: HTTP 404: {"status": "error", "message": "No strikes found for NIFTY expiring 17FEB26. Please check expiry date or update master contract."}

2026-02-12 14:00:10,168 - ERROR - [AUTO] optionsymbol failed for PE: HTTP 404: {"status": "error", "message": "No strikes found for NIFTY expiring 17FEB26. Please check expiry date or update master contract."}

2026-02-12 14:00:17,164 - ERROR - [AUTO] optionsymbol failed for CE: HTTP 404: {"status": "error", "message": "No strikes found for NIFTY expiring 17FEB26. Please check expiry date or update master contract."}

2026-02-12 14:00:17,534 - ERROR - [AUTO] optionsymbol failed for PE: HTTP 404: {"status": "error", "message": "No strikes found for NIFTY expiring 17FEB26. Please check expiry date or update master contract."}

2026-02-12 14:00:23,306 - ERROR - [AUTO] optionsymbol failed for CE: HTTP 404: {"status": "error", "message": "No strikes found for NIFTY expiring 17FEB26. Please check expiry date or update master contract."}

2026-02-12 14:00:23,655 - ERROR - [AUTO] optionsymbol failed for PE: HTTP 404: {"status": "error", "message": "No strikes found for NIFTY expiring 17FEB26. Please check expiry date or update master contract."}

2026-02-12 14:00:29,532 - ERROR - [AUTO] optionsymbol failed for CE: HTTP 404: {"status": "error", "message": "No strikes found for NIFTY expiring 17FEB26. Please check expiry date or update master contract."}

2026-02-12 14:00:29,944 - ERROR - [AUTO] optionsymbol failed for PE: HTTP 404: {"status": "error", "message": "No strikes found for NIFTY expiring 17FEB26. Please check expiry date or update master contract."}

2026-02-12 14:00:35,884 - ERROR - [AUTO] optionsymbol failed for CE: HTTP 404: {"status": "error", "message": "No strikes found for NIFTY expiring 17FEB26. Please check expiry date or update master contract."}

2026-02-12 14:00:36,235 - ERROR - [AUTO] optionsymbol failed for PE: HTTP 404: {"status": "error", "message": "No strikes found for NIFTY expiring 17FEB26. Please check expiry date or update master contract."}

2026-02-12 14:00:41,950 - ERROR - [AUTO] optionsymbol failed for CE: HTTP 404: {"status": "error", "message": "No strikes found for NIFTY expiring 17FEB26. Please check expiry date or update master contract."}

2026-02-12 14:00:42,302 - ERROR - [AUTO] optionsymbol failed for PE: HTTP 404: {"status": "error", "message": "No strikes found for NIFTY expiring 17FEB26. Please check expiry date or update master contract."}

2026-02-12 14:00:47,973 - ERROR - [AUTO] optionsymbol failed for CE: HTTP 404: {"status": "error", "message": "No strikes found for NIFTY expiring 17FEB26. Please check expiry date or update master contract."}

2026-02-12 14:00:48,304 - ERROR - [AUTO] optionsymbol failed for PE: HTTP 404: {"status": "error", "message": "No strikes found for NIFTY expiring 17FEB26. Please check expiry date or update master contract."}

2026-02-12 14:00:53,989 - ERROR - [AUTO] optionsymbol failed for CE: HTTP 404: {"status": "error", "message": "No strikes found for NIFTY expiring 17FEB26. Please check expiry date or update master contract."}

2026-02-12 14:00:54,328 - ERROR - [AUTO] optionsymbol failed for PE: HTTP 404: {"status": "error", "message": "No strikes found for NIFTY expiring 17FEB26. Please check expiry date or update master contract."}

2026-02-12 14:01:00,133 - ERROR - [AUTO] optionsymbol failed for CE: HTTP 404: {"status": "error", "message": "No strikes found for NIFTY expiring 17FEB26. Please check expiry date or update master contract."}

2026-02-12 14:01:00,511 - ERROR - [AUTO] optionsymbol failed for PE: HTTP 404: {"status": "error", "message": "No strikes found for NIFTY expiring 17FEB26. Please check expiry date or update master contract."}

2026-02-12 14:01:06,209 - ERROR - [AUTO] optionsymbol failed for CE: HTTP 404: {"status": "error", "message": "No strikes found for NIFTY expiring 17FEB26. Please check expiry date or update master contract."}

2026-02-12 14:01:06,574 - ERROR - [AUTO] optionsymbol failed for PE: HTTP 404: {"status": "error", "message": "No strikes found for NIFTY expiring 17FEB26. Please check expiry date or update master contract."}

2026-02-12 14:01:12,283 - ERROR - [AUTO] optionsymbol failed for CE: HTTP 404: {"status": "error", "message": "No strikes found for NIFTY expiring 17FEB26. Please check expiry date or update master contract."}

2026-02-12 14:01:12,716 - ERROR - [AUTO] optionsymbol failed for PE: HTTP 404: {"status": "error", "message": "No strikes found for NIFTY expiring 17FEB26. Please check expiry date or update master contract."}

2026-02-12 14:01:18,375 - ERROR - [AUTO] optionsymbol failed for CE: HTTP 404: {"status": "error", "message": "No strikes found for NIFTY expiring 17FEB26. Please check expiry date or update master contract."}

2026-02-12 14:01:18,714 - ERROR - [AUTO] optionsymbol failed for PE: HTTP 404: {"status": "error", "message": "No strikes found for NIFTY expiring 17FEB26. Please check expiry date or update master contract."}

2026-02-12 14:01:24,384 - ERROR - [AUTO] optionsymbol failed for CE: HTTP 404: {"status": "error", "message": "No strikes found for NIFTY expiring 17FEB26. Please check expiry date or update master contract."}

2026-02-12 14:01:24,745 - ERROR - [AUTO] optionsymbol failed for PE: HTTP 404: {"status": "error", "message": "No strikes found for NIFTY expiring 17FEB26. Please check expiry date or update master contract."}

2026-02-12 14:01:30,488 - ERROR - [AUTO] optionsymbol failed for CE: HTTP 404: {"status": "error", "message": "No strikes found for NIFTY expiring 17FEB26. Please check expiry date or update master contract."}

2026-02-12 14:01:30,899 - ERROR - [AUTO] optionsymbol failed for PE: HTTP 404: {"status": "error", "message": "No strikes found for NIFTY expiring 17FEB26. Please check expiry date or update master contract."}

2026-02-12 14:01:37,518 - ERROR - [AUTO] optionsymbol failed for CE: HTTP 404: {"status": "error", "message": "No strikes found for NIFTY expiring 17FEB26. Please check expiry date or update master contract."}

2026-02-12 14:01:38,257 - ERROR - [AUTO] optionsymbol failed for PE: HTTP 404: {"status": "error", "message": "No strikes found for NIFTY expiring 17FEB26. Please check expiry date or update master contract."}

2026-02-12 14:01:43,923 - ERROR - [AUTO] optionsymbol failed for CE: HTTP 404: {"status": "error", "message": "No strikes found for NIFTY expiring 17FEB26. Please check expiry date or update master contract."}

2026-02-12 14:01:44,265 - ERROR - [AUTO] optionsymbol failed for PE: HTTP 404: {"status": "error", "message": "No strikes found for NIFTY expiring 17FEB26. Please check expiry date or update master contract."}

2026-02-12 14:01:50,243 - ERROR - [AUTO] optionsymbol failed for CE: HTTP 404: {"status": "error", "message": "No strikes found for NIFTY expiring 17FEB26. Please check expiry date or update master contract."}

2026-02-12 14:01:50,624 - ERROR - [AUTO] optionsymbol failed for PE: HTTP 404: {"status": "error", "message": "No strikes found for NIFTY expiring 17FEB26. Please check expiry date or update master contract."}

2026-02-12 14:01:56,275 - ERROR - [AUTO] optionsymbol failed for CE: HTTP 404: {"status": "error", "message": "No strikes found for NIFTY expiring 17FEB26. Please check expiry date or update master contract."}

2026-02-12 14:01:56,723 - ERROR - [AUTO] optionsymbol failed for PE: HTTP 404: {"status": "error", "message": "No strikes found for NIFTY expiring 17FEB26. Please check expiry date or update master contract."}

2026-02-12 14:02:02,402 - ERROR - [AUTO] optionsymbol failed for CE: HTTP 404: {"status": "error", "message": "No strikes found for NIFTY expiring 17FEB26. Please check expiry date or update master contract."}

2026-02-12 14:02:02,728 - ERROR - [AUTO] optionsymbol failed for PE: HTTP 404: {"status": "error", "message": "No strikes found for NIFTY expiring 17FEB26. Please check expiry date or update master contract."}

2026-02-12 14:02:08,388 - ERROR - [AUTO] optionsymbol failed for CE: HTTP 404: {"status": "error", "message": "No strikes found for NIFTY expiring 17FEB26. Please check expiry date or update master contract."}

2026-02-12 14:02:08,739 - ERROR - [AUTO] optionsymbol failed for PE: HTTP 404: {"status": "error", "message": "No strikes found for NIFTY expiring 17FEB26. Please check expiry date or update master contract."}

2026-02-12 14:02:14,403 - ERROR - [AUTO] optionsymbol failed for CE: HTTP 404: {"status": "error", "message": "No strikes found for NIFTY expiring 17FEB26. Please check expiry date or update master contract."}

2026-02-12 14:02:14,753 - ERROR - [AUTO] optionsymbol failed for PE: HTTP 404: {"status": "error", "message": "No strikes found for NIFTY expiring 17FEB26. Please check expiry date or update master contract."}

2026-02-12 14:02:20,455 - ERROR - [AUTO] optionsymbol failed for CE: HTTP 404: {"status": "error", "message": "No strikes found for NIFTY expiring 17FEB26. Please check expiry date or update master contract."}

2026-02-12 14:02:20,807 - ERROR - [AUTO] optionsymbol failed for PE: HTTP 404: {"status": "error", "message": "No strikes found for NIFTY expiring 17FEB26. Please check expiry date or update master contract."}

2026-02-12 14:02:26,484 - ERROR - [AUTO] optionsymbol failed for CE: HTTP 404: {"status": "error", "message": "No strikes found for NIFTY expiring 17FEB26. Please check expiry date or update master contract."}

2026-02-12 14:02:26,854 - ERROR - [AUTO] optionsymbol failed for PE: HTTP 404: {"status": "error", "message": "No strikes found for NIFTY expiring 17FEB26. Please check expiry date or update master contract."}

2026-02-12 14:02:32,962 - ERROR - [AUTO] optionsymbol failed for CE: HTTP 404: {"status": "error", "message": "No strikes found for NIFTY expiring 17FEB26. Please check expiry date or update master contract."}

2026-02-12 14:02:33,796 - ERROR - [AUTO] optionsymbol failed for PE: HTTP 404: {"status": "error", "message": "No strikes found for NIFTY expiring 17FEB26. Please check expiry date or update master contract."}

2026-02-12 14:02:42,682 - ERROR - [AUTO] optionsymbol failed for CE: HTTP 404: {"status": "error", "message": "No strikes found for NIFTY expiring 17FEB26. Please check expiry date or update master contract."}

2026-02-12 14:02:44,399 - ERROR - [AUTO] optionsymbol failed for PE: HTTP 404: {"status": "error", "message": "No strikes found for NIFTY expiring 17FEB26. Please check expiry date or update master contract."}

2026-02-12 14:02:56,390 - ERROR - [AUTO] optionsymbol failed for CE: HTTP 404: {"status": "error", "message": "No strikes found for NIFTY expiring 17FEB26. Please check expiry date or update master contract."}

2026-02-12 14:02:57,123 - ERROR - [AUTO] optionsymbol failed for PE: HTTP 404: {"status": "error", "message": "No strikes found for NIFTY expiring 17FEB26. Please check expiry date or update master contract."}

2026-02-12 14:03:03,162 - ERROR - [AUTO] optionsymbol failed for CE: HTTP 404: {"status": "error", "message": "No strikes found for NIFTY expiring 17FEB26. Please check expiry date or update master contract."}

2026-02-12 14:03:03,563 - ERROR - [AUTO] optionsymbol failed for PE: HTTP 404: {"status": "error", "message": "No strikes found for NIFTY expiring 17FEB26. Please check expiry date or update master contract."}

2026-02-12 14:03:09,296 - ERROR - [AUTO] optionsymbol failed for CE: HTTP 404: {"status": "error", "message": "No strikes found for NIFTY expiring 17FEB26. Please check expiry date or update master contract."}

2026-02-12 14:03:09,677 - ERROR - [AUTO] optionsymbol failed for PE: HTTP 404: {"status": "error", "message": "No strikes found for NIFTY expiring 17FEB26. Please check expiry date or update master contract."}

2026-02-12 14:03:15,526 - ERROR - [AUTO] optionsymbol failed for CE: HTTP 404: {"status": "error", "message": "No strikes found for NIFTY expiring 17FEB26. Please check expiry date or update master contract."}

2026-02-12 14:03:15,905 - ERROR - [AUTO] optionsymbol failed for PE: HTTP 404: {"status": "error", "message": "No strikes found for NIFTY expiring 17FEB26. Please check expiry date or update master contract."}

2026-02-12 14:03:21,911 - ERROR - [AUTO] optionsymbol failed for CE: HTTP 404: {"status": "error", "message": "No strikes found for NIFTY expiring 17FEB26. Please check expiry date or update master contract."}

2026-02-12 14:03:22,371 - ERROR - [AUTO] optionsymbol failed for PE: HTTP 404: {"status": "error", "message": "No strikes found for NIFTY expiring 17FEB26. Please check expiry date or update master contract."}

2026-02-12 14:03:29,636 - ERROR - [AUTO] optionsymbol failed for CE: HTTP 404: {"status": "error", "message": "No strikes found for NIFTY expiring 17FEB26. Please check expiry date or update master contract."}

2026-02-12 14:03:30,049 - ERROR - [AUTO] optionsymbol failed for PE: HTTP 404: {"status": "error", "message": "No strikes found for NIFTY expiring 17FEB26. Please check expiry date or update master contract."}

2026-02-12 14:03:35,745 - ERROR - [AUTO] optionsymbol failed for CE: HTTP 404: {"status": "error", "message": "No strikes found for NIFTY expiring 17FEB26. Please check expiry date or update master contract."}

2026-02-12 14:03:36,105 - ERROR - [AUTO] optionsymbol failed for PE: HTTP 404: {"status": "error", "message": "No strikes found for NIFTY expiring 17FEB26. Please check expiry date or update master contract."}

2026-02-12 14:03:41,806 - ERROR - [AUTO] optionsymbol failed for CE: HTTP 404: {"status": "error", "message": "No strikes found for NIFTY expiring 17FEB26. Please check expiry date or update master contract."}

2026-02-12 14:03:42,165 - ERROR - [AUTO] optionsymbol failed for PE: HTTP 404: {"status": "error", "message": "No strikes found for NIFTY expiring 17FEB26. Please check expiry date or update master contract."}

2026-02-12 14:03:47,880 - ERROR - [AUTO] optionsymbol failed for CE: HTTP 404: {"status": "error", "message": "No strikes found for NIFTY expiring 17FEB26. Please check expiry date or update master contract."}

2026-02-12 14:03:48,257 - ERROR - [AUTO] optionsymbol failed for PE: HTTP 404: {"status": "error", "message": "No strikes found for NIFTY expiring 17FEB26. Please check expiry date or update master contract."}

2026-02-12 14:03:53,923 - ERROR - [AUTO] optionsymbol failed for CE: HTTP 404: {"status": "error", "message": "No strikes found for NIFTY expiring 17FEB26. Please check expiry date or update master contract."}

2026-02-12 14:03:54,408 - ERROR - [AUTO] optionsymbol failed for PE: HTTP 404: {"status": "error", "message": "No strikes found for NIFTY expiring 17FEB26. Please check expiry date or update master contract."}

2026-02-12 14:04:00,211 - ERROR - [AUTO] optionsymbol failed for CE: HTTP 404: {"status": "error", "message": "No strikes found for NIFTY expiring 17FEB26. Please check expiry date or update master contract."}

2026-02-12 14:04:00,551 - ERROR - [AUTO] optionsymbol failed for PE: HTTP 404: {"status": "error", "message": "No strikes found for NIFTY expiring 17FEB26. Please check expiry date or update master contract."}

2026-02-12 14:04:06,237 - ERROR - [AUTO] optionsymbol failed for CE: HTTP 404: {"status": "error", "message": "No strikes found for NIFTY expiring 17FEB26. Please check expiry date or update master contract."}

2026-02-12 14:04:06,570 - ERROR - [AUTO] optionsymbol failed for PE: HTTP 404: {"status": "error", "message": "No strikes found for NIFTY expiring 17FEB26. Please check expiry date or update master contract."}

2026-02-12 14:04:12,312 - ERROR - [AUTO] optionsymbol failed for CE: HTTP 404: {"status": "error", "message": "No strikes found for NIFTY expiring 17FEB26. Please check expiry date or update master contract."}

2026-02-12 14:04:12,654 - ERROR - [AUTO] optionsymbol failed for PE: HTTP 404: {"status": "error", "message": "No strikes found for NIFTY expiring 17FEB26. Please check expiry date or update master contract."}

2026-02-12 14:04:18,363 - ERROR - [AUTO] optionsymbol failed for CE: HTTP 404: {"status": "error", "message": "No strikes found for NIFTY expiring 17FEB26. Please check expiry date or update master contract."}

2026-02-12 14:04:18,702 - ERROR - [AUTO] optionsymbol failed for PE: HTTP 404: {"status": "error", "message": "No strikes found for NIFTY expiring 17FEB26. Please check expiry date or update master contract."}

2026-02-12 14:04:24,367 - ERROR - [AUTO] optionsymbol failed for CE: HTTP 404: {"status": "error", "message": "No strikes found for NIFTY expiring 17FEB26. Please check expiry date or update master contract."}

2026-02-12 14:04:24,777 - ERROR - [AUTO] optionsymbol failed for PE: HTTP 404: {"status": "error", "message": "No strikes found for NIFTY expiring 17FEB26. Please check expiry date or update master contract."}

2026-02-12 14:04:30,440 - ERROR - [AUTO] optionsymbol failed for CE: HTTP 404: {"status": "error", "message": "No strikes found for NIFTY expiring 17FEB26. Please check expiry date or update master contract."}

2026-02-12 14:04:30,786 - ERROR - [AUTO] optionsymbol failed for PE: HTTP 404: {"status": "error", "message": "No strikes found for NIFTY expiring 17FEB26. Please check expiry date or update master contract."}

2026-02-12 14:04:36,435 - ERROR - [AUTO] optionsymbol failed for CE: HTTP 404: {"status": "error", "message": "No strikes found for NIFTY expiring 17FEB26. Please check expiry date or update master contract."}

2026-02-12 14:04:36,843 - ERROR - [AUTO] optionsymbol failed for PE: HTTP 404: {"status": "error", "message": "No strikes found for NIFTY expiring 17FEB26. Please check expiry date or update master contract."}

2026-02-12 14:04:42,540 - ERROR - [AUTO] optionsymbol failed for CE: HTTP 404: {"status": "error", "message": "No strikes found for NIFTY expiring 17FEB26. Please check expiry date or update master contract."}

2026-02-12 14:04:42,893 - ERROR - [AUTO] optionsymbol failed for PE: HTTP 404: {"status": "error", "message": "No strikes found for NIFTY expiring 17FEB26. Please check expiry date or update master contract."}

2026-02-12 14:04:49,696 - ERROR - [AUTO] optionsymbol failed for CE: HTTP 404: {"status": "error", "message": "No strikes found for NIFTY expiring 17FEB26. Please check expiry date or update master contract."}

2026-02-12 14:04:50,154 - ERROR - [AUTO] optionsymbol failed for PE: HTTP 404: {"status": "error", "message": "No strikes found for NIFTY expiring 17FEB26. Please check expiry date or update master contract."}

2026-02-12 14:04:55,810 - ERROR - [AUTO] optionsymbol failed for CE: HTTP 404: {"status": "error", "message": "No strikes found for NIFTY expiring 17FEB26. Please check expiry date or update master contract."}

2026-02-12 14:04:56,140 - ERROR - [AUTO] optionsymbol failed for PE: HTTP 404: {"status": "error", "message": "No strikes found for NIFTY expiring 17FEB26. Please check expiry date or update master contract."}

2026-02-12 14:05:01,860 - ERROR - [AUTO] optionsymbol failed for CE: HTTP 404: {"status": "error", "message": "No strikes found for NIFTY expiring 17FEB26. Please check expiry date or update master contract."}

2026-02-12 14:05:02,198 - ERROR - [AUTO] optionsymbol failed for PE: HTTP 404: {"status": "error", "message": "No strikes found for NIFTY expiring 17FEB26. Please check expiry date or update master contract."}

2026-02-12 14:05:07,881 - ERROR - [AUTO] optionsymbol failed for CE: HTTP 404: {"status": "error", "message": "No strikes found for NIFTY expiring 17FEB26. Please check expiry date or update master contract."}

2026-02-12 14:05:08,211 - ERROR - [AUTO] optionsymbol failed for PE: HTTP 404: {"status": "error", "message": "No strikes found for NIFTY expiring 17FEB26. Please check expiry date or update master contract."}

2026-02-12 14:05:13,862 - ERROR - [AUTO] optionsymbol failed for CE: HTTP 404: {"status": "error", "message": "No strikes found for NIFTY expiring 17FEB26. Please check expiry date or update master contract."}

2026-02-12 14:05:14,217 - ERROR - [AUTO] optionsymbol failed for PE: HTTP 404: {"status": "error", "message": "No strikes found for NIFTY expiring 17FEB26. Please check expiry date or update master contract."}

2026-02-12 14:05:19,838 - ERROR - [AUTO] optionsymbol failed for CE: HTTP 404: {"status": "error", "message": "No strikes found for NIFTY expiring 17FEB26. Please check expiry date or update master contract."}

2026-02-12 14:05:20,166 - ERROR - [AUTO] optionsymbol failed for PE: HTTP 404: {"status": "error", "message": "No strikes found for NIFTY expiring 17FEB26. Please check expiry date or update master contract."}

2026-02-12 14:05:25,790 - ERROR - [AUTO] optionsymbol failed for CE: HTTP 404: {"status": "error", "message": "No strikes found for NIFTY expiring 17FEB26. Please check expiry date or update master contract."}

2026-02-12 14:05:26,123 - ERROR - [AUTO] optionsymbol failed for PE: HTTP 404: {"status": "error", "message": "No strikes found for NIFTY expiring 17FEB26. Please check expiry date or update master contract."}

2026-02-12 14:05:31,812 - ERROR - [AUTO] optionsymbol failed for CE: HTTP 404: {"status": "error", "message": "No strikes found for NIFTY expiring 17FEB26. Please check expiry date or update master contract."}

2026-02-12 14:05:32,182 - ERROR - [AUTO] optionsymbol failed for PE: HTTP 404: {"status": "error", "message": "No strikes found for NIFTY expiring 17FEB26. Please check expiry date or update master contract."}

2026-02-12 14:05:37,845 - ERROR - [AUTO] optionsymbol failed for CE: HTTP 404: {"status": "error", "message": "No strikes found for NIFTY expiring 17FEB26. Please check expiry date or update master contract."}

2026-02-12 14:05:38,194 - ERROR - [AUTO] optionsymbol failed for PE: HTTP 404: {"status": "error", "message": "No strikes found for NIFTY expiring 17FEB26. Please check expiry date or update master contract."}

2026-02-12 14:05:44,350 - ERROR - [AUTO] optionsymbol failed for CE: HTTP 404: {"status": "error", "message": "No strikes found for NIFTY expiring 17FEB26. Please check expiry date or update master contract."}

2026-02-12 14:05:45,025 - ERROR - [AUTO] optionsymbol failed for PE: HTTP 404: {"status": "error", "message": "No strikes found for NIFTY expiring 17FEB26. Please check expiry date or update master contract."}

2026-02-12 14:05:51,225 - ERROR - [AUTO] optionsymbol failed for CE: HTTP 404: {"status": "error", "message": "No strikes found for NIFTY expiring 17FEB26. Please check expiry date or update master contract."}

2026-02-12 14:05:51,900 - ERROR - [AUTO] optionsymbol failed for PE: HTTP 404: {"status": "error", "message": "No strikes found for NIFTY expiring 17FEB26. Please check expiry date or update master contract."}

2026-02-12 14:05:57,954 - ERROR - [AUTO] optionsymbol failed for CE: HTTP 404: {"status": "error", "message": "No strikes found for NIFTY expiring 17FEB26. Please check expiry date or update master contract."}

2026-02-12 14:05:59,503 - ERROR - [AUTO] optionsymbol failed for PE: HTTP 404: {"status": "error", "message": "No strikes found for NIFTY expiring 17FEB26. Please check expiry date or update master contract."}

2026-02-12 14:06:05,734 - ERROR - [AUTO] optionsymbol failed for CE: HTTP 404: {"status": "error", "message": "No strikes found for NIFTY expiring 17FEB26. Please check expiry date or update master contract."}

2026-02-12 14:06:06,368 - ERROR - [AUTO] optionsymbol failed for PE: HTTP 404: {"status": "error", "message": "No strikes found for NIFTY expiring 17FEB26. Please check expiry date or update master contract."}

2026-02-12 14:06:12,931 - ERROR - [AUTO] optionsymbol failed for CE: HTTP 404: {"status": "error", "message": "No strikes found for NIFTY expiring 17FEB26. Please check expiry date or update master contract."}

2026-02-12 14:06:13,375 - ERROR - [AUTO] optionsymbol failed for PE: HTTP 404: {"status": "error", "message": "No strikes found for NIFTY expiring 17FEB26. Please check expiry date or update master contract."}

2026-02-12 14:06:19,331 - ERROR - [AUTO] optionsymbol failed for CE: HTTP 404: {"status": "error", "message": "No strikes found for NIFTY expiring 17FEB26. Please check expiry date or update master contract."}

2026-02-12 14:06:19,665 - ERROR - [AUTO] optionsymbol failed for PE: HTTP 404: {"status": "error", "message": "No strikes found for NIFTY expiring 17FEB26. Please check expiry date or update master contract."}

2026-02-12 14:06:25,581 - ERROR - [AUTO] optionsymbol failed for CE: HTTP 404: {"status": "error", "message": "No strikes found for NIFTY expiring 17FEB26. Please check expiry date or update master contract."}

2026-02-12 14:06:25,954 - ERROR - [AUTO] optionsymbol failed for PE: HTTP 404: {"status": "error", "message": "No strikes found for NIFTY expiring 17FEB26. Please check expiry date or update master contract."}

2026-02-12 14:06:31,779 - ERROR - [AUTO] optionsymbol failed for CE: HTTP 404: {"status": "error", "message": "No strikes found for NIFTY expiring 17FEB26. Please check expiry date or update master contract."}

2026-02-12 14:06:32,255 - ERROR - [AUTO] optionsymbol failed for PE: HTTP 404: {"status": "error", "message": "No strikes found for NIFTY expiring 17FEB26. Please check expiry date or update master contract."}

2026-02-12 14:06:37,995 - ERROR - [AUTO] optionsymbol failed for CE: HTTP 404: {"status": "error", "message": "No strikes found for NIFTY expiring 17FEB26. Please check expiry date or update master contract."}

2026-02-12 14:06:38,471 - ERROR - [AUTO] optionsymbol failed for PE: HTTP 404: {"status": "error", "message": "No strikes found for NIFTY expiring 17FEB26. Please check expiry date or update master contract."}

2026-02-12 14:06:45,256 - ERROR - [AUTO] optionsymbol failed for CE: HTTP 404: {"status": "error", "message": "No strikes found for NIFTY expiring 17FEB26. Please check expiry date or update master contract."}

2026-02-12 14:06:49,008 - ERROR - [AUTO] optionsymbol failed for PE: HTTP 404: {"status": "error", "message": "No strikes found for NIFTY expiring 17FEB26. Please check expiry date or update master contract."}

2026-02-12 14:06:57,132 - ERROR - [AUTO] optionsymbol failed for CE: HTTP 404: {"status": "error", "message": "No strikes found for NIFTY expiring 17FEB26. Please check expiry date or update master contract."}

2026-02-12 14:06:58,540 - ERROR - [AUTO] optionsymbol failed for PE: HTTP 404: {"status": "error", "message": "No strikes found for NIFTY expiring 17FEB26. Please check expiry date or update master contract."}

2026-02-12 14:07:08,440 - ERROR - [AUTO] optionsymbol failed for CE: HTTP 404: {"status": "error", "message": "No strikes found for NIFTY expiring 17FEB26. Please check expiry date or update master contract."}

2026-02-12 14:07:09,979 - ERROR - [AUTO] optionsymbol failed for PE: HTTP 404: {"status": "error", "message": "No strikes found for NIFTY expiring 17FEB26. Please check expiry date or update master contract."}

2026-02-12 14:07:15,694 - ERROR - [AUTO] optionsymbol failed for CE: HTTP 404: {"status": "error", "message": "No strikes found for NIFTY expiring 17FEB26. Please check expiry date or update master contract."}

2026-02-12 14:07:16,166 - ERROR - [AUTO] optionsymbol failed for PE: HTTP 404: {"status": "error", "message": "No strikes found for NIFTY expiring 17FEB26. Please check expiry date or update master contract."}

2026-02-12 14:07:21,927 - ERROR - [AUTO] optionsymbol failed for CE: HTTP 404: {"status": "error", "message": "No strikes found for NIFTY expiring 17FEB26. Please check expiry date or update master contract."}

2026-02-12 14:07:22,308 - ERROR - [AUTO] optionsymbol failed for PE: HTTP 404: {"status": "error", "message": "No strikes found for NIFTY expiring 17FEB26. Please check expiry date or update master contract."}

2026-02-12 14:07:28,126 - ERROR - [AUTO] optionsymbol failed for CE: HTTP 404: {"status": "error", "message": "No strikes found for NIFTY expiring 17FEB26. Please check expiry date or update master contract."}

2026-02-12 14:07:29,081 - ERROR - [AUTO] optionsymbol failed for PE: HTTP 404: {"status": "error", "message": "No strikes found for NIFTY expiring 17FEB26. Please check expiry date or update master contract."}

2026-02-12 14:07:35,040 - ERROR - [AUTO] optionsymbol failed for CE: HTTP 404: {"status": "error", "message": "No strikes found for NIFTY expiring 17FEB26. Please check expiry date or update master contract."}

2026-02-12 14:07:35,690 - ERROR - [AUTO] optionsymbol failed for PE: HTTP 404: {"status": "error", "message": "No strikes found for NIFTY expiring 17FEB26. Please check expiry date or update master contract."}

2026-02-12 14:07:42,227 - ERROR - [AUTO] optionsymbol failed for CE: HTTP 404: {"status": "error", "message": "No strikes found for NIFTY expiring 17FEB26. Please check expiry date or update master contract."}

2026-02-12 14:07:42,719 - ERROR - [AUTO] optionsymbol failed for PE: HTTP 404: {"status": "error", "message": "No strikes found for NIFTY expiring 17FEB26. Please check expiry date or update master contract."}

2026-02-12 14:07:48,433 - ERROR - [AUTO] optionsymbol failed for CE: HTTP 404: {"status": "error", "message": "No strikes found for NIFTY expiring 17FEB26. Please check expiry date or update master contract."}

2026-02-12 14:07:48,922 - ERROR - [AUTO] optionsymbol failed for PE: HTTP 404: {"status": "error", "message": "No strikes found for NIFTY expiring 17FEB26. Please check expiry date or update master contract."}

2026-02-12 14:07:54,755 - ERROR - [AUTO] optionsymbol failed for CE: HTTP 404: {"status": "error", "message": "No strikes found for NIFTY expiring 17FEB26. Please check expiry date or update master contract."}

2026-02-12 14:07:55,244 - ERROR - [AUTO] optionsymbol failed for PE: HTTP 404: {"status": "error", "message": "No strikes found for NIFTY expiring 17FEB26. Please check expiry date or update master contract."}

2026-02-12 14:07:57,781 - INFO - Shutting down...
2026-02-12 14:07:57,781 - INFO - Trading Engine stopped
2026-02-12 14:07:57,781 - INFO - All engine tasks cleaned up
2026-02-12 14:07:57,781 - INFO - Goodbye!
2026-02-12 16:19:02,606 - INFO - Configuration banner printed
2026-02-12 16:19:03,449 - INFO - OpenAlgo API client initialized (host: http://127.0.0.1:5000)
2026-02-12 16:19:05,110 - INFO - Trading Engine initialized
2026-02-12 16:19:05,110 - INFO - Trading Engine created successfully
2026-02-12 16:19:05,110 - INFO - Starting Trading Engine...
2026-02-12 16:19:08,208 - INFO - [TASK] Signal scanner started
2026-02-12 16:19:08,856 - ERROR - [AUTO] optionsymbol failed for CE: HTTP 404: {"status": "error", "message": "No strikes found for NIFTY expiring 17FEB26. Please check expiry date or update master contract."}

2026-02-12 16:19:09,204 - ERROR - [AUTO] optionsymbol failed for PE: HTTP 404: {"status": "error", "message": "No strikes found for NIFTY expiring 17FEB26. Please check expiry date or update master contract."}

2026-02-12 16:19:09,204 - INFO - [TASK] Risk monitor started
2026-02-12 16:19:09,206 - INFO - [TASK] Position sync started
2026-02-12 16:19:09,206 - INFO - [TASK] WebSocket monitor started
2026-02-12 16:19:09,206 - INFO - [TASK] Config monitor started
2026-02-12 16:19:09,206 - INFO - [TASK] Command monitor started (watching C:\Rahul\06_Nikku\Strategies\Bot-StrikeChart-Halftrend\commands\buy.yaml)
2026-02-12 16:19:14,788 - ERROR - [AUTO] optionsymbol failed for CE: HTTP 404: {"status": "error", "message": "No strikes found for NIFTY expiring 17FEB26. Please check expiry date or update master contract."}

2026-02-12 16:19:15,093 - ERROR - [AUTO] optionsymbol failed for PE: HTTP 404: {"status": "error", "message": "No strikes found for NIFTY expiring 17FEB26. Please check expiry date or update master contract."}

2026-02-12 16:19:20,728 - ERROR - [AUTO] optionsymbol failed for CE: HTTP 404: {"status": "error", "message": "No strikes found for NIFTY expiring 17FEB26. Please check expiry date or update master contract."}

2026-02-12 16:19:21,039 - ERROR - [AUTO] optionsymbol failed for PE: HTTP 404: {"status": "error", "message": "No strikes found for NIFTY expiring 17FEB26. Please check expiry date or update master contract."}

2026-02-12 16:19:27,378 - ERROR - [AUTO] optionsymbol failed for CE: HTTP 404: {"status": "error", "message": "No strikes found for NIFTY expiring 17FEB26. Please check expiry date or update master contract."}

2026-02-12 16:19:27,939 - ERROR - [AUTO] optionsymbol failed for PE: HTTP 404: {"status": "error", "message": "No strikes found for NIFTY expiring 17FEB26. Please check expiry date or update master contract."}

2026-02-12 16:19:33,593 - ERROR - [AUTO] optionsymbol failed for CE: HTTP 404: {"status": "error", "message": "No strikes found for NIFTY expiring 17FEB26. Please check expiry date or update master contract."}

2026-02-12 16:19:33,906 - ERROR - [AUTO] optionsymbol failed for PE: HTTP 404: {"status": "error", "message": "No strikes found for NIFTY expiring 17FEB26. Please check expiry date or update master contract."}

2026-02-12 16:19:39,560 - ERROR - [AUTO] optionsymbol failed for CE: HTTP 404: {"status": "error", "message": "No strikes found for NIFTY expiring 17FEB26. Please check expiry date or update master contract."}

2026-02-12 16:19:39,930 - ERROR - [AUTO] optionsymbol failed for PE: HTTP 404: {"status": "error", "message": "No strikes found for NIFTY expiring 17FEB26. Please check expiry date or update master contract."}

2026-02-12 16:19:45,929 - ERROR - [AUTO] optionsymbol failed for CE: HTTP 404: {"status": "error", "message": "No strikes found for NIFTY expiring 17FEB26. Please check expiry date or update master contract."}

2026-02-12 16:19:46,310 - ERROR - [AUTO] optionsymbol failed for PE: HTTP 404: {"status": "error", "message": "No strikes found for NIFTY expiring 17FEB26. Please check expiry date or update master contract."}

2026-02-12 16:19:52,312 - ERROR - [AUTO] optionsymbol failed for CE: HTTP 404: {"status": "error", "message": "No strikes found for NIFTY expiring 17FEB26. Please check expiry date or update master contract."}

2026-02-12 16:19:52,864 - ERROR - [AUTO] optionsymbol failed for PE: HTTP 404: {"status": "error", "message": "No strikes found for NIFTY expiring 17FEB26. Please check expiry date or update master contract."}

2026-02-12 16:19:58,736 - ERROR - [AUTO] optionsymbol failed for CE: HTTP 404: {"status": "error", "message": "No strikes found for NIFTY expiring 17FEB26. Please check expiry date or update master contract."}

2026-02-12 16:19:59,224 - ERROR - [AUTO] optionsymbol failed for PE: HTTP 404: {"status": "error", "message": "No strikes found for NIFTY expiring 17FEB26. Please check expiry date or update master contract."}

2026-02-12 16:20:05,212 - ERROR - [AUTO] optionsymbol failed for CE: HTTP 404: {"status": "error", "message": "No strikes found for NIFTY expiring 17FEB26. Please check expiry date or update master contract."}

2026-02-12 16:20:05,765 - ERROR - [AUTO] optionsymbol failed for PE: HTTP 404: {"status": "error", "message": "No strikes found for NIFTY expiring 17FEB26. Please check expiry date or update master contract."}

2026-02-12 16:20:11,833 - ERROR - [AUTO] optionsymbol failed for CE: HTTP 404: {"status": "error", "message": "No strikes found for NIFTY expiring 17FEB26. Please check expiry date or update master contract."}

2026-02-12 16:20:13,285 - ERROR - [AUTO] optionsymbol failed for PE: HTTP 404: {"status": "error", "message": "No strikes found for NIFTY expiring 17FEB26. Please check expiry date or update master contract."}

2026-02-12 16:20:19,231 - ERROR - [AUTO] optionsymbol failed for CE: HTTP 404: {"status": "error", "message": "No strikes found for NIFTY expiring 17FEB26. Please check expiry date or update master contract."}

2026-02-12 16:20:19,719 - ERROR - [AUTO] optionsymbol failed for PE: HTTP 404: {"status": "error", "message": "No strikes found for NIFTY expiring 17FEB26. Please check expiry date or update master contract."}

2026-02-12 16:20:25,718 - ERROR - [AUTO] optionsymbol failed for CE: HTTP 404: {"status": "error", "message": "No strikes found for NIFTY expiring 17FEB26. Please check expiry date or update master contract."}

2026-02-12 16:20:26,298 - ERROR - [AUTO] optionsymbol failed for PE: HTTP 404: {"status": "error", "message": "No strikes found for NIFTY expiring 17FEB26. Please check expiry date or update master contract."}

2026-02-12 16:20:32,191 - ERROR - [AUTO] optionsymbol failed for CE: HTTP 404: {"status": "error", "message": "No strikes found for NIFTY expiring 17FEB26. Please check expiry date or update master contract."}

2026-02-12 16:20:32,697 - ERROR - [AUTO] optionsymbol failed for PE: HTTP 404: {"status": "error", "message": "No strikes found for NIFTY expiring 17FEB26. Please check expiry date or update master contract."}

2026-02-12 16:20:38,775 - ERROR - [AUTO] optionsymbol failed for CE: HTTP 404: {"status": "error", "message": "No strikes found for NIFTY expiring 17FEB26. Please check expiry date or update master contract."}

2026-02-12 16:20:39,096 - ERROR - [AUTO] optionsymbol failed for PE: HTTP 404: {"status": "error", "message": "No strikes found for NIFTY expiring 17FEB26. Please check expiry date or update master contract."}

2026-02-12 16:20:45,076 - ERROR - [AUTO] optionsymbol failed for CE: HTTP 404: {"status": "error", "message": "No strikes found for NIFTY expiring 17FEB26. Please check expiry date or update master contract."}

2026-02-12 16:20:45,648 - ERROR - [AUTO] optionsymbol failed for PE: HTTP 404: {"status": "error", "message": "No strikes found for NIFTY expiring 17FEB26. Please check expiry date or update master contract."}

2026-02-12 16:20:51,856 - ERROR - [AUTO] optionsymbol failed for CE: HTTP 404: {"status": "error", "message": "No strikes found for NIFTY expiring 17FEB26. Please check expiry date or update master contract."}

2026-02-12 16:20:52,378 - ERROR - [AUTO] optionsymbol failed for PE: HTTP 404: {"status": "error", "message": "No strikes found for NIFTY expiring 17FEB26. Please check expiry date or update master contract."}

2026-02-12 16:20:58,454 - ERROR - [AUTO] optionsymbol failed for CE: HTTP 404: {"status": "error", "message": "No strikes found for NIFTY expiring 17FEB26. Please check expiry date or update master contract."}

2026-02-12 16:20:59,707 - ERROR - [AUTO] optionsymbol failed for PE: HTTP 404: {"status": "error", "message": "No strikes found for NIFTY expiring 17FEB26. Please check expiry date or update master contract."}

2026-02-12 16:21:05,749 - ERROR - [AUTO] optionsymbol failed for CE: HTTP 404: {"status": "error", "message": "No strikes found for NIFTY expiring 17FEB26. Please check expiry date or update master contract."}

2026-02-12 16:21:06,256 - ERROR - [AUTO] optionsymbol failed for PE: HTTP 404: {"status": "error", "message": "No strikes found for NIFTY expiring 17FEB26. Please check expiry date or update master contract."}

2026-02-12 16:21:12,264 - ERROR - [AUTO] optionsymbol failed for CE: HTTP 404: {"status": "error", "message": "No strikes found for NIFTY expiring 17FEB26. Please check expiry date or update master contract."}

2026-02-12 16:21:12,745 - ERROR - [AUTO] optionsymbol failed for PE: HTTP 404: {"status": "error", "message": "No strikes found for NIFTY expiring 17FEB26. Please check expiry date or update master contract."}

2026-02-12 16:21:18,772 - ERROR - [AUTO] optionsymbol failed for CE: HTTP 404: {"status": "error", "message": "No strikes found for NIFTY expiring 17FEB26. Please check expiry date or update master contract."}

2026-02-12 16:21:19,264 - ERROR - [AUTO] optionsymbol failed for PE: HTTP 404: {"status": "error", "message": "No strikes found for NIFTY expiring 17FEB26. Please check expiry date or update master contract."}

2026-02-12 16:21:24,915 - ERROR - [AUTO] optionsymbol failed for CE: HTTP 404: {"status": "error", "message": "No strikes found for NIFTY expiring 17FEB26. Please check expiry date or update master contract."}

2026-02-12 16:21:25,488 - ERROR - [AUTO] optionsymbol failed for PE: HTTP 404: {"status": "error", "message": "No strikes found for NIFTY expiring 17FEB26. Please check expiry date or update master contract."}

2026-02-12 16:21:31,482 - ERROR - [AUTO] optionsymbol failed for CE: HTTP 404: {"status": "error", "message": "No strikes found for NIFTY expiring 17FEB26. Please check expiry date or update master contract."}

2026-02-12 16:21:32,044 - ERROR - [AUTO] optionsymbol failed for PE: HTTP 404: {"status": "error", "message": "No strikes found for NIFTY expiring 17FEB26. Please check expiry date or update master contract."}

2026-02-12 16:21:38,158 - ERROR - [AUTO] optionsymbol failed for CE: HTTP 404: {"status": "error", "message": "No strikes found for NIFTY expiring 17FEB26. Please check expiry date or update master contract."}

2026-02-12 16:21:38,681 - ERROR - [AUTO] optionsymbol failed for PE: HTTP 404: {"status": "error", "message": "No strikes found for NIFTY expiring 17FEB26. Please check expiry date or update master contract."}

2026-02-12 16:21:46,061 - ERROR - [AUTO] optionsymbol failed for CE: HTTP 404: {"status": "error", "message": "No strikes found for NIFTY expiring 17FEB26. Please check expiry date or update master contract."}

2026-02-12 16:21:46,663 - ERROR - [AUTO] optionsymbol failed for PE: HTTP 404: {"status": "error", "message": "No strikes found for NIFTY expiring 17FEB26. Please check expiry date or update master contract."}

2026-02-12 16:21:52,681 - ERROR - [AUTO] optionsymbol failed for CE: HTTP 404: {"status": "error", "message": "No strikes found for NIFTY expiring 17FEB26. Please check expiry date or update master contract."}

2026-02-12 16:21:53,188 - ERROR - [AUTO] optionsymbol failed for PE: HTTP 404: {"status": "error", "message": "No strikes found for NIFTY expiring 17FEB26. Please check expiry date or update master contract."}

2026-02-12 16:21:59,300 - ERROR - [AUTO] optionsymbol failed for CE: HTTP 404: {"status": "error", "message": "No strikes found for NIFTY expiring 17FEB26. Please check expiry date or update master contract."}

2026-02-12 16:21:59,904 - ERROR - [AUTO] optionsymbol failed for PE: HTTP 404: {"status": "error", "message": "No strikes found for NIFTY expiring 17FEB26. Please check expiry date or update master contract."}

2026-02-12 16:22:06,069 - ERROR - [AUTO] optionsymbol failed for CE: HTTP 404: {"status": "error", "message": "No strikes found for NIFTY expiring 17FEB26. Please check expiry date or update master contract."}

2026-02-12 16:22:06,656 - ERROR - [AUTO] optionsymbol failed for PE: HTTP 404: {"status": "error", "message": "No strikes found for NIFTY expiring 17FEB26. Please check expiry date or update master contract."}

2026-02-12 16:22:12,710 - ERROR - [AUTO] optionsymbol failed for CE: HTTP 404: {"status": "error", "message": "No strikes found for NIFTY expiring 17FEB26. Please check expiry date or update master contract."}

2026-02-12 16:22:13,312 - ERROR - [AUTO] optionsymbol failed for PE: HTTP 404: {"status": "error", "message": "No strikes found for NIFTY expiring 17FEB26. Please check expiry date or update master contract."}

2026-02-12 16:22:20,486 - ERROR - [AUTO] optionsymbol failed for CE: HTTP 404: {"status": "error", "message": "No strikes found for NIFTY expiring 17FEB26. Please check expiry date or update master contract."}

2026-02-12 16:22:20,980 - ERROR - [AUTO] optionsymbol failed for PE: HTTP 404: {"status": "error", "message": "No strikes found for NIFTY expiring 17FEB26. Please check expiry date or update master contract."}

2026-02-12 16:22:27,212 - ERROR - [AUTO] optionsymbol failed for CE: HTTP 404: {"status": "error", "message": "No strikes found for NIFTY expiring 17FEB26. Please check expiry date or update master contract."}

2026-02-12 16:22:27,923 - ERROR - [AUTO] optionsymbol failed for PE: HTTP 404: {"status": "error", "message": "No strikes found for NIFTY expiring 17FEB26. Please check expiry date or update master contract."}

2026-02-12 16:22:34,099 - ERROR - [AUTO] optionsymbol failed for CE: HTTP 404: {"status": "error", "message": "No strikes found for NIFTY expiring 17FEB26. Please check expiry date or update master contract."}

2026-02-12 16:22:34,658 - ERROR - [AUTO] optionsymbol failed for PE: HTTP 404: {"status": "error", "message": "No strikes found for NIFTY expiring 17FEB26. Please check expiry date or update master contract."}

2026-02-12 16:22:40,838 - ERROR - [AUTO] optionsymbol failed for CE: HTTP 404: {"status": "error", "message": "No strikes found for NIFTY expiring 17FEB26. Please check expiry date or update master contract."}

2026-02-12 16:22:41,364 - ERROR - [AUTO] optionsymbol failed for PE: HTTP 404: {"status": "error", "message": "No strikes found for NIFTY expiring 17FEB26. Please check expiry date or update master contract."}

2026-02-12 16:22:47,558 - ERROR - [AUTO] optionsymbol failed for CE: HTTP 404: {"status": "error", "message": "No strikes found for NIFTY expiring 17FEB26. Please check expiry date or update master contract."}

2026-02-12 16:22:48,099 - ERROR - [AUTO] optionsymbol failed for PE: HTTP 404: {"status": "error", "message": "No strikes found for NIFTY expiring 17FEB26. Please check expiry date or update master contract."}

2026-02-12 16:22:55,145 - ERROR - [AUTO] optionsymbol failed for CE: HTTP 404: {"status": "error", "message": "No strikes found for NIFTY expiring 17FEB26. Please check expiry date or update master contract."}

2026-02-12 16:22:55,671 - ERROR - [AUTO] optionsymbol failed for PE: HTTP 404: {"status": "error", "message": "No strikes found for NIFTY expiring 17FEB26. Please check expiry date or update master contract."}

2026-02-12 16:23:01,830 - ERROR - [AUTO] optionsymbol failed for CE: HTTP 404: {"status": "error", "message": "No strikes found for NIFTY expiring 17FEB26. Please check expiry date or update master contract."}

2026-02-12 16:23:02,428 - ERROR - [AUTO] optionsymbol failed for PE: HTTP 404: {"status": "error", "message": "No strikes found for NIFTY expiring 17FEB26. Please check expiry date or update master contract."}

2026-02-12 16:23:08,618 - ERROR - [AUTO] optionsymbol failed for CE: HTTP 404: {"status": "error", "message": "No strikes found for NIFTY expiring 17FEB26. Please check expiry date or update master contract."}

2026-02-12 16:23:09,180 - ERROR - [AUTO] optionsymbol failed for PE: HTTP 404: {"status": "error", "message": "No strikes found for NIFTY expiring 17FEB26. Please check expiry date or update master contract."}

2026-02-12 16:23:15,340 - ERROR - [AUTO] optionsymbol failed for CE: HTTP 404: {"status": "error", "message": "No strikes found for NIFTY expiring 17FEB26. Please check expiry date or update master contract."}

2026-02-12 16:23:15,906 - ERROR - [AUTO] optionsymbol failed for PE: HTTP 404: {"status": "error", "message": "No strikes found for NIFTY expiring 17FEB26. Please check expiry date or update master contract."}

2026-02-12 16:23:22,140 - ERROR - [AUTO] optionsymbol failed for CE: HTTP 404: {"status": "error", "message": "No strikes found for NIFTY expiring 17FEB26. Please check expiry date or update master contract."}

2026-02-12 16:23:22,688 - ERROR - [AUTO] optionsymbol failed for PE: HTTP 404: {"status": "error", "message": "No strikes found for NIFTY expiring 17FEB26. Please check expiry date or update master contract."}

2026-02-12 16:23:29,631 - ERROR - [AUTO] optionsymbol failed for CE: HTTP 404: {"status": "error", "message": "No strikes found for NIFTY expiring 17FEB26. Please check expiry date or update master contract."}

2026-02-12 16:23:30,230 - ERROR - [AUTO] optionsymbol failed for PE: HTTP 404: {"status": "error", "message": "No strikes found for NIFTY expiring 17FEB26. Please check expiry date or update master contract."}

2026-02-12 16:23:36,368 - ERROR - [AUTO] optionsymbol failed for CE: HTTP 404: {"status": "error", "message": "No strikes found for NIFTY expiring 17FEB26. Please check expiry date or update master contract."}

2026-02-12 16:23:36,837 - ERROR - [AUTO] optionsymbol failed for PE: HTTP 404: {"status": "error", "message": "No strikes found for NIFTY expiring 17FEB26. Please check expiry date or update master contract."}

2026-02-12 16:23:42,930 - ERROR - [AUTO] optionsymbol failed for CE: HTTP 404: {"status": "error", "message": "No strikes found for NIFTY expiring 17FEB26. Please check expiry date or update master contract."}

2026-02-12 16:23:43,514 - ERROR - [AUTO] optionsymbol failed for PE: HTTP 404: {"status": "error", "message": "No strikes found for NIFTY expiring 17FEB26. Please check expiry date or update master contract."}

2026-02-12 16:23:49,659 - ERROR - [AUTO] optionsymbol failed for CE: HTTP 404: {"status": "error", "message": "No strikes found for NIFTY expiring 17FEB26. Please check expiry date or update master contract."}

2026-02-12 16:23:50,180 - ERROR - [AUTO] optionsymbol failed for PE: HTTP 404: {"status": "error", "message": "No strikes found for NIFTY expiring 17FEB26. Please check expiry date or update master contract."}

2026-02-12 16:23:56,260 - ERROR - [AUTO] optionsymbol failed for CE: HTTP 404: {"status": "error", "message": "No strikes found for NIFTY expiring 17FEB26. Please check expiry date or update master contract."}

2026-02-12 16:23:56,767 - ERROR - [AUTO] optionsymbol failed for PE: HTTP 404: {"status": "error", "message": "No strikes found for NIFTY expiring 17FEB26. Please check expiry date or update master contract."}

2026-02-12 16:24:02,956 - ERROR - [AUTO] optionsymbol failed for CE: HTTP 404: {"status": "error", "message": "No strikes found for NIFTY expiring 17FEB26. Please check expiry date or update master contract."}

2026-02-12 16:24:04,239 - ERROR - [AUTO] optionsymbol failed for PE: HTTP 404: {"status": "error", "message": "No strikes found for NIFTY expiring 17FEB26. Please check expiry date or update master contract."}

2026-02-12 16:24:10,486 - ERROR - [AUTO] optionsymbol failed for CE: HTTP 404: {"status": "error", "message": "No strikes found for NIFTY expiring 17FEB26. Please check expiry date or update master contract."}

2026-02-12 16:24:11,030 - ERROR - [AUTO] optionsymbol failed for PE: HTTP 404: {"status": "error", "message": "No strikes found for NIFTY expiring 17FEB26. Please check expiry date or update master contract."}

2026-02-12 16:24:17,130 - ERROR - [AUTO] optionsymbol failed for CE: HTTP 404: {"status": "error", "message": "No strikes found for NIFTY expiring 17FEB26. Please check expiry date or update master contract."}

2026-02-12 16:24:17,693 - ERROR - [AUTO] optionsymbol failed for PE: HTTP 404: {"status": "error", "message": "No strikes found for NIFTY expiring 17FEB26. Please check expiry date or update master contract."}

2026-02-12 16:24:23,704 - ERROR - [AUTO] optionsymbol failed for CE: HTTP 404: {"status": "error", "message": "No strikes found for NIFTY expiring 17FEB26. Please check expiry date or update master contract."}

2026-02-12 16:24:24,199 - ERROR - [AUTO] optionsymbol failed for PE: HTTP 404: {"status": "error", "message": "No strikes found for NIFTY expiring 17FEB26. Please check expiry date or update master contract."}

2026-02-12 16:24:30,370 - ERROR - [AUTO] optionsymbol failed for CE: HTTP 404: {"status": "error", "message": "No strikes found for NIFTY expiring 17FEB26. Please check expiry date or update master contract."}

2026-02-12 16:24:31,014 - ERROR - [AUTO] optionsymbol failed for PE: HTTP 404: {"status": "error", "message": "No strikes found for NIFTY expiring 17FEB26. Please check expiry date or update master contract."}

2026-02-12 16:24:37,187 - ERROR - [AUTO] optionsymbol failed for CE: HTTP 404: {"status": "error", "message": "No strikes found for NIFTY expiring 17FEB26. Please check expiry date or update master contract."}

2026-02-12 16:24:38,508 - ERROR - [AUTO] optionsymbol failed for PE: HTTP 404: {"status": "error", "message": "No strikes found for NIFTY expiring 17FEB26. Please check expiry date or update master contract."}

2026-02-12 16:24:44,860 - ERROR - [AUTO] optionsymbol failed for CE: HTTP 404: {"status": "error", "message": "No strikes found for NIFTY expiring 17FEB26. Please check expiry date or update master contract."}

2026-02-12 16:24:45,471 - ERROR - [AUTO] optionsymbol failed for PE: HTTP 404: {"status": "error", "message": "No strikes found for NIFTY expiring 17FEB26. Please check expiry date or update master contract."}

2026-02-12 16:24:51,556 - ERROR - [AUTO] optionsymbol failed for CE: HTTP 404: {"status": "error", "message": "No strikes found for NIFTY expiring 17FEB26. Please check expiry date or update master contract."}

2026-02-12 16:24:52,099 - ERROR - [AUTO] optionsymbol failed for PE: HTTP 404: {"status": "error", "message": "No strikes found for NIFTY expiring 17FEB26. Please check expiry date or update master contract."}

2026-02-12 16:24:58,349 - ERROR - [AUTO] optionsymbol failed for CE: HTTP 404: {"status": "error", "message": "No strikes found for NIFTY expiring 17FEB26. Please check expiry date or update master contract."}

2026-02-12 16:24:58,833 - ERROR - [AUTO] optionsymbol failed for PE: HTTP 404: {"status": "error", "message": "No strikes found for NIFTY expiring 17FEB26. Please check expiry date or update master contract."}

2026-02-12 16:25:04,794 - ERROR - [AUTO] optionsymbol failed for CE: HTTP 404: {"status": "error", "message": "No strikes found for NIFTY expiring 17FEB26. Please check expiry date or update master contract."}

2026-02-12 16:25:05,433 - ERROR - [AUTO] optionsymbol failed for PE: HTTP 404: {"status": "error", "message": "No strikes found for NIFTY expiring 17FEB26. Please check expiry date or update master contract."}

2026-02-12 16:25:11,556 - ERROR - [AUTO] optionsymbol failed for CE: HTTP 404: {"status": "error", "message": "No strikes found for NIFTY expiring 17FEB26. Please check expiry date or update master contract."}

2026-02-12 16:25:12,708 - ERROR - [AUTO] optionsymbol failed for PE: HTTP 404: {"status": "error", "message": "No strikes found for NIFTY expiring 17FEB26. Please check expiry date or update master contract."}

2026-02-12 16:25:19,020 - ERROR - [AUTO] optionsymbol failed for CE: HTTP 404: {"status": "error", "message": "No strikes found for NIFTY expiring 17FEB26. Please check expiry date or update master contract."}

2026-02-12 16:25:19,584 - ERROR - [AUTO] optionsymbol failed for PE: HTTP 404: {"status": "error", "message": "No strikes found for NIFTY expiring 17FEB26. Please check expiry date or update master contract."}

2026-02-12 16:25:25,780 - ERROR - [AUTO] optionsymbol failed for CE: HTTP 404: {"status": "error", "message": "No strikes found for NIFTY expiring 17FEB26. Please check expiry date or update master contract."}

2026-02-12 16:25:26,399 - ERROR - [AUTO] optionsymbol failed for PE: HTTP 404: {"status": "error", "message": "No strikes found for NIFTY expiring 17FEB26. Please check expiry date or update master contract."}

2026-02-12 16:25:32,549 - ERROR - [AUTO] optionsymbol failed for CE: HTTP 404: {"status": "error", "message": "No strikes found for NIFTY expiring 17FEB26. Please check expiry date or update master contract."}

2026-02-12 16:25:33,149 - ERROR - [AUTO] optionsymbol failed for PE: HTTP 404: {"status": "error", "message": "No strikes found for NIFTY expiring 17FEB26. Please check expiry date or update master contract."}

2026-02-12 16:25:39,275 - ERROR - [AUTO] optionsymbol failed for CE: HTTP 404: {"status": "error", "message": "No strikes found for NIFTY expiring 17FEB26. Please check expiry date or update master contract."}

2026-02-12 16:25:39,853 - ERROR - [AUTO] optionsymbol failed for PE: HTTP 404: {"status": "error", "message": "No strikes found for NIFTY expiring 17FEB26. Please check expiry date or update master contract."}

2026-02-12 16:25:45,956 - ERROR - [AUTO] optionsymbol failed for CE: HTTP 404: {"status": "error", "message": "No strikes found for NIFTY expiring 17FEB26. Please check expiry date or update master contract."}

2026-02-12 16:25:47,381 - ERROR - [AUTO] optionsymbol failed for PE: HTTP 404: {"status": "error", "message": "No strikes found for NIFTY expiring 17FEB26. Please check expiry date or update master contract."}

2026-02-12 16:25:53,516 - ERROR - [AUTO] optionsymbol failed for CE: HTTP 404: {"status": "error", "message": "No strikes found for NIFTY expiring 17FEB26. Please check expiry date or update master contract."}

2026-02-12 16:25:54,169 - ERROR - [AUTO] optionsymbol failed for PE: HTTP 404: {"status": "error", "message": "No strikes found for NIFTY expiring 17FEB26. Please check expiry date or update master contract."}

2026-02-12 16:26:00,306 - ERROR - [AUTO] optionsymbol failed for CE: HTTP 404: {"status": "error", "message": "No strikes found for NIFTY expiring 17FEB26. Please check expiry date or update master contract."}

2026-02-12 16:26:00,804 - ERROR - [AUTO] optionsymbol failed for PE: HTTP 404: {"status": "error", "message": "No strikes found for NIFTY expiring 17FEB26. Please check expiry date or update master contract."}

2026-02-12 16:26:06,845 - ERROR - [AUTO] optionsymbol failed for CE: HTTP 404: {"status": "error", "message": "No strikes found for NIFTY expiring 17FEB26. Please check expiry date or update master contract."}

2026-02-12 16:26:07,416 - ERROR - [AUTO] optionsymbol failed for PE: HTTP 404: {"status": "error", "message": "No strikes found for NIFTY expiring 17FEB26. Please check expiry date or update master contract."}

2026-02-12 16:26:13,554 - ERROR - [AUTO] optionsymbol failed for CE: HTTP 404: {"status": "error", "message": "No strikes found for NIFTY expiring 17FEB26. Please check expiry date or update master contract."}

2026-02-12 16:26:14,111 - ERROR - [AUTO] optionsymbol failed for PE: HTTP 404: {"status": "error", "message": "No strikes found for NIFTY expiring 17FEB26. Please check expiry date or update master contract."}

2026-02-12 16:26:21,414 - ERROR - [AUTO] optionsymbol failed for CE: HTTP 404: {"status": "error", "message": "No strikes found for NIFTY expiring 17FEB26. Please check expiry date or update master contract."}

2026-02-12 16:26:21,986 - ERROR - [AUTO] optionsymbol failed for PE: HTTP 404: {"status": "error", "message": "No strikes found for NIFTY expiring 17FEB26. Please check expiry date or update master contract."}

2026-02-12 16:26:28,256 - ERROR - [AUTO] optionsymbol failed for CE: HTTP 404: {"status": "error", "message": "No strikes found for NIFTY expiring 17FEB26. Please check expiry date or update master contract."}

2026-02-12 16:26:28,956 - ERROR - [AUTO] optionsymbol failed for PE: HTTP 404: {"status": "error", "message": "No strikes found for NIFTY expiring 17FEB26. Please check expiry date or update master contract."}

2026-02-12 16:26:35,130 - ERROR - [AUTO] optionsymbol failed for CE: HTTP 404: {"status": "error", "message": "No strikes found for NIFTY expiring 17FEB26. Please check expiry date or update master contract."}

2026-02-12 16:26:35,752 - ERROR - [AUTO] optionsymbol failed for PE: HTTP 404: {"status": "error", "message": "No strikes found for NIFTY expiring 17FEB26. Please check expiry date or update master contract."}

2026-02-12 16:26:41,906 - ERROR - [AUTO] optionsymbol failed for CE: HTTP 404: {"status": "error", "message": "No strikes found for NIFTY expiring 17FEB26. Please check expiry date or update master contract."}

2026-02-12 16:26:42,363 - ERROR - [AUTO] optionsymbol failed for PE: HTTP 404: {"status": "error", "message": "No strikes found for NIFTY expiring 17FEB26. Please check expiry date or update master contract."}

2026-02-12 16:26:48,413 - ERROR - [AUTO] optionsymbol failed for CE: HTTP 404: {"status": "error", "message": "No strikes found for NIFTY expiring 17FEB26. Please check expiry date or update master contract."}

2026-02-12 16:26:48,987 - ERROR - [AUTO] optionsymbol failed for PE: HTTP 404: {"status": "error", "message": "No strikes found for NIFTY expiring 17FEB26. Please check expiry date or update master contract."}

2026-02-12 16:26:55,960 - ERROR - [AUTO] optionsymbol failed for CE: HTTP 404: {"status": "error", "message": "No strikes found for NIFTY expiring 17FEB26. Please check expiry date or update master contract."}

2026-02-12 16:26:56,483 - ERROR - [AUTO] optionsymbol failed for PE: HTTP 404: {"status": "error", "message": "No strikes found for NIFTY expiring 17FEB26. Please check expiry date or update master contract."}

2026-02-12 16:27:02,638 - ERROR - [AUTO] optionsymbol failed for CE: HTTP 404: {"status": "error", "message": "No strikes found for NIFTY expiring 17FEB26. Please check expiry date or update master contract."}

2026-02-12 16:27:03,231 - ERROR - [AUTO] optionsymbol failed for PE: HTTP 404: {"status": "error", "message": "No strikes found for NIFTY expiring 17FEB26. Please check expiry date or update master contract."}

2026-02-12 16:27:09,457 - ERROR - [AUTO] optionsymbol failed for CE: HTTP 404: {"status": "error", "message": "No strikes found for NIFTY expiring 17FEB26. Please check expiry date or update master contract."}

2026-02-12 16:27:10,018 - ERROR - [AUTO] optionsymbol failed for PE: HTTP 404: {"status": "error", "message": "No strikes found for NIFTY expiring 17FEB26. Please check expiry date or update master contract."}

2026-02-12 16:27:16,057 - ERROR - [AUTO] optionsymbol failed for CE: HTTP 404: {"status": "error", "message": "No strikes found for NIFTY expiring 17FEB26. Please check expiry date or update master contract."}

2026-02-12 16:27:16,580 - ERROR - [AUTO] optionsymbol failed for PE: HTTP 404: {"status": "error", "message": "No strikes found for NIFTY expiring 17FEB26. Please check expiry date or update master contract."}

2026-02-12 16:27:22,636 - ERROR - [AUTO] optionsymbol failed for CE: HTTP 404: {"status": "error", "message": "No strikes found for NIFTY expiring 17FEB26. Please check expiry date or update master contract."}

2026-02-12 16:27:23,208 - ERROR - [AUTO] optionsymbol failed for PE: HTTP 404: {"status": "error", "message": "No strikes found for NIFTY expiring 17FEB26. Please check expiry date or update master contract."}

2026-02-12 16:27:30,038 - ERROR - [AUTO] optionsymbol failed for CE: HTTP 404: {"status": "error", "message": "No strikes found for NIFTY expiring 17FEB26. Please check expiry date or update master contract."}

2026-02-12 16:27:30,591 - ERROR - [AUTO] optionsymbol failed for PE: HTTP 404: {"status": "error", "message": "No strikes found for NIFTY expiring 17FEB26. Please check expiry date or update master contract."}

2026-02-12 16:27:36,734 - ERROR - [AUTO] optionsymbol failed for CE: HTTP 404: {"status": "error", "message": "No strikes found for NIFTY expiring 17FEB26. Please check expiry date or update master contract."}

2026-02-12 16:27:37,299 - ERROR - [AUTO] optionsymbol failed for PE: HTTP 404: {"status": "error", "message": "No strikes found for NIFTY expiring 17FEB26. Please check expiry date or update master contract."}

2026-02-12 16:27:43,354 - ERROR - [AUTO] optionsymbol failed for CE: HTTP 404: {"status": "error", "message": "No strikes found for NIFTY expiring 17FEB26. Please check expiry date or update master contract."}

2026-02-12 16:27:43,890 - ERROR - [AUTO] optionsymbol failed for PE: HTTP 404: {"status": "error", "message": "No strikes found for NIFTY expiring 17FEB26. Please check expiry date or update master contract."}

2026-02-12 16:27:49,904 - ERROR - [AUTO] optionsymbol failed for CE: HTTP 404: {"status": "error", "message": "No strikes found for NIFTY expiring 17FEB26. Please check expiry date or update master contract."}

2026-02-12 16:27:50,416 - ERROR - [AUTO] optionsymbol failed for PE: HTTP 404: {"status": "error", "message": "No strikes found for NIFTY expiring 17FEB26. Please check expiry date or update master contract."}

2026-02-12 16:27:56,458 - ERROR - [AUTO] optionsymbol failed for CE: HTTP 404: {"status": "error", "message": "No strikes found for NIFTY expiring 17FEB26. Please check expiry date or update master contract."}

2026-02-12 16:27:56,983 - ERROR - [AUTO] optionsymbol failed for PE: HTTP 404: {"status": "error", "message": "No strikes found for NIFTY expiring 17FEB26. Please check expiry date or update master contract."}

2026-02-12 16:28:03,556 - ERROR - [AUTO] optionsymbol failed for CE: HTTP 404: {"status": "error", "message": "No strikes found for NIFTY expiring 17FEB26. Please check expiry date or update master contract."}

2026-02-12 16:28:04,271 - ERROR - [AUTO] optionsymbol failed for PE: HTTP 404: {"status": "error", "message": "No strikes found for NIFTY expiring 17FEB26. Please check expiry date or update master contract."}

2026-02-12 16:28:10,309 - ERROR - [AUTO] optionsymbol failed for CE: HTTP 404: {"status": "error", "message": "No strikes found for NIFTY expiring 17FEB26. Please check expiry date or update master contract."}

2026-02-12 16:28:10,930 - ERROR - [AUTO] optionsymbol failed for PE: HTTP 404: {"status": "error", "message": "No strikes found for NIFTY expiring 17FEB26. Please check expiry date or update master contract."}

2026-02-12 16:28:16,999 - ERROR - [AUTO] optionsymbol failed for CE: HTTP 404: {"status": "error", "message": "No strikes found for NIFTY expiring 17FEB26. Please check expiry date or update master contract."}

2026-02-12 16:28:17,490 - ERROR - [AUTO] optionsymbol failed for PE: HTTP 404: {"status": "error", "message": "No strikes found for NIFTY expiring 17FEB26. Please check expiry date or update master contract."}

2026-02-12 16:28:23,473 - ERROR - [AUTO] optionsymbol failed for CE: HTTP 404: {"status": "error", "message": "No strikes found for NIFTY expiring 17FEB26. Please check expiry date or update master contract."}

2026-02-12 16:28:23,950 - ERROR - [AUTO] optionsymbol failed for PE: HTTP 404: {"status": "error", "message": "No strikes found for NIFTY expiring 17FEB26. Please check expiry date or update master contract."}

2026-02-12 16:28:30,186 - ERROR - [AUTO] optionsymbol failed for CE: HTTP 404: {"status": "error", "message": "No strikes found for NIFTY expiring 17FEB26. Please check expiry date or update master contract."}

2026-02-12 16:28:30,757 - ERROR - [AUTO] optionsymbol failed for PE: HTTP 404: {"status": "error", "message": "No strikes found for NIFTY expiring 17FEB26. Please check expiry date or update master contract."}

2026-02-12 16:28:37,016 - ERROR - [AUTO] optionsymbol failed for CE: HTTP 404: {"status": "error", "message": "No strikes found for NIFTY expiring 17FEB26. Please check expiry date or update master contract."}

2026-02-12 16:28:38,404 - ERROR - [AUTO] optionsymbol failed for PE: HTTP 404: {"status": "error", "message": "No strikes found for NIFTY expiring 17FEB26. Please check expiry date or update master contract."}

2026-02-12 16:28:44,576 - ERROR - [AUTO] optionsymbol failed for CE: HTTP 404: {"status": "error", "message": "No strikes found for NIFTY expiring 17FEB26. Please check expiry date or update master contract."}

2026-02-12 16:28:45,214 - ERROR - [AUTO] optionsymbol failed for PE: HTTP 404: {"status": "error", "message": "No strikes found for NIFTY expiring 17FEB26. Please check expiry date or update master contract."}

2026-02-12 16:28:51,334 - ERROR - [AUTO] optionsymbol failed for CE: HTTP 404: {"status": "error", "message": "No strikes found for NIFTY expiring 17FEB26. Please check expiry date or update master contract."}

2026-02-12 16:28:51,920 - ERROR - [AUTO] optionsymbol failed for PE: HTTP 404: {"status": "error", "message": "No strikes found for NIFTY expiring 17FEB26. Please check expiry date or update master contract."}

2026-02-12 16:28:58,031 - ERROR - [AUTO] optionsymbol failed for CE: HTTP 404: {"status": "error", "message": "No strikes found for NIFTY expiring 17FEB26. Please check expiry date or update master contract."}

2026-02-12 16:28:58,730 - ERROR - [AUTO] optionsymbol failed for PE: HTTP 404: {"status": "error", "message": "No strikes found for NIFTY expiring 17FEB26. Please check expiry date or update master contract."}

2026-02-12 16:29:05,013 - ERROR - [AUTO] optionsymbol failed for CE: HTTP 404: {"status": "error", "message": "No strikes found for NIFTY expiring 17FEB26. Please check expiry date or update master contract."}

2026-02-12 16:29:05,617 - ERROR - [AUTO] optionsymbol failed for PE: HTTP 404: {"status": "error", "message": "No strikes found for NIFTY expiring 17FEB26. Please check expiry date or update master contract."}

2026-02-12 16:29:13,360 - ERROR - [AUTO] optionsymbol failed for CE: HTTP 404: {"status": "error", "message": "No strikes found for NIFTY expiring 17FEB26. Please check expiry date or update master contract."}

2026-02-12 16:29:13,962 - ERROR - [AUTO] optionsymbol failed for PE: HTTP 404: {"status": "error", "message": "No strikes found for NIFTY expiring 17FEB26. Please check expiry date or update master contract."}

2026-02-12 16:29:20,088 - ERROR - [AUTO] optionsymbol failed for CE: HTTP 404: {"status": "error", "message": "No strikes found for NIFTY expiring 17FEB26. Please check expiry date or update master contract."}

2026-02-12 16:29:20,730 - ERROR - [AUTO] optionsymbol failed for PE: HTTP 404: {"status": "error", "message": "No strikes found for NIFTY expiring 17FEB26. Please check expiry date or update master contract."}

2026-02-12 16:29:26,890 - ERROR - [AUTO] optionsymbol failed for CE: HTTP 404: {"status": "error", "message": "No strikes found for NIFTY expiring 17FEB26. Please check expiry date or update master contract."}

2026-02-12 16:29:27,556 - ERROR - [AUTO] optionsymbol failed for PE: HTTP 404: {"status": "error", "message": "No strikes found for NIFTY expiring 17FEB26. Please check expiry date or update master contract."}

2026-02-12 16:29:33,806 - ERROR - [AUTO] optionsymbol failed for CE: HTTP 404: {"status": "error", "message": "No strikes found for NIFTY expiring 17FEB26. Please check expiry date or update master contract."}

2026-02-12 16:29:35,168 - ERROR - [AUTO] optionsymbol failed for PE: HTTP 404: {"status": "error", "message": "No strikes found for NIFTY expiring 17FEB26. Please check expiry date or update master contract."}

2026-02-12 16:29:41,300 - ERROR - [AUTO] optionsymbol failed for CE: HTTP 404: {"status": "error", "message": "No strikes found for NIFTY expiring 17FEB26. Please check expiry date or update master contract."}

2026-02-12 16:29:41,851 - ERROR - [AUTO] optionsymbol failed for PE: HTTP 404: {"status": "error", "message": "No strikes found for NIFTY expiring 17FEB26. Please check expiry date or update master contract."}

2026-02-12 16:29:47,942 - ERROR - [AUTO] optionsymbol failed for CE: HTTP 404: {"status": "error", "message": "No strikes found for NIFTY expiring 17FEB26. Please check expiry date or update master contract."}

2026-02-12 16:29:48,560 - ERROR - [AUTO] optionsymbol failed for PE: HTTP 404: {"status": "error", "message": "No strikes found for NIFTY expiring 17FEB26. Please check expiry date or update master contract."}

2026-02-12 16:29:54,601 - ERROR - [AUTO] optionsymbol failed for CE: HTTP 404: {"status": "error", "message": "No strikes found for NIFTY expiring 17FEB26. Please check expiry date or update master contract."}

2026-02-12 16:29:55,199 - ERROR - [AUTO] optionsymbol failed for PE: HTTP 404: {"status": "error", "message": "No strikes found for NIFTY expiring 17FEB26. Please check expiry date or update master contract."}

2026-02-12 16:30:01,680 - ERROR - [AUTO] optionsymbol failed for CE: HTTP 404: {"status": "error", "message": "No strikes found for NIFTY expiring 17FEB26. Please check expiry date or update master contract."}

2026-02-12 16:30:02,341 - ERROR - [AUTO] optionsymbol failed for PE: HTTP 404: {"status": "error", "message": "No strikes found for NIFTY expiring 17FEB26. Please check expiry date or update master contract."}

2026-02-12 16:30:08,980 - ERROR - [AUTO] optionsymbol failed for CE: HTTP 404: {"status": "error", "message": "No strikes found for NIFTY expiring 17FEB26. Please check expiry date or update master contract."}

2026-02-12 16:30:09,930 - ERROR - [AUTO] optionsymbol failed for PE: HTTP 404: {"status": "error", "message": "No strikes found for NIFTY expiring 17FEB26. Please check expiry date or update master contract."}

2026-02-12 16:30:16,004 - ERROR - [AUTO] optionsymbol failed for CE: HTTP 404: {"status": "error", "message": "No strikes found for NIFTY expiring 17FEB26. Please check expiry date or update master contract."}

2026-02-12 16:30:16,513 - ERROR - [AUTO] optionsymbol failed for PE: HTTP 404: {"status": "error", "message": "No strikes found for NIFTY expiring 17FEB26. Please check expiry date or update master contract."}

2026-02-12 16:30:22,682 - ERROR - [AUTO] optionsymbol failed for CE: HTTP 404: {"status": "error", "message": "No strikes found for NIFTY expiring 17FEB26. Please check expiry date or update master contract."}

2026-02-12 16:30:23,330 - ERROR - [AUTO] optionsymbol failed for PE: HTTP 404: {"status": "error", "message": "No strikes found for NIFTY expiring 17FEB26. Please check expiry date or update master contract."}

2026-02-12 16:30:29,516 - ERROR - [AUTO] optionsymbol failed for CE: HTTP 404: {"status": "error", "message": "No strikes found for NIFTY expiring 17FEB26. Please check expiry date or update master contract."}

2026-02-12 16:30:30,190 - ERROR - [AUTO] optionsymbol failed for PE: HTTP 404: {"status": "error", "message": "No strikes found for NIFTY expiring 17FEB26. Please check expiry date or update master contract."}

2026-02-12 16:30:36,449 - ERROR - [AUTO] optionsymbol failed for CE: HTTP 404: {"status": "error", "message": "No strikes found for NIFTY expiring 17FEB26. Please check expiry date or update master contract."}

2026-02-12 16:30:37,106 - ERROR - [AUTO] optionsymbol failed for PE: HTTP 404: {"status": "error", "message": "No strikes found for NIFTY expiring 17FEB26. Please check expiry date or update master contract."}

2026-02-12 16:30:43,950 - ERROR - [AUTO] optionsymbol failed for CE: HTTP 404: {"status": "error", "message": "No strikes found for NIFTY expiring 17FEB26. Please check expiry date or update master contract."}

2026-02-12 16:30:44,486 - ERROR - [AUTO] optionsymbol failed for PE: HTTP 404: {"status": "error", "message": "No strikes found for NIFTY expiring 17FEB26. Please check expiry date or update master contract."}

2026-02-12 16:30:50,710 - ERROR - [AUTO] optionsymbol failed for CE: HTTP 404: {"status": "error", "message": "No strikes found for NIFTY expiring 17FEB26. Please check expiry date or update master contract."}

2026-02-12 16:30:51,314 - ERROR - [AUTO] optionsymbol failed for PE: HTTP 404: {"status": "error", "message": "No strikes found for NIFTY expiring 17FEB26. Please check expiry date or update master contract."}

2026-02-12 16:30:57,392 - ERROR - [AUTO] optionsymbol failed for CE: HTTP 404: {"status": "error", "message": "No strikes found for NIFTY expiring 17FEB26. Please check expiry date or update master contract."}

2026-02-12 16:30:57,949 - ERROR - [AUTO] optionsymbol failed for PE: HTTP 404: {"status": "error", "message": "No strikes found for NIFTY expiring 17FEB26. Please check expiry date or update master contract."}

2026-02-12 16:31:04,236 - ERROR - [AUTO] optionsymbol failed for CE: HTTP 404: {"status": "error", "message": "No strikes found for NIFTY expiring 17FEB26. Please check expiry date or update master contract."}

2026-02-12 16:31:04,922 - ERROR - [AUTO] optionsymbol failed for PE: HTTP 404: {"status": "error", "message": "No strikes found for NIFTY expiring 17FEB26. Please check expiry date or update master contract."}

2026-02-13 13:50:31,774 - INFO - Configuration banner printed
2026-02-13 13:50:32,718 - INFO - OpenAlgo API client initialized (host: http://127.0.0.1:5000)
2026-02-13 13:50:35,144 - ERROR - API Connection Failed: Failed to connect to the server. Please check if the server is running.
2026-02-13 13:50:35,149 - INFO - Trading Engine initialized
2026-02-13 13:50:35,149 - INFO - Trading Engine created successfully
2026-02-13 13:50:35,149 - INFO - Starting Trading Engine...
2026-02-13 13:50:37,173 - ERROR - [WinError 10061] No connection could be made because the target machine actively refused it - goodbye
2026-02-13 13:50:42,168 - WARNING - WebSocket connection failed: No active socket found after connect()
2026-02-13 13:50:42,168 - CRITICAL - WebSocket connection failed. Aborting startup.
2026-02-13 13:50:42,168 - INFO - Goodbye!
2026-02-13 13:54:15,721 - INFO - Configuration banner printed
2026-02-13 13:54:16,125 - INFO - OpenAlgo API client initialized (host: http://127.0.0.1:5000)
2026-02-13 13:54:17,410 - INFO - Trading Engine initialized
2026-02-13 13:54:17,410 - INFO - Trading Engine created successfully
2026-02-13 13:54:17,410 - INFO - Starting Trading Engine...
2026-02-13 13:54:20,427 - INFO - [TASK] Signal scanner started
2026-02-13 13:54:21,077 - ERROR - [AUTO] optionsymbol failed for CE: HTTP 404: {"status": "error", "message": "No strikes found for NIFTY expiring 17FEB26. Please check expiry date or update master contract."}

2026-02-13 13:54:21,403 - ERROR - [AUTO] optionsymbol failed for PE: HTTP 404: {"status": "error", "message": "No strikes found for NIFTY expiring 17FEB26. Please check expiry date or update master contract."}

2026-02-13 13:54:21,404 - INFO - [TASK] Risk monitor started
2026-02-13 13:54:21,404 - INFO - [TASK] Position sync started
2026-02-13 13:54:21,405 - INFO - [TASK] WebSocket monitor started
2026-02-13 13:54:21,405 - INFO - [TASK] Config monitor started
2026-02-13 13:54:21,406 - INFO - [TASK] Command monitor started (watching C:\Rahul\06_Nikku\Strategies\Bot-StrikeChart-Halftrend\commands\buy.yaml)
2026-02-13 13:54:27,000 - ERROR - [AUTO] optionsymbol failed for CE: HTTP 404: {"status": "error", "message": "No strikes found for NIFTY expiring 17FEB26. Please check expiry date or update master contract."}

2026-02-13 13:54:27,305 - ERROR - [AUTO] optionsymbol failed for PE: HTTP 404: {"status": "error", "message": "No strikes found for NIFTY expiring 17FEB26. Please check expiry date or update master contract."}

2026-02-13 13:54:32,905 - ERROR - [AUTO] optionsymbol failed for CE: HTTP 404: {"status": "error", "message": "No strikes found for NIFTY expiring 17FEB26. Please check expiry date or update master contract."}

2026-02-13 13:54:33,321 - ERROR - [AUTO] optionsymbol failed for PE: HTTP 404: {"status": "error", "message": "No strikes found for NIFTY expiring 17FEB26. Please check expiry date or update master contract."}

2026-02-13 13:54:40,008 - ERROR - [AUTO] optionsymbol failed for CE: HTTP 404: {"status": "error", "message": "No strikes found for NIFTY expiring 17FEB26. Please check expiry date or update master contract."}

2026-02-13 13:54:40,349 - ERROR - [AUTO] optionsymbol failed for PE: HTTP 404: {"status": "error", "message": "No strikes found for NIFTY expiring 17FEB26. Please check expiry date or update master contract."}

2026-02-13 13:54:46,124 - ERROR - [AUTO] optionsymbol failed for CE: HTTP 404: {"status": "error", "message": "No strikes found for NIFTY expiring 17FEB26. Please check expiry date or update master contract."}

2026-02-13 13:54:46,455 - ERROR - [AUTO] optionsymbol failed for PE: HTTP 404: {"status": "error", "message": "No strikes found for NIFTY expiring 17FEB26. Please check expiry date or update master contract."}

2026-02-13 13:54:52,077 - ERROR - [AUTO] optionsymbol failed for CE: HTTP 404: {"status": "error", "message": "No strikes found for NIFTY expiring 17FEB26. Please check expiry date or update master contract."}

2026-02-13 13:54:52,413 - ERROR - [AUTO] optionsymbol failed for PE: HTTP 404: {"status": "error", "message": "No strikes found for NIFTY expiring 17FEB26. Please check expiry date or update master contract."}

2026-02-13 13:54:58,137 - ERROR - [AUTO] optionsymbol failed for CE: HTTP 404: {"status": "error", "message": "No strikes found for NIFTY expiring 17FEB26. Please check expiry date or update master contract."}

2026-02-13 13:54:58,489 - ERROR - [AUTO] optionsymbol failed for PE: HTTP 404: {"status": "error", "message": "No strikes found for NIFTY expiring 17FEB26. Please check expiry date or update master contract."}

2026-02-13 13:55:04,413 - ERROR - [AUTO] optionsymbol failed for CE: HTTP 404: {"status": "error", "message": "No strikes found for NIFTY expiring 17FEB26. Please check expiry date or update master contract."}

2026-02-13 13:55:04,791 - ERROR - [AUTO] optionsymbol failed for PE: HTTP 404: {"status": "error", "message": "No strikes found for NIFTY expiring 17FEB26. Please check expiry date or update master contract."}

2026-02-13 13:55:10,469 - ERROR - [AUTO] optionsymbol failed for CE: HTTP 404: {"status": "error", "message": "No strikes found for NIFTY expiring 17FEB26. Please check expiry date or update master contract."}

2026-02-13 13:55:10,937 - ERROR - [AUTO] optionsymbol failed for PE: HTTP 404: {"status": "error", "message": "No strikes found for NIFTY expiring 17FEB26. Please check expiry date or update master contract."}

2026-02-13 13:55:16,662 - ERROR - [AUTO] optionsymbol failed for CE: HTTP 404: {"status": "error", "message": "No strikes found for NIFTY expiring 17FEB26. Please check expiry date or update master contract."}

2026-02-13 13:55:16,996 - ERROR - [AUTO] optionsymbol failed for PE: HTTP 404: {"status": "error", "message": "No strikes found for NIFTY expiring 17FEB26. Please check expiry date or update master contract."}

2026-02-13 13:55:22,682 - ERROR - [AUTO] optionsymbol failed for CE: HTTP 404: {"status": "error", "message": "No strikes found for NIFTY expiring 17FEB26. Please check expiry date or update master contract."}

2026-02-13 13:55:23,008 - ERROR - [AUTO] optionsymbol failed for PE: HTTP 404: {"status": "error", "message": "No strikes found for NIFTY expiring 17FEB26. Please check expiry date or update master contract."}

2026-02-13 13:55:28,689 - ERROR - [AUTO] optionsymbol failed for CE: HTTP 404: {"status": "error", "message": "No strikes found for NIFTY expiring 17FEB26. Please check expiry date or update master contract."}

2026-02-13 13:55:29,058 - ERROR - [AUTO] optionsymbol failed for PE: HTTP 404: {"status": "error", "message": "No strikes found for NIFTY expiring 17FEB26. Please check expiry date or update master contract."}

2026-02-13 13:55:35,684 - ERROR - [AUTO] optionsymbol failed for CE: HTTP 404: {"status": "error", "message": "No strikes found for NIFTY expiring 17FEB26. Please check expiry date or update master contract."}

2026-02-13 13:55:35,999 - ERROR - [AUTO] optionsymbol failed for PE: HTTP 404: {"status": "error", "message": "No strikes found for NIFTY expiring 17FEB26. Please check expiry date or update master contract."}

2026-02-13 13:55:41,638 - ERROR - [AUTO] optionsymbol failed for CE: HTTP 404: {"status": "error", "message": "No strikes found for NIFTY expiring 17FEB26. Please check expiry date or update master contract."}

2026-02-13 13:55:41,960 - ERROR - [AUTO] optionsymbol failed for PE: HTTP 404: {"status": "error", "message": "No strikes found for NIFTY expiring 17FEB26. Please check expiry date or update master contract."}

2026-02-13 13:55:47,582 - ERROR - [AUTO] optionsymbol failed for CE: HTTP 404: {"status": "error", "message": "No strikes found for NIFTY expiring 17FEB26. Please check expiry date or update master contract."}

2026-02-13 13:55:47,896 - ERROR - [AUTO] optionsymbol failed for PE: HTTP 404: {"status": "error", "message": "No strikes found for NIFTY expiring 17FEB26. Please check expiry date or update master contract."}

2026-02-13 13:55:54,163 - ERROR - [AUTO] optionsymbol failed for CE: HTTP 404: {"status": "error", "message": "No strikes found for NIFTY expiring 17FEB26. Please check expiry date or update master contract."}

2026-02-13 13:55:54,500 - ERROR - [AUTO] optionsymbol failed for PE: HTTP 404: {"status": "error", "message": "No strikes found for NIFTY expiring 17FEB26. Please check expiry date or update master contract."}

2026-02-13 13:56:00,089 - ERROR - [AUTO] optionsymbol failed for CE: HTTP 404: {"status": "error", "message": "No strikes found for NIFTY expiring 17FEB26. Please check expiry date or update master contract."}

2026-02-13 13:56:00,411 - ERROR - [AUTO] optionsymbol failed for PE: HTTP 404: {"status": "error", "message": "No strikes found for NIFTY expiring 17FEB26. Please check expiry date or update master contract."}

2026-02-13 13:56:06,016 - ERROR - [AUTO] optionsymbol failed for CE: HTTP 404: {"status": "error", "message": "No strikes found for NIFTY expiring 17FEB26. Please check expiry date or update master contract."}

2026-02-13 13:56:06,343 - ERROR - [AUTO] optionsymbol failed for PE: HTTP 404: {"status": "error", "message": "No strikes found for NIFTY expiring 17FEB26. Please check expiry date or update master contract."}

2026-02-13 13:56:11,959 - ERROR - [AUTO] optionsymbol failed for CE: HTTP 404: {"status": "error", "message": "No strikes found for NIFTY expiring 17FEB26. Please check expiry date or update master contract."}

2026-02-13 13:56:12,290 - ERROR - [AUTO] optionsymbol failed for PE: HTTP 404: {"status": "error", "message": "No strikes found for NIFTY expiring 17FEB26. Please check expiry date or update master contract."}

2026-02-13 13:56:17,907 - ERROR - [AUTO] optionsymbol failed for CE: HTTP 404: {"status": "error", "message": "No strikes found for NIFTY expiring 17FEB26. Please check expiry date or update master contract."}

2026-02-13 13:56:18,267 - ERROR - [AUTO] optionsymbol failed for PE: HTTP 404: {"status": "error", "message": "No strikes found for NIFTY expiring 17FEB26. Please check expiry date or update master contract."}

2026-02-13 13:56:23,859 - ERROR - [AUTO] optionsymbol failed for CE: HTTP 404: {"status": "error", "message": "No strikes found for NIFTY expiring 17FEB26. Please check expiry date or update master contract."}

2026-02-13 13:56:24,154 - ERROR - [AUTO] optionsymbol failed for PE: HTTP 404: {"status": "error", "message": "No strikes found for NIFTY expiring 17FEB26. Please check expiry date or update master contract."}

2026-02-13 13:56:29,753 - ERROR - [AUTO] optionsymbol failed for CE: HTTP 404: {"status": "error", "message": "No strikes found for NIFTY expiring 17FEB26. Please check expiry date or update master contract."}

2026-02-13 13:56:30,872 - ERROR - [AUTO] optionsymbol failed for PE: HTTP 404: {"status": "error", "message": "No strikes found for NIFTY expiring 17FEB26. Please check expiry date or update master contract."}

2026-02-13 13:56:36,463 - ERROR - [AUTO] optionsymbol failed for CE: HTTP 404: {"status": "error", "message": "No strikes found for NIFTY expiring 17FEB26. Please check expiry date or update master contract."}

2026-02-13 13:56:36,812 - ERROR - [AUTO] optionsymbol failed for PE: HTTP 404: {"status": "error", "message": "No strikes found for NIFTY expiring 17FEB26. Please check expiry date or update master contract."}

2026-02-13 13:56:42,423 - ERROR - [AUTO] optionsymbol failed for CE: HTTP 404: {"status": "error", "message": "No strikes found for NIFTY expiring 17FEB26. Please check expiry date or update master contract."}

2026-02-13 13:56:42,759 - ERROR - [AUTO] optionsymbol failed for PE: HTTP 404: {"status": "error", "message": "No strikes found for NIFTY expiring 17FEB26. Please check expiry date or update master contract."}

2026-02-13 13:56:48,382 - ERROR - [AUTO] optionsymbol failed for CE: HTTP 404: {"status": "error", "message": "No strikes found for NIFTY expiring 17FEB26. Please check expiry date or update master contract."}

2026-02-13 13:56:48,746 - ERROR - [AUTO] optionsymbol failed for PE: HTTP 404: {"status": "error", "message": "No strikes found for NIFTY expiring 17FEB26. Please check expiry date or update master contract."}

2026-02-13 13:56:54,373 - ERROR - [AUTO] optionsymbol failed for CE: HTTP 404: {"status": "error", "message": "No strikes found for NIFTY expiring 17FEB26. Please check expiry date or update master contract."}

2026-02-13 13:56:54,674 - ERROR - [AUTO] optionsymbol failed for PE: HTTP 404: {"status": "error", "message": "No strikes found for NIFTY expiring 17FEB26. Please check expiry date or update master contract."}

2026-02-13 13:57:00,290 - ERROR - [AUTO] optionsymbol failed for CE: HTTP 404: {"status": "error", "message": "No strikes found for NIFTY expiring 17FEB26. Please check expiry date or update master contract."}

2026-02-13 13:57:00,660 - ERROR - [AUTO] optionsymbol failed for PE: HTTP 404: {"status": "error", "message": "No strikes found for NIFTY expiring 17FEB26. Please check expiry date or update master contract."}

2026-02-13 13:57:06,307 - ERROR - [AUTO] optionsymbol failed for CE: HTTP 404: {"status": "error", "message": "No strikes found for NIFTY expiring 17FEB26. Please check expiry date or update master contract."}

2026-02-13 13:57:06,623 - ERROR - [AUTO] optionsymbol failed for PE: HTTP 404: {"status": "error", "message": "No strikes found for NIFTY expiring 17FEB26. Please check expiry date or update master contract."}

2026-02-13 13:57:12,244 - ERROR - [AUTO] optionsymbol failed for CE: HTTP 404: {"status": "error", "message": "No strikes found for NIFTY expiring 17FEB26. Please check expiry date or update master contract."}

2026-02-13 13:57:12,643 - ERROR - [AUTO] optionsymbol failed for PE: HTTP 404: {"status": "error", "message": "No strikes found for NIFTY expiring 17FEB26. Please check expiry date or update master contract."}

2026-02-13 13:57:18,262 - ERROR - [AUTO] optionsymbol failed for CE: HTTP 404: {"status": "error", "message": "No strikes found for NIFTY expiring 17FEB26. Please check expiry date or update master contract."}

2026-02-13 13:57:18,578 - ERROR - [AUTO] optionsymbol failed for PE: HTTP 404: {"status": "error", "message": "No strikes found for NIFTY expiring 17FEB26. Please check expiry date or update master contract."}

2026-02-13 13:57:24,171 - ERROR - [AUTO] optionsymbol failed for CE: HTTP 404: {"status": "error", "message": "No strikes found for NIFTY expiring 17FEB26. Please check expiry date or update master contract."}

2026-02-13 13:57:24,497 - ERROR - [AUTO] optionsymbol failed for PE: HTTP 404: {"status": "error", "message": "No strikes found for NIFTY expiring 17FEB26. Please check expiry date or update master contract."}

2026-02-13 13:57:30,082 - ERROR - [AUTO] optionsymbol failed for CE: HTTP 404: {"status": "error", "message": "No strikes found for NIFTY expiring 17FEB26. Please check expiry date or update master contract."}

2026-02-13 13:57:30,384 - ERROR - [AUTO] optionsymbol failed for PE: HTTP 404: {"status": "error", "message": "No strikes found for NIFTY expiring 17FEB26. Please check expiry date or update master contract."}

2026-02-13 13:57:36,544 - ERROR - [AUTO] optionsymbol failed for CE: HTTP 404: {"status": "error", "message": "No strikes found for NIFTY expiring 17FEB26. Please check expiry date or update master contract."}

2026-02-13 13:57:37,083 - ERROR - [AUTO] optionsymbol failed for PE: HTTP 404: {"status": "error", "message": "No strikes found for NIFTY expiring 17FEB26. Please check expiry date or update master contract."}

2026-02-13 13:57:42,688 - ERROR - [AUTO] optionsymbol failed for CE: HTTP 404: {"status": "error", "message": "No strikes found for NIFTY expiring 17FEB26. Please check expiry date or update master contract."}

2026-02-13 13:57:43,032 - ERROR - [AUTO] optionsymbol failed for PE: HTTP 404: {"status": "error", "message": "No strikes found for NIFTY expiring 17FEB26. Please check expiry date or update master contract."}

2026-02-13 13:57:48,662 - ERROR - [AUTO] optionsymbol failed for CE: HTTP 404: {"status": "error", "message": "No strikes found for NIFTY expiring 17FEB26. Please check expiry date or update master contract."}

2026-02-13 13:57:49,015 - ERROR - [AUTO] optionsymbol failed for PE: HTTP 404: {"status": "error", "message": "No strikes found for NIFTY expiring 17FEB26. Please check expiry date or update master contract."}

2026-02-13 13:57:54,610 - ERROR - [AUTO] optionsymbol failed for CE: HTTP 404: {"status": "error", "message": "No strikes found for NIFTY expiring 17FEB26. Please check expiry date or update master contract."}

2026-02-13 13:57:55,052 - ERROR - [AUTO] optionsymbol failed for PE: HTTP 404: {"status": "error", "message": "No strikes found for NIFTY expiring 17FEB26. Please check expiry date or update master contract."}

2026-02-13 13:58:00,662 - ERROR - [AUTO] optionsymbol failed for CE: HTTP 404: {"status": "error", "message": "No strikes found for NIFTY expiring 17FEB26. Please check expiry date or update master contract."}

2026-02-13 13:58:01,662 - ERROR - [AUTO] optionsymbol failed for PE: HTTP 404: {"status": "error", "message": "No strikes found for NIFTY expiring 17FEB26. Please check expiry date or update master contract."}

2026-02-13 13:58:07,451 - ERROR - [AUTO] optionsymbol failed for CE: HTTP 404: {"status": "error", "message": "No strikes found for NIFTY expiring 17FEB26. Please check expiry date or update master contract."}

2026-02-13 13:58:07,904 - ERROR - [AUTO] optionsymbol failed for PE: HTTP 404: {"status": "error", "message": "No strikes found for NIFTY expiring 17FEB26. Please check expiry date or update master contract."}

2026-02-13 13:58:13,538 - ERROR - [AUTO] optionsymbol failed for CE: HTTP 404: {"status": "error", "message": "No strikes found for NIFTY expiring 17FEB26. Please check expiry date or update master contract."}

2026-02-13 13:58:13,838 - ERROR - [AUTO] optionsymbol failed for PE: HTTP 404: {"status": "error", "message": "No strikes found for NIFTY expiring 17FEB26. Please check expiry date or update master contract."}

2026-02-13 13:58:19,441 - ERROR - [AUTO] optionsymbol failed for CE: HTTP 404: {"status": "error", "message": "No strikes found for NIFTY expiring 17FEB26. Please check expiry date or update master contract."}

2026-02-13 13:58:19,746 - ERROR - [AUTO] optionsymbol failed for PE: HTTP 404: {"status": "error", "message": "No strikes found for NIFTY expiring 17FEB26. Please check expiry date or update master contract."}

2026-02-13 13:58:25,347 - ERROR - [AUTO] optionsymbol failed for CE: HTTP 404: {"status": "error", "message": "No strikes found for NIFTY expiring 17FEB26. Please check expiry date or update master contract."}

2026-02-13 13:58:25,642 - ERROR - [AUTO] optionsymbol failed for PE: HTTP 404: {"status": "error", "message": "No strikes found for NIFTY expiring 17FEB26. Please check expiry date or update master contract."}

2026-02-13 13:58:32,217 - ERROR - [AUTO] optionsymbol failed for CE: HTTP 404: {"status": "error", "message": "No strikes found for NIFTY expiring 17FEB26. Please check expiry date or update master contract."}

2026-02-13 13:58:32,563 - ERROR - [AUTO] optionsymbol failed for PE: HTTP 404: {"status": "error", "message": "No strikes found for NIFTY expiring 17FEB26. Please check expiry date or update master contract."}

2026-02-13 13:58:38,305 - ERROR - [AUTO] optionsymbol failed for CE: HTTP 404: {"status": "error", "message": "No strikes found for NIFTY expiring 17FEB26. Please check expiry date or update master contract."}

2026-02-13 13:58:38,681 - ERROR - [AUTO] optionsymbol failed for PE: HTTP 404: {"status": "error", "message": "No strikes found for NIFTY expiring 17FEB26. Please check expiry date or update master contract."}

2026-02-13 13:58:44,308 - ERROR - [AUTO] optionsymbol failed for CE: HTTP 404: {"status": "error", "message": "No strikes found for NIFTY expiring 17FEB26. Please check expiry date or update master contract."}

2026-02-13 13:58:44,700 - ERROR - [AUTO] optionsymbol failed for PE: HTTP 404: {"status": "error", "message": "No strikes found for NIFTY expiring 17FEB26. Please check expiry date or update master contract."}

2026-02-13 13:58:50,379 - ERROR - [AUTO] optionsymbol failed for CE: HTTP 404: {"status": "error", "message": "No strikes found for NIFTY expiring 17FEB26. Please check expiry date or update master contract."}

2026-02-13 13:58:50,690 - ERROR - [AUTO] optionsymbol failed for PE: HTTP 404: {"status": "error", "message": "No strikes found for NIFTY expiring 17FEB26. Please check expiry date or update master contract."}

2026-02-13 13:58:56,349 - ERROR - [AUTO] optionsymbol failed for CE: HTTP 404: {"status": "error", "message": "No strikes found for NIFTY expiring 17FEB26. Please check expiry date or update master contract."}

2026-02-13 13:58:56,703 - ERROR - [AUTO] optionsymbol failed for PE: HTTP 404: {"status": "error", "message": "No strikes found for NIFTY expiring 17FEB26. Please check expiry date or update master contract."}

2026-02-13 13:59:02,317 - ERROR - [AUTO] optionsymbol failed for CE: HTTP 404: {"status": "error", "message": "No strikes found for NIFTY expiring 17FEB26. Please check expiry date or update master contract."}

2026-02-13 13:59:02,634 - ERROR - [AUTO] optionsymbol failed for PE: HTTP 404: {"status": "error", "message": "No strikes found for NIFTY expiring 17FEB26. Please check expiry date or update master contract."}

2026-02-13 13:59:08,477 - ERROR - [AUTO] optionsymbol failed for CE: HTTP 404: {"status": "error", "message": "No strikes found for NIFTY expiring 17FEB26. Please check expiry date or update master contract."}

2026-02-13 13:59:08,988 - ERROR - [AUTO] optionsymbol failed for PE: HTTP 404: {"status": "error", "message": "No strikes found for NIFTY expiring 17FEB26. Please check expiry date or update master contract."}

2026-02-13 13:59:15,116 - ERROR - [AUTO] optionsymbol failed for CE: HTTP 404: {"status": "error", "message": "No strikes found for NIFTY expiring 17FEB26. Please check expiry date or update master contract."}

2026-02-13 13:59:16,392 - ERROR - [AUTO] optionsymbol failed for PE: HTTP 404: {"status": "error", "message": "No strikes found for NIFTY expiring 17FEB26. Please check expiry date or update master contract."}

2026-02-13 13:59:22,199 - ERROR - [AUTO] optionsymbol failed for CE: HTTP 404: {"status": "error", "message": "No strikes found for NIFTY expiring 17FEB26. Please check expiry date or update master contract."}

2026-02-13 13:59:22,570 - ERROR - [AUTO] optionsymbol failed for PE: HTTP 404: {"status": "error", "message": "No strikes found for NIFTY expiring 17FEB26. Please check expiry date or update master contract."}

2026-02-13 13:59:29,649 - ERROR - [AUTO] optionsymbol failed for CE: HTTP 404: {"status": "error", "message": "No strikes found for NIFTY expiring 17FEB26. Please check expiry date or update master contract."}

2026-02-13 13:59:30,332 - ERROR - [AUTO] optionsymbol failed for PE: HTTP 404: {"status": "error", "message": "No strikes found for NIFTY expiring 17FEB26. Please check expiry date or update master contract."}

2026-02-13 13:59:36,541 - ERROR - [AUTO] optionsymbol failed for CE: HTTP 404: {"status": "error", "message": "No strikes found for NIFTY expiring 17FEB26. Please check expiry date or update master contract."}

2026-02-13 13:59:37,171 - ERROR - [AUTO] optionsymbol failed for PE: HTTP 404: {"status": "error", "message": "No strikes found for NIFTY expiring 17FEB26. Please check expiry date or update master contract."}

2026-02-13 13:59:43,225 - ERROR - [AUTO] optionsymbol failed for CE: HTTP 404: {"status": "error", "message": "No strikes found for NIFTY expiring 17FEB26. Please check expiry date or update master contract."}

2026-02-13 13:59:43,675 - ERROR - [AUTO] optionsymbol failed for PE: HTTP 404: {"status": "error", "message": "No strikes found for NIFTY expiring 17FEB26. Please check expiry date or update master contract."}

2026-02-13 13:59:49,912 - ERROR - [AUTO] optionsymbol failed for CE: HTTP 404: {"status": "error", "message": "No strikes found for NIFTY expiring 17FEB26. Please check expiry date or update master contract."}

2026-02-13 13:59:50,513 - ERROR - [AUTO] optionsymbol failed for PE: HTTP 404: {"status": "error", "message": "No strikes found for NIFTY expiring 17FEB26. Please check expiry date or update master contract."}

2026-02-13 13:59:56,566 - ERROR - [AUTO] optionsymbol failed for CE: HTTP 404: {"status": "error", "message": "No strikes found for NIFTY expiring 17FEB26. Please check expiry date or update master contract."}

2026-02-13 13:59:57,018 - ERROR - [AUTO] optionsymbol failed for PE: HTTP 404: {"status": "error", "message": "No strikes found for NIFTY expiring 17FEB26. Please check expiry date or update master contract."}

2026-02-13 14:00:05,072 - ERROR - [AUTO] optionsymbol failed for CE: HTTP 404: {"status": "error", "message": "No strikes found for NIFTY expiring 17FEB26. Please check expiry date or update master contract."}

2026-02-13 14:00:05,601 - ERROR - [AUTO] optionsymbol failed for PE: HTTP 404: {"status": "error", "message": "No strikes found for NIFTY expiring 17FEB26. Please check expiry date or update master contract."}

2026-02-13 14:00:11,698 - ERROR - [AUTO] optionsymbol failed for CE: HTTP 404: {"status": "error", "message": "No strikes found for NIFTY expiring 17FEB26. Please check expiry date or update master contract."}

2026-02-13 14:00:12,228 - ERROR - [AUTO] optionsymbol failed for PE: HTTP 404: {"status": "error", "message": "No strikes found for NIFTY expiring 17FEB26. Please check expiry date or update master contract."}

2026-02-13 14:00:18,421 - ERROR - [AUTO] optionsymbol failed for CE: HTTP 404: {"status": "error", "message": "No strikes found for NIFTY expiring 17FEB26. Please check expiry date or update master contract."}

2026-02-13 14:00:18,860 - ERROR - [AUTO] optionsymbol failed for PE: HTTP 404: {"status": "error", "message": "No strikes found for NIFTY expiring 17FEB26. Please check expiry date or update master contract."}

2026-02-13 14:00:24,879 - ERROR - [AUTO] optionsymbol failed for CE: HTTP 404: {"status": "error", "message": "No strikes found for NIFTY expiring 17FEB26. Please check expiry date or update master contract."}

2026-02-13 14:00:25,330 - ERROR - [AUTO] optionsymbol failed for PE: HTTP 404: {"status": "error", "message": "No strikes found for NIFTY expiring 17FEB26. Please check expiry date or update master contract."}

2026-02-13 14:00:31,317 - ERROR - [AUTO] optionsymbol failed for CE: HTTP 404: {"status": "error", "message": "No strikes found for NIFTY expiring 17FEB26. Please check expiry date or update master contract."}

2026-02-13 14:00:31,757 - ERROR - [AUTO] optionsymbol failed for PE: HTTP 404: {"status": "error", "message": "No strikes found for NIFTY expiring 17FEB26. Please check expiry date or update master contract."}

2026-02-13 14:00:37,787 - ERROR - [AUTO] optionsymbol failed for CE: HTTP 404: {"status": "error", "message": "No strikes found for NIFTY expiring 17FEB26. Please check expiry date or update master contract."}

2026-02-13 14:00:39,053 - ERROR - [AUTO] optionsymbol failed for PE: HTTP 404: {"status": "error", "message": "No strikes found for NIFTY expiring 17FEB26. Please check expiry date or update master contract."}

2026-02-13 14:00:45,137 - ERROR - [AUTO] optionsymbol failed for CE: HTTP 404: {"status": "error", "message": "No strikes found for NIFTY expiring 17FEB26. Please check expiry date or update master contract."}

2026-02-13 14:00:45,680 - ERROR - [AUTO] optionsymbol failed for PE: HTTP 404: {"status": "error", "message": "No strikes found for NIFTY expiring 17FEB26. Please check expiry date or update master contract."}

2026-02-13 14:00:52,007 - ERROR - [AUTO] optionsymbol failed for CE: HTTP 404: {"status": "error", "message": "No strikes found for NIFTY expiring 17FEB26. Please check expiry date or update master contract."}

2026-02-13 14:00:52,500 - ERROR - [AUTO] optionsymbol failed for PE: HTTP 404: {"status": "error", "message": "No strikes found for NIFTY expiring 17FEB26. Please check expiry date or update master contract."}

2026-02-13 14:00:58,820 - ERROR - [AUTO] optionsymbol failed for CE: HTTP 404: {"status": "error", "message": "No strikes found for NIFTY expiring 17FEB26. Please check expiry date or update master contract."}

2026-02-13 14:00:59,304 - ERROR - [AUTO] optionsymbol failed for PE: HTTP 404: {"status": "error", "message": "No strikes found for NIFTY expiring 17FEB26. Please check expiry date or update master contract."}

2026-02-13 14:01:05,340 - ERROR - [AUTO] optionsymbol failed for CE: HTTP 404: {"status": "error", "message": "No strikes found for NIFTY expiring 17FEB26. Please check expiry date or update master contract."}

2026-02-13 14:01:05,967 - ERROR - [AUTO] optionsymbol failed for PE: HTTP 404: {"status": "error", "message": "No strikes found for NIFTY expiring 17FEB26. Please check expiry date or update master contract."}

2026-02-13 14:01:12,421 - ERROR - [AUTO] optionsymbol failed for CE: HTTP 404: {"status": "error", "message": "No strikes found for NIFTY expiring 17FEB26. Please check expiry date or update master contract."}

2026-02-13 14:01:12,991 - ERROR - [AUTO] optionsymbol failed for PE: HTTP 404: {"status": "error", "message": "No strikes found for NIFTY expiring 17FEB26. Please check expiry date or update master contract."}

2026-02-13 14:01:19,040 - ERROR - [AUTO] optionsymbol failed for CE: HTTP 404: {"status": "error", "message": "No strikes found for NIFTY expiring 17FEB26. Please check expiry date or update master contract."}

2026-02-13 14:01:19,552 - ERROR - [AUTO] optionsymbol failed for PE: HTTP 404: {"status": "error", "message": "No strikes found for NIFTY expiring 17FEB26. Please check expiry date or update master contract."}

2026-02-13 14:01:27,224 - ERROR - [AUTO] optionsymbol failed for CE: HTTP 404: {"status": "error", "message": "No strikes found for NIFTY expiring 17FEB26. Please check expiry date or update master contract."}

2026-02-13 14:01:27,723 - ERROR - [AUTO] optionsymbol failed for PE: HTTP 404: {"status": "error", "message": "No strikes found for NIFTY expiring 17FEB26. Please check expiry date or update master contract."}

2026-02-13 14:01:33,917 - ERROR - [AUTO] optionsymbol failed for CE: HTTP 404: {"status": "error", "message": "No strikes found for NIFTY expiring 17FEB26. Please check expiry date or update master contract."}

2026-02-13 14:01:34,493 - ERROR - [AUTO] optionsymbol failed for PE: HTTP 404: {"status": "error", "message": "No strikes found for NIFTY expiring 17FEB26. Please check expiry date or update master contract."}

2026-02-13 14:01:40,434 - ERROR - [AUTO] optionsymbol failed for CE: HTTP 404: {"status": "error", "message": "No strikes found for NIFTY expiring 17FEB26. Please check expiry date or update master contract."}

2026-02-13 14:01:41,001 - ERROR - [AUTO] optionsymbol failed for PE: HTTP 404: {"status": "error", "message": "No strikes found for NIFTY expiring 17FEB26. Please check expiry date or update master contract."}

2026-02-13 14:01:46,973 - ERROR - [AUTO] optionsymbol failed for CE: HTTP 404: {"status": "error", "message": "No strikes found for NIFTY expiring 17FEB26. Please check expiry date or update master contract."}

2026-02-13 14:01:47,536 - ERROR - [AUTO] optionsymbol failed for PE: HTTP 404: {"status": "error", "message": "No strikes found for NIFTY expiring 17FEB26. Please check expiry date or update master contract."}

2026-02-13 14:01:53,656 - ERROR - [AUTO] optionsymbol failed for CE: HTTP 404: {"status": "error", "message": "No strikes found for NIFTY expiring 17FEB26. Please check expiry date or update master contract."}

2026-02-13 14:01:54,171 - ERROR - [AUTO] optionsymbol failed for PE: HTTP 404: {"status": "error", "message": "No strikes found for NIFTY expiring 17FEB26. Please check expiry date or update master contract."}

2026-02-13 14:02:01,270 - ERROR - [AUTO] optionsymbol failed for CE: HTTP 404: {"status": "error", "message": "No strikes found for NIFTY expiring 17FEB26. Please check expiry date or update master contract."}

2026-02-13 14:02:01,852 - ERROR - [AUTO] optionsymbol failed for PE: HTTP 404: {"status": "error", "message": "No strikes found for NIFTY expiring 17FEB26. Please check expiry date or update master contract."}

2026-02-13 14:02:07,841 - ERROR - [AUTO] optionsymbol failed for CE: HTTP 404: {"status": "error", "message": "No strikes found for NIFTY expiring 17FEB26. Please check expiry date or update master contract."}

2026-02-13 14:02:08,357 - ERROR - [AUTO] optionsymbol failed for PE: HTTP 404: {"status": "error", "message": "No strikes found for NIFTY expiring 17FEB26. Please check expiry date or update master contract."}

2026-02-13 14:02:14,341 - ERROR - [AUTO] optionsymbol failed for CE: HTTP 404: {"status": "error", "message": "No strikes found for NIFTY expiring 17FEB26. Please check expiry date or update master contract."}

2026-02-13 14:02:14,758 - ERROR - [AUTO] optionsymbol failed for PE: HTTP 404: {"status": "error", "message": "No strikes found for NIFTY expiring 17FEB26. Please check expiry date or update master contract."}

2026-02-13 14:02:20,357 - ERROR - [AUTO] optionsymbol failed for CE: HTTP 404: {"status": "error", "message": "No strikes found for NIFTY expiring 17FEB26. Please check expiry date or update master contract."}

2026-02-13 14:02:20,664 - ERROR - [AUTO] optionsymbol failed for PE: HTTP 404: {"status": "error", "message": "No strikes found for NIFTY expiring 17FEB26. Please check expiry date or update master contract."}

2026-02-13 14:02:26,258 - ERROR - [AUTO] optionsymbol failed for CE: HTTP 404: {"status": "error", "message": "No strikes found for NIFTY expiring 17FEB26. Please check expiry date or update master contract."}

2026-02-13 14:02:26,571 - ERROR - [AUTO] optionsymbol failed for PE: HTTP 404: {"status": "error", "message": "No strikes found for NIFTY expiring 17FEB26. Please check expiry date or update master contract."}

2026-02-13 14:02:32,455 - ERROR - [AUTO] optionsymbol failed for CE: HTTP 404: {"status": "error", "message": "No strikes found for NIFTY expiring 17FEB26. Please check expiry date or update master contract."}

2026-02-13 14:02:32,971 - ERROR - [AUTO] optionsymbol failed for PE: HTTP 404: {"status": "error", "message": "No strikes found for NIFTY expiring 17FEB26. Please check expiry date or update master contract."}

2026-02-13 14:02:39,120 - ERROR - [AUTO] optionsymbol failed for CE: HTTP 404: {"status": "error", "message": "No strikes found for NIFTY expiring 17FEB26. Please check expiry date or update master contract."}

2026-02-13 14:02:39,676 - ERROR - [AUTO] optionsymbol failed for PE: HTTP 404: {"status": "error", "message": "No strikes found for NIFTY expiring 17FEB26. Please check expiry date or update master contract."}

2026-02-13 14:02:45,796 - ERROR - [AUTO] optionsymbol failed for CE: HTTP 404: {"status": "error", "message": "No strikes found for NIFTY expiring 17FEB26. Please check expiry date or update master contract."}

2026-02-13 14:02:46,206 - ERROR - [AUTO] optionsymbol failed for PE: HTTP 404: {"status": "error", "message": "No strikes found for NIFTY expiring 17FEB26. Please check expiry date or update master contract."}

2026-02-13 14:02:51,953 - ERROR - [AUTO] optionsymbol failed for CE: HTTP 404: {"status": "error", "message": "No strikes found for NIFTY expiring 17FEB26. Please check expiry date or update master contract."}

2026-02-13 14:02:52,302 - ERROR - [AUTO] optionsymbol failed for PE: HTTP 404: {"status": "error", "message": "No strikes found for NIFTY expiring 17FEB26. Please check expiry date or update master contract."}

2026-02-13 14:02:57,898 - ERROR - [AUTO] optionsymbol failed for CE: HTTP 404: {"status": "error", "message": "No strikes found for NIFTY expiring 17FEB26. Please check expiry date or update master contract."}

2026-02-13 14:02:59,013 - ERROR - [AUTO] optionsymbol failed for PE: HTTP 404: {"status": "error", "message": "No strikes found for NIFTY expiring 17FEB26. Please check expiry date or update master contract."}

2026-02-13 14:03:02,297 - INFO - Shutting down...
2026-02-13 14:03:02,299 - INFO - Trading Engine stopped
2026-02-13 14:03:02,299 - INFO - All engine tasks cleaned up
2026-02-13 14:03:02,299 - INFO - Goodbye!
2026-02-13 14:05:42,126 - INFO - Configuration banner printed
2026-02-13 14:05:42,533 - INFO - OpenAlgo API client initialized (host: http://127.0.0.1:5000)
2026-02-13 14:05:43,651 - INFO - Trading Engine initialized
2026-02-13 14:05:43,651 - INFO - Trading Engine created successfully
2026-02-13 14:05:43,651 - INFO - Starting Trading Engine...
2026-02-13 14:05:46,820 - INFO - [TASK] Signal scanner started
2026-02-13 14:05:47,694 - ERROR - [AUTO] optionsymbol failed for CE: HTTP 404: {"status": "error", "message": "No strikes found for NIFTY expiring 17FEB26. Please check expiry date or update master contract."}

2026-02-13 14:05:48,032 - ERROR - [AUTO] optionsymbol failed for PE: HTTP 404: {"status": "error", "message": "No strikes found for NIFTY expiring 17FEB26. Please check expiry date or update master contract."}

2026-02-13 14:05:48,032 - INFO - [TASK] Risk monitor started
2026-02-13 14:05:48,032 - INFO - [TASK] Position sync started
2026-02-13 14:05:48,032 - INFO - [TASK] WebSocket monitor started
2026-02-13 14:05:48,036 - INFO - [TASK] Config monitor started
2026-02-13 14:05:48,036 - INFO - [TASK] Command monitor started (watching C:\Rahul\06_Nikku\Strategies\Bot-StrikeChart-Halftrend\commands\buy.yaml)
2026-02-13 14:05:53,617 - ERROR - [AUTO] optionsymbol failed for CE: HTTP 404: {"status": "error", "message": "No strikes found for NIFTY expiring 17FEB26. Please check expiry date or update master contract."}

2026-02-13 14:05:53,935 - ERROR - [AUTO] optionsymbol failed for PE: HTTP 404: {"status": "error", "message": "No strikes found for NIFTY expiring 17FEB26. Please check expiry date or update master contract."}

2026-02-13 14:05:59,582 - ERROR - [AUTO] optionsymbol failed for CE: HTTP 404: {"status": "error", "message": "No strikes found for NIFTY expiring 17FEB26. Please check expiry date or update master contract."}

2026-02-13 14:05:59,936 - ERROR - [AUTO] optionsymbol failed for PE: HTTP 404: {"status": "error", "message": "No strikes found for NIFTY expiring 17FEB26. Please check expiry date or update master contract."}

2026-02-13 14:06:06,744 - ERROR - [AUTO] optionsymbol failed for CE: HTTP 404: {"status": "error", "message": "No strikes found for NIFTY expiring 17FEB26. Please check expiry date or update master contract."}

2026-02-13 14:06:07,097 - ERROR - [AUTO] optionsymbol failed for PE: HTTP 404: {"status": "error", "message": "No strikes found for NIFTY expiring 17FEB26. Please check expiry date or update master contract."}

2026-02-13 14:06:13,090 - ERROR - [AUTO] optionsymbol failed for CE: HTTP 404: {"status": "error", "message": "No strikes found for NIFTY expiring 17FEB26. Please check expiry date or update master contract."}

2026-02-13 14:06:13,681 - ERROR - [AUTO] optionsymbol failed for PE: HTTP 404: {"status": "error", "message": "No strikes found for NIFTY expiring 17FEB26. Please check expiry date or update master contract."}

2026-02-13 14:06:19,990 - ERROR - [AUTO] optionsymbol failed for CE: HTTP 404: {"status": "error", "message": "No strikes found for NIFTY expiring 17FEB26. Please check expiry date or update master contract."}

2026-02-13 14:06:20,590 - ERROR - [AUTO] optionsymbol failed for PE: HTTP 404: {"status": "error", "message": "No strikes found for NIFTY expiring 17FEB26. Please check expiry date or update master contract."}

2026-02-13 14:06:26,795 - ERROR - [AUTO] optionsymbol failed for CE: HTTP 404: {"status": "error", "message": "No strikes found for NIFTY expiring 17FEB26. Please check expiry date or update master contract."}

2026-02-13 14:06:27,516 - ERROR - [AUTO] optionsymbol failed for PE: HTTP 404: {"status": "error", "message": "No strikes found for NIFTY expiring 17FEB26. Please check expiry date or update master contract."}

2026-02-13 14:06:33,627 - ERROR - [AUTO] optionsymbol failed for CE: HTTP 404: {"status": "error", "message": "No strikes found for NIFTY expiring 17FEB26. Please check expiry date or update master contract."}

2026-02-13 14:06:34,206 - ERROR - [AUTO] optionsymbol failed for PE: HTTP 404: {"status": "error", "message": "No strikes found for NIFTY expiring 17FEB26. Please check expiry date or update master contract."}

2026-02-13 14:06:40,435 - ERROR - [AUTO] optionsymbol failed for CE: HTTP 404: {"status": "error", "message": "No strikes found for NIFTY expiring 17FEB26. Please check expiry date or update master contract."}

2026-02-13 14:06:41,861 - ERROR - [AUTO] optionsymbol failed for PE: HTTP 404: {"status": "error", "message": "No strikes found for NIFTY expiring 17FEB26. Please check expiry date or update master contract."}

2026-02-13 14:06:48,034 - ERROR - [AUTO] optionsymbol failed for CE: HTTP 404: {"status": "error", "message": "No strikes found for NIFTY expiring 17FEB26. Please check expiry date or update master contract."}

2026-02-13 14:06:48,559 - ERROR - [AUTO] optionsymbol failed for PE: HTTP 404: {"status": "error", "message": "No strikes found for NIFTY expiring 17FEB26. Please check expiry date or update master contract."}

2026-02-13 14:06:55,533 - ERROR - [AUTO] optionsymbol failed for CE: HTTP 404: {"status": "error", "message": "No strikes found for NIFTY expiring 17FEB26. Please check expiry date or update master contract."}

2026-02-13 14:06:56,108 - ERROR - [AUTO] optionsymbol failed for PE: HTTP 404: {"status": "error", "message": "No strikes found for NIFTY expiring 17FEB26. Please check expiry date or update master contract."}

2026-02-13 14:07:02,363 - ERROR - [AUTO] optionsymbol failed for CE: HTTP 404: {"status": "error", "message": "No strikes found for NIFTY expiring 17FEB26. Please check expiry date or update master contract."}

2026-02-13 14:07:02,811 - ERROR - [AUTO] optionsymbol failed for PE: HTTP 404: {"status": "error", "message": "No strikes found for NIFTY expiring 17FEB26. Please check expiry date or update master contract."}

2026-02-13 14:07:09,092 - ERROR - [AUTO] optionsymbol failed for CE: HTTP 404: {"status": "error", "message": "No strikes found for NIFTY expiring 17FEB26. Please check expiry date or update master contract."}

2026-02-13 14:07:09,676 - ERROR - [AUTO] optionsymbol failed for PE: HTTP 404: {"status": "error", "message": "No strikes found for NIFTY expiring 17FEB26. Please check expiry date or update master contract."}

2026-02-13 14:07:15,808 - ERROR - [AUTO] optionsymbol failed for CE: HTTP 404: {"status": "error", "message": "No strikes found for NIFTY expiring 17FEB26. Please check expiry date or update master contract."}

2026-02-13 14:07:16,340 - ERROR - [AUTO] optionsymbol failed for PE: HTTP 404: {"status": "error", "message": "No strikes found for NIFTY expiring 17FEB26. Please check expiry date or update master contract."}

2026-02-13 14:07:22,825 - ERROR - [AUTO] optionsymbol failed for CE: HTTP 404: {"status": "error", "message": "No strikes found for NIFTY expiring 17FEB26. Please check expiry date or update master contract."}

2026-02-13 14:07:23,532 - ERROR - [AUTO] optionsymbol failed for PE: HTTP 404: {"status": "error", "message": "No strikes found for NIFTY expiring 17FEB26. Please check expiry date or update master contract."}

2026-02-13 14:07:30,821 - ERROR - [AUTO] optionsymbol failed for CE: HTTP 404: {"status": "error", "message": "No strikes found for NIFTY expiring 17FEB26. Please check expiry date or update master contract."}

2026-02-13 14:07:31,365 - ERROR - [AUTO] optionsymbol failed for PE: HTTP 404: {"status": "error", "message": "No strikes found for NIFTY expiring 17FEB26. Please check expiry date or update master contract."}

2026-02-13 14:07:37,396 - ERROR - [AUTO] optionsymbol failed for CE: HTTP 404: {"status": "error", "message": "No strikes found for NIFTY expiring 17FEB26. Please check expiry date or update master contract."}

2026-02-13 14:07:37,921 - ERROR - [AUTO] optionsymbol failed for PE: HTTP 404: {"status": "error", "message": "No strikes found for NIFTY expiring 17FEB26. Please check expiry date or update master contract."}

2026-02-13 14:07:43,909 - ERROR - [AUTO] optionsymbol failed for CE: HTTP 404: {"status": "error", "message": "No strikes found for NIFTY expiring 17FEB26. Please check expiry date or update master contract."}

2026-02-13 14:07:44,470 - ERROR - [AUTO] optionsymbol failed for PE: HTTP 404: {"status": "error", "message": "No strikes found for NIFTY expiring 17FEB26. Please check expiry date or update master contract."}

2026-02-13 14:07:50,590 - ERROR - [AUTO] optionsymbol failed for CE: HTTP 404: {"status": "error", "message": "No strikes found for NIFTY expiring 17FEB26. Please check expiry date or update master contract."}

2026-02-13 14:07:51,152 - ERROR - [AUTO] optionsymbol failed for PE: HTTP 404: {"status": "error", "message": "No strikes found for NIFTY expiring 17FEB26. Please check expiry date or update master contract."}

2026-02-13 14:07:57,398 - ERROR - [AUTO] optionsymbol failed for CE: HTTP 404: {"status": "error", "message": "No strikes found for NIFTY expiring 17FEB26. Please check expiry date or update master contract."}

2026-02-13 14:07:58,021 - ERROR - [AUTO] optionsymbol failed for PE: HTTP 404: {"status": "error", "message": "No strikes found for NIFTY expiring 17FEB26. Please check expiry date or update master contract."}

2026-02-13 14:08:04,891 - ERROR - [AUTO] optionsymbol failed for CE: HTTP 404: {"status": "error", "message": "No strikes found for NIFTY expiring 17FEB26. Please check expiry date or update master contract."}

2026-02-13 14:08:05,813 - ERROR - [AUTO] optionsymbol failed for PE: HTTP 404: {"status": "error", "message": "No strikes found for NIFTY expiring 17FEB26. Please check expiry date or update master contract."}

2026-02-13 14:08:12,034 - ERROR - [AUTO] optionsymbol failed for CE: HTTP 404: {"status": "error", "message": "No strikes found for NIFTY expiring 17FEB26. Please check expiry date or update master contract."}

2026-02-13 14:08:12,601 - ERROR - [AUTO] optionsymbol failed for PE: HTTP 404: {"status": "error", "message": "No strikes found for NIFTY expiring 17FEB26. Please check expiry date or update master contract."}

2026-02-13 14:08:18,788 - ERROR - [AUTO] optionsymbol failed for CE: HTTP 404: {"status": "error", "message": "No strikes found for NIFTY expiring 17FEB26. Please check expiry date or update master contract."}

2026-02-13 14:08:19,378 - ERROR - [AUTO] optionsymbol failed for PE: HTTP 404: {"status": "error", "message": "No strikes found for NIFTY expiring 17FEB26. Please check expiry date or update master contract."}

2026-02-13 14:08:25,544 - ERROR - [AUTO] optionsymbol failed for CE: HTTP 404: {"status": "error", "message": "No strikes found for NIFTY expiring 17FEB26. Please check expiry date or update master contract."}

2026-02-13 14:08:26,113 - ERROR - [AUTO] optionsymbol failed for PE: HTTP 404: {"status": "error", "message": "No strikes found for NIFTY expiring 17FEB26. Please check expiry date or update master contract."}

2026-02-13 14:08:32,250 - ERROR - [AUTO] optionsymbol failed for CE: HTTP 404: {"status": "error", "message": "No strikes found for NIFTY expiring 17FEB26. Please check expiry date or update master contract."}

2026-02-13 14:08:32,852 - ERROR - [AUTO] optionsymbol failed for PE: HTTP 404: {"status": "error", "message": "No strikes found for NIFTY expiring 17FEB26. Please check expiry date or update master contract."}

2026-02-13 14:08:38,952 - ERROR - [AUTO] optionsymbol failed for CE: HTTP 404: {"status": "error", "message": "No strikes found for NIFTY expiring 17FEB26. Please check expiry date or update master contract."}

2026-02-13 14:08:39,908 - ERROR - [AUTO] optionsymbol failed for PE: HTTP 404: {"status": "error", "message": "No strikes found for NIFTY expiring 17FEB26. Please check expiry date or update master contract."}

2026-02-13 14:08:46,359 - ERROR - [AUTO] optionsymbol failed for CE: HTTP 404: {"status": "error", "message": "No strikes found for NIFTY expiring 17FEB26. Please check expiry date or update master contract."}

2026-02-13 14:08:46,846 - ERROR - [AUTO] optionsymbol failed for PE: HTTP 404: {"status": "error", "message": "No strikes found for NIFTY expiring 17FEB26. Please check expiry date or update master contract."}

2026-02-13 14:08:54,036 - ERROR - [AUTO] optionsymbol failed for CE: HTTP 404: {"status": "error", "message": "No strikes found for NIFTY expiring 17FEB26. Please check expiry date or update master contract."}

2026-02-13 14:08:54,543 - ERROR - [AUTO] optionsymbol failed for PE: HTTP 404: {"status": "error", "message": "No strikes found for NIFTY expiring 17FEB26. Please check expiry date or update master contract."}

2026-02-13 14:09:00,924 - ERROR - [AUTO] optionsymbol failed for CE: HTTP 404: {"status": "error", "message": "No strikes found for NIFTY expiring 17FEB26. Please check expiry date or update master contract."}

2026-02-13 14:09:01,481 - ERROR - [AUTO] optionsymbol failed for PE: HTTP 404: {"status": "error", "message": "No strikes found for NIFTY expiring 17FEB26. Please check expiry date or update master contract."}

2026-02-13 14:09:07,771 - ERROR - [AUTO] optionsymbol failed for CE: HTTP 404: {"status": "error", "message": "No strikes found for NIFTY expiring 17FEB26. Please check expiry date or update master contract."}

2026-02-13 14:09:08,390 - ERROR - [AUTO] optionsymbol failed for PE: HTTP 404: {"status": "error", "message": "No strikes found for NIFTY expiring 17FEB26. Please check expiry date or update master contract."}

2026-02-13 14:09:14,599 - ERROR - [AUTO] optionsymbol failed for CE: HTTP 404: {"status": "error", "message": "No strikes found for NIFTY expiring 17FEB26. Please check expiry date or update master contract."}

2026-02-13 14:09:15,170 - ERROR - [AUTO] optionsymbol failed for PE: HTTP 404: {"status": "error", "message": "No strikes found for NIFTY expiring 17FEB26. Please check expiry date or update master contract."}

2026-02-13 14:09:21,264 - ERROR - [AUTO] optionsymbol failed for CE: HTTP 404: {"status": "error", "message": "No strikes found for NIFTY expiring 17FEB26. Please check expiry date or update master contract."}

2026-02-13 14:09:21,796 - ERROR - [AUTO] optionsymbol failed for PE: HTTP 404: {"status": "error", "message": "No strikes found for NIFTY expiring 17FEB26. Please check expiry date or update master contract."}

2026-02-13 14:09:29,520 - ERROR - [AUTO] optionsymbol failed for CE: HTTP 404: {"status": "error", "message": "No strikes found for NIFTY expiring 17FEB26. Please check expiry date or update master contract."}

2026-02-13 14:09:30,208 - ERROR - [AUTO] optionsymbol failed for PE: HTTP 404: {"status": "error", "message": "No strikes found for NIFTY expiring 17FEB26. Please check expiry date or update master contract."}

2026-02-13 14:09:36,444 - ERROR - [AUTO] optionsymbol failed for CE: HTTP 404: {"status": "error", "message": "No strikes found for NIFTY expiring 17FEB26. Please check expiry date or update master contract."}

2026-02-13 14:09:37,077 - ERROR - [AUTO] optionsymbol failed for PE: HTTP 404: {"status": "error", "message": "No strikes found for NIFTY expiring 17FEB26. Please check expiry date or update master contract."}

2026-02-13 14:09:43,365 - ERROR - [AUTO] optionsymbol failed for CE: HTTP 404: {"status": "error", "message": "No strikes found for NIFTY expiring 17FEB26. Please check expiry date or update master contract."}

2026-02-13 14:09:43,939 - ERROR - [AUTO] optionsymbol failed for PE: HTTP 404: {"status": "error", "message": "No strikes found for NIFTY expiring 17FEB26. Please check expiry date or update master contract."}

2026-02-13 14:09:50,063 - ERROR - [AUTO] optionsymbol failed for CE: HTTP 404: {"status": "error", "message": "No strikes found for NIFTY expiring 17FEB26. Please check expiry date or update master contract."}

2026-02-13 14:09:50,664 - ERROR - [AUTO] optionsymbol failed for PE: HTTP 404: {"status": "error", "message": "No strikes found for NIFTY expiring 17FEB26. Please check expiry date or update master contract."}

2026-02-13 14:09:56,871 - ERROR - [AUTO] optionsymbol failed for CE: HTTP 404: {"status": "error", "message": "No strikes found for NIFTY expiring 17FEB26. Please check expiry date or update master contract."}

2026-02-13 14:09:57,418 - ERROR - [AUTO] optionsymbol failed for PE: HTTP 404: {"status": "error", "message": "No strikes found for NIFTY expiring 17FEB26. Please check expiry date or update master contract."}

2026-02-13 14:10:04,473 - ERROR - [AUTO] optionsymbol failed for CE: HTTP 404: {"status": "error", "message": "No strikes found for NIFTY expiring 17FEB26. Please check expiry date or update master contract."}

2026-02-13 14:10:05,077 - ERROR - [AUTO] optionsymbol failed for PE: HTTP 404: {"status": "error", "message": "No strikes found for NIFTY expiring 17FEB26. Please check expiry date or update master contract."}

2026-02-13 14:10:11,390 - ERROR - [AUTO] optionsymbol failed for CE: HTTP 404: {"status": "error", "message": "No strikes found for NIFTY expiring 17FEB26. Please check expiry date or update master contract."}

2026-02-13 14:10:12,024 - ERROR - [AUTO] optionsymbol failed for PE: HTTP 404: {"status": "error", "message": "No strikes found for NIFTY expiring 17FEB26. Please check expiry date or update master contract."}

2026-02-13 14:10:18,325 - ERROR - [AUTO] optionsymbol failed for CE: HTTP 404: {"status": "error", "message": "No strikes found for NIFTY expiring 17FEB26. Please check expiry date or update master contract."}

2026-02-13 14:10:18,917 - ERROR - [AUTO] optionsymbol failed for PE: HTTP 404: {"status": "error", "message": "No strikes found for NIFTY expiring 17FEB26. Please check expiry date or update master contract."}

2026-02-13 14:10:25,027 - ERROR - [AUTO] optionsymbol failed for CE: HTTP 404: {"status": "error", "message": "No strikes found for NIFTY expiring 17FEB26. Please check expiry date or update master contract."}

2026-02-13 14:10:25,608 - ERROR - [AUTO] optionsymbol failed for PE: HTTP 404: {"status": "error", "message": "No strikes found for NIFTY expiring 17FEB26. Please check expiry date or update master contract."}

2026-02-13 14:10:31,772 - ERROR - [AUTO] optionsymbol failed for CE: HTTP 404: {"status": "error", "message": "No strikes found for NIFTY expiring 17FEB26. Please check expiry date or update master contract."}

2026-02-13 14:10:32,422 - ERROR - [AUTO] optionsymbol failed for PE: HTTP 404: {"status": "error", "message": "No strikes found for NIFTY expiring 17FEB26. Please check expiry date or update master contract."}

2026-02-13 14:10:39,627 - ERROR - [AUTO] optionsymbol failed for CE: HTTP 404: {"status": "error", "message": "No strikes found for NIFTY expiring 17FEB26. Please check expiry date or update master contract."}

2026-02-13 14:10:40,191 - ERROR - [AUTO] optionsymbol failed for PE: HTTP 404: {"status": "error", "message": "No strikes found for NIFTY expiring 17FEB26. Please check expiry date or update master contract."}

2026-02-13 14:10:46,111 - ERROR - [AUTO] optionsymbol failed for CE: HTTP 404: {"status": "error", "message": "No strikes found for NIFTY expiring 17FEB26. Please check expiry date or update master contract."}

2026-02-13 14:10:46,664 - ERROR - [AUTO] optionsymbol failed for PE: HTTP 404: {"status": "error", "message": "No strikes found for NIFTY expiring 17FEB26. Please check expiry date or update master contract."}

2026-02-13 14:10:52,832 - ERROR - [AUTO] optionsymbol failed for CE: HTTP 404: {"status": "error", "message": "No strikes found for NIFTY expiring 17FEB26. Please check expiry date or update master contract."}

2026-02-13 14:10:53,419 - ERROR - [AUTO] optionsymbol failed for PE: HTTP 404: {"status": "error", "message": "No strikes found for NIFTY expiring 17FEB26. Please check expiry date or update master contract."}

2026-02-13 14:10:59,875 - ERROR - [AUTO] optionsymbol failed for CE: HTTP 404: {"status": "error", "message": "No strikes found for NIFTY expiring 17FEB26. Please check expiry date or update master contract."}

2026-02-13 14:11:00,458 - ERROR - [AUTO] optionsymbol failed for PE: HTTP 404: {"status": "error", "message": "No strikes found for NIFTY expiring 17FEB26. Please check expiry date or update master contract."}

2026-02-13 14:11:06,540 - ERROR - [AUTO] optionsymbol failed for CE: HTTP 404: {"status": "error", "message": "No strikes found for NIFTY expiring 17FEB26. Please check expiry date or update master contract."}

2026-02-13 14:11:07,147 - ERROR - [AUTO] optionsymbol failed for PE: HTTP 404: {"status": "error", "message": "No strikes found for NIFTY expiring 17FEB26. Please check expiry date or update master contract."}

2026-02-13 14:11:14,858 - ERROR - [AUTO] optionsymbol failed for CE: HTTP 404: {"status": "error", "message": "No strikes found for NIFTY expiring 17FEB26. Please check expiry date or update master contract."}

2026-02-13 14:11:15,446 - ERROR - [AUTO] optionsymbol failed for PE: HTTP 404: {"status": "error", "message": "No strikes found for NIFTY expiring 17FEB26. Please check expiry date or update master contract."}

2026-02-13 14:11:21,570 - ERROR - [AUTO] optionsymbol failed for CE: HTTP 404: {"status": "error", "message": "No strikes found for NIFTY expiring 17FEB26. Please check expiry date or update master contract."}

2026-02-13 14:11:22,165 - ERROR - [AUTO] optionsymbol failed for PE: HTTP 404: {"status": "error", "message": "No strikes found for NIFTY expiring 17FEB26. Please check expiry date or update master contract."}

2026-02-13 14:11:28,442 - ERROR - [AUTO] optionsymbol failed for CE: HTTP 404: {"status": "error", "message": "No strikes found for NIFTY expiring 17FEB26. Please check expiry date or update master contract."}

2026-02-13 14:11:29,033 - ERROR - [AUTO] optionsymbol failed for PE: HTTP 404: {"status": "error", "message": "No strikes found for NIFTY expiring 17FEB26. Please check expiry date or update master contract."}

2026-02-13 14:11:35,145 - ERROR - [AUTO] optionsymbol failed for CE: HTTP 404: {"status": "error", "message": "No strikes found for NIFTY expiring 17FEB26. Please check expiry date or update master contract."}

2026-02-13 14:11:35,758 - ERROR - [AUTO] optionsymbol failed for PE: HTTP 404: {"status": "error", "message": "No strikes found for NIFTY expiring 17FEB26. Please check expiry date or update master contract."}

2026-02-13 14:11:42,074 - ERROR - [AUTO] optionsymbol failed for CE: HTTP 404: {"status": "error", "message": "No strikes found for NIFTY expiring 17FEB26. Please check expiry date or update master contract."}

2026-02-13 14:11:42,647 - ERROR - [AUTO] optionsymbol failed for PE: HTTP 404: {"status": "error", "message": "No strikes found for NIFTY expiring 17FEB26. Please check expiry date or update master contract."}

2026-02-13 14:11:50,621 - ERROR - [AUTO] optionsymbol failed for CE: HTTP 404: {"status": "error", "message": "No strikes found for NIFTY expiring 17FEB26. Please check expiry date or update master contract."}

2026-02-13 14:11:51,163 - ERROR - [AUTO] optionsymbol failed for PE: HTTP 404: {"status": "error", "message": "No strikes found for NIFTY expiring 17FEB26. Please check expiry date or update master contract."}

2026-02-13 14:11:57,302 - ERROR - [AUTO] optionsymbol failed for CE: HTTP 404: {"status": "error", "message": "No strikes found for NIFTY expiring 17FEB26. Please check expiry date or update master contract."}

2026-02-13 14:11:57,907 - ERROR - [AUTO] optionsymbol failed for PE: HTTP 404: {"status": "error", "message": "No strikes found for NIFTY expiring 17FEB26. Please check expiry date or update master contract."}

2026-02-13 14:12:04,187 - ERROR - [AUTO] optionsymbol failed for CE: HTTP 404: {"status": "error", "message": "No strikes found for NIFTY expiring 17FEB26. Please check expiry date or update master contract."}

2026-02-13 14:12:04,849 - ERROR - [AUTO] optionsymbol failed for PE: HTTP 404: {"status": "error", "message": "No strikes found for NIFTY expiring 17FEB26. Please check expiry date or update master contract."}

2026-02-13 14:12:11,251 - ERROR - [AUTO] optionsymbol failed for CE: HTTP 404: {"status": "error", "message": "No strikes found for NIFTY expiring 17FEB26. Please check expiry date or update master contract."}

2026-02-13 14:12:11,891 - ERROR - [AUTO] optionsymbol failed for PE: HTTP 404: {"status": "error", "message": "No strikes found for NIFTY expiring 17FEB26. Please check expiry date or update master contract."}

2026-02-13 14:12:18,221 - ERROR - [AUTO] optionsymbol failed for CE: HTTP 404: {"status": "error", "message": "No strikes found for NIFTY expiring 17FEB26. Please check expiry date or update master contract."}

2026-02-13 14:12:18,908 - ERROR - [AUTO] optionsymbol failed for PE: HTTP 404: {"status": "error", "message": "No strikes found for NIFTY expiring 17FEB26. Please check expiry date or update master contract."}

2026-02-13 14:12:26,370 - ERROR - [AUTO] optionsymbol failed for CE: HTTP 404: {"status": "error", "message": "No strikes found for NIFTY expiring 17FEB26. Please check expiry date or update master contract."}

2026-02-13 14:12:26,932 - ERROR - [AUTO] optionsymbol failed for PE: HTTP 404: {"status": "error", "message": "No strikes found for NIFTY expiring 17FEB26. Please check expiry date or update master contract."}

2026-02-13 14:12:33,318 - ERROR - [AUTO] optionsymbol failed for CE: HTTP 404: {"status": "error", "message": "No strikes found for NIFTY expiring 17FEB26. Please check expiry date or update master contract."}

2026-02-13 14:12:33,912 - ERROR - [AUTO] optionsymbol failed for PE: HTTP 404: {"status": "error", "message": "No strikes found for NIFTY expiring 17FEB26. Please check expiry date or update master contract."}

2026-02-13 14:12:40,190 - ERROR - [AUTO] optionsymbol failed for CE: HTTP 404: {"status": "error", "message": "No strikes found for NIFTY expiring 17FEB26. Please check expiry date or update master contract."}

2026-02-13 14:12:40,794 - ERROR - [AUTO] optionsymbol failed for PE: HTTP 404: {"status": "error", "message": "No strikes found for NIFTY expiring 17FEB26. Please check expiry date or update master contract."}

2026-02-13 14:12:46,990 - ERROR - [AUTO] optionsymbol failed for CE: HTTP 404: {"status": "error", "message": "No strikes found for NIFTY expiring 17FEB26. Please check expiry date or update master contract."}

2026-02-13 14:12:48,008 - ERROR - [AUTO] optionsymbol failed for PE: HTTP 404: {"status": "error", "message": "No strikes found for NIFTY expiring 17FEB26. Please check expiry date or update master contract."}

2026-02-13 14:12:54,273 - ERROR - [AUTO] optionsymbol failed for CE: HTTP 404: {"status": "error", "message": "No strikes found for NIFTY expiring 17FEB26. Please check expiry date or update master contract."}

2026-02-13 14:12:54,782 - ERROR - [AUTO] optionsymbol failed for PE: HTTP 404: {"status": "error", "message": "No strikes found for NIFTY expiring 17FEB26. Please check expiry date or update master contract."}

2026-02-13 14:13:01,990 - ERROR - [AUTO] optionsymbol failed for CE: HTTP 404: {"status": "error", "message": "No strikes found for NIFTY expiring 17FEB26. Please check expiry date or update master contract."}

2026-02-13 14:13:02,595 - ERROR - [AUTO] optionsymbol failed for PE: HTTP 404: {"status": "error", "message": "No strikes found for NIFTY expiring 17FEB26. Please check expiry date or update master contract."}

2026-02-13 14:13:08,908 - ERROR - [AUTO] optionsymbol failed for CE: HTTP 404: {"status": "error", "message": "No strikes found for NIFTY expiring 17FEB26. Please check expiry date or update master contract."}

2026-02-13 14:13:09,574 - ERROR - [AUTO] optionsymbol failed for PE: HTTP 404: {"status": "error", "message": "No strikes found for NIFTY expiring 17FEB26. Please check expiry date or update master contract."}

2026-02-13 14:13:15,932 - ERROR - [AUTO] optionsymbol failed for CE: HTTP 404: {"status": "error", "message": "No strikes found for NIFTY expiring 17FEB26. Please check expiry date or update master contract."}

2026-02-13 14:13:16,622 - ERROR - [AUTO] optionsymbol failed for PE: HTTP 404: {"status": "error", "message": "No strikes found for NIFTY expiring 17FEB26. Please check expiry date or update master contract."}

2026-02-13 14:13:22,785 - ERROR - [AUTO] optionsymbol failed for CE: HTTP 404: {"status": "error", "message": "No strikes found for NIFTY expiring 17FEB26. Please check expiry date or update master contract."}

2026-02-13 14:13:23,908 - ERROR - [AUTO] optionsymbol failed for PE: HTTP 404: {"status": "error", "message": "No strikes found for NIFTY expiring 17FEB26. Please check expiry date or update master contract."}

2026-02-13 14:13:30,258 - ERROR - [AUTO] optionsymbol failed for CE: HTTP 404: {"status": "error", "message": "No strikes found for NIFTY expiring 17FEB26. Please check expiry date or update master contract."}

2026-02-13 14:13:30,954 - ERROR - [AUTO] optionsymbol failed for PE: HTTP 404: {"status": "error", "message": "No strikes found for NIFTY expiring 17FEB26. Please check expiry date or update master contract."}

2026-02-13 14:13:37,415 - ERROR - [AUTO] optionsymbol failed for CE: HTTP 404: {"status": "error", "message": "No strikes found for NIFTY expiring 17FEB26. Please check expiry date or update master contract."}

2026-02-13 14:13:38,058 - ERROR - [AUTO] optionsymbol failed for PE: HTTP 404: {"status": "error", "message": "No strikes found for NIFTY expiring 17FEB26. Please check expiry date or update master contract."}

2026-02-13 14:13:44,340 - ERROR - [AUTO] optionsymbol failed for CE: HTTP 404: {"status": "error", "message": "No strikes found for NIFTY expiring 17FEB26. Please check expiry date or update master contract."}

2026-02-13 14:13:44,840 - ERROR - [AUTO] optionsymbol failed for PE: HTTP 404: {"status": "error", "message": "No strikes found for NIFTY expiring 17FEB26. Please check expiry date or update master contract."}

2026-02-13 14:13:50,980 - ERROR - [AUTO] optionsymbol failed for CE: HTTP 404: {"status": "error", "message": "No strikes found for NIFTY expiring 17FEB26. Please check expiry date or update master contract."}

2026-02-13 14:13:51,540 - ERROR - [AUTO] optionsymbol failed for PE: HTTP 404: {"status": "error", "message": "No strikes found for NIFTY expiring 17FEB26. Please check expiry date or update master contract."}

2026-02-13 14:13:57,803 - ERROR - [AUTO] optionsymbol failed for CE: HTTP 404: {"status": "error", "message": "No strikes found for NIFTY expiring 17FEB26. Please check expiry date or update master contract."}

2026-02-13 14:13:58,932 - ERROR - [AUTO] optionsymbol failed for PE: HTTP 404: {"status": "error", "message": "No strikes found for NIFTY expiring 17FEB26. Please check expiry date or update master contract."}

2026-02-13 14:14:05,134 - ERROR - [AUTO] optionsymbol failed for CE: HTTP 404: {"status": "error", "message": "No strikes found for NIFTY expiring 17FEB26. Please check expiry date or update master contract."}

2026-02-13 14:14:05,696 - ERROR - [AUTO] optionsymbol failed for PE: HTTP 404: {"status": "error", "message": "No strikes found for NIFTY expiring 17FEB26. Please check expiry date or update master contract."}

2026-02-13 14:14:12,758 - ERROR - [AUTO] optionsymbol failed for CE: HTTP 404: {"status": "error", "message": "No strikes found for NIFTY expiring 17FEB26. Please check expiry date or update master contract."}

2026-02-13 14:14:13,402 - ERROR - [AUTO] optionsymbol failed for PE: HTTP 404: {"status": "error", "message": "No strikes found for NIFTY expiring 17FEB26. Please check expiry date or update master contract."}

2026-02-13 14:14:19,803 - ERROR - [AUTO] optionsymbol failed for CE: HTTP 404: {"status": "error", "message": "No strikes found for NIFTY expiring 17FEB26. Please check expiry date or update master contract."}

2026-02-13 14:14:20,440 - ERROR - [AUTO] optionsymbol failed for PE: HTTP 404: {"status": "error", "message": "No strikes found for NIFTY expiring 17FEB26. Please check expiry date or update master contract."}

2026-02-13 14:14:27,094 - ERROR - [AUTO] optionsymbol failed for CE: HTTP 404: {"status": "error", "message": "No strikes found for NIFTY expiring 17FEB26. Please check expiry date or update master contract."}

2026-02-13 14:14:27,581 - ERROR - [AUTO] optionsymbol failed for PE: HTTP 404: {"status": "error", "message": "No strikes found for NIFTY expiring 17FEB26. Please check expiry date or update master contract."}

2026-02-13 14:14:33,590 - ERROR - [AUTO] optionsymbol failed for CE: HTTP 404: {"status": "error", "message": "No strikes found for NIFTY expiring 17FEB26. Please check expiry date or update master contract."}

2026-02-13 14:14:35,254 - ERROR - [AUTO] optionsymbol failed for PE: HTTP 404: {"status": "error", "message": "No strikes found for NIFTY expiring 17FEB26. Please check expiry date or update master contract."}

2026-02-13 14:14:41,503 - ERROR - [AUTO] optionsymbol failed for CE: HTTP 404: {"status": "error", "message": "No strikes found for NIFTY expiring 17FEB26. Please check expiry date or update master contract."}

2026-02-13 14:14:42,091 - ERROR - [AUTO] optionsymbol failed for PE: HTTP 404: {"status": "error", "message": "No strikes found for NIFTY expiring 17FEB26. Please check expiry date or update master contract."}

2026-02-13 14:14:48,320 - ERROR - [AUTO] optionsymbol failed for CE: HTTP 404: {"status": "error", "message": "No strikes found for NIFTY expiring 17FEB26. Please check expiry date or update master contract."}

2026-02-13 14:14:48,870 - ERROR - [AUTO] optionsymbol failed for PE: HTTP 404: {"status": "error", "message": "No strikes found for NIFTY expiring 17FEB26. Please check expiry date or update master contract."}

2026-02-13 14:14:55,025 - ERROR - [AUTO] optionsymbol failed for CE: HTTP 404: {"status": "error", "message": "No strikes found for NIFTY expiring 17FEB26. Please check expiry date or update master contract."}

2026-02-13 14:14:55,570 - ERROR - [AUTO] optionsymbol failed for PE: HTTP 404: {"status": "error", "message": "No strikes found for NIFTY expiring 17FEB26. Please check expiry date or update master contract."}

2026-02-13 14:15:01,763 - ERROR - [AUTO] optionsymbol failed for CE: HTTP 404: {"status": "error", "message": "No strikes found for NIFTY expiring 17FEB26. Please check expiry date or update master contract."}

2026-02-13 14:15:02,363 - ERROR - [AUTO] optionsymbol failed for PE: HTTP 404: {"status": "error", "message": "No strikes found for NIFTY expiring 17FEB26. Please check expiry date or update master contract."}

2026-02-13 14:15:08,658 - ERROR - [AUTO] optionsymbol failed for CE: HTTP 404: {"status": "error", "message": "No strikes found for NIFTY expiring 17FEB26. Please check expiry date or update master contract."}

2026-02-13 14:15:09,266 - ERROR - [AUTO] optionsymbol failed for PE: HTTP 404: {"status": "error", "message": "No strikes found for NIFTY expiring 17FEB26. Please check expiry date or update master contract."}

2026-02-13 14:15:15,492 - ERROR - [AUTO] optionsymbol failed for CE: HTTP 404: {"status": "error", "message": "No strikes found for NIFTY expiring 17FEB26. Please check expiry date or update master contract."}

2026-02-13 14:15:16,128 - ERROR - [AUTO] optionsymbol failed for PE: HTTP 404: {"status": "error", "message": "No strikes found for NIFTY expiring 17FEB26. Please check expiry date or update master contract."}

2026-02-13 14:15:23,470 - ERROR - [AUTO] optionsymbol failed for CE: HTTP 404: {"status": "error", "message": "No strikes found for NIFTY expiring 17FEB26. Please check expiry date or update master contract."}

2026-02-13 14:15:24,073 - ERROR - [AUTO] optionsymbol failed for PE: HTTP 404: {"status": "error", "message": "No strikes found for NIFTY expiring 17FEB26. Please check expiry date or update master contract."}

2026-02-13 14:15:30,240 - ERROR - [AUTO] optionsymbol failed for CE: HTTP 404: {"status": "error", "message": "No strikes found for NIFTY expiring 17FEB26. Please check expiry date or update master contract."}

2026-02-13 14:15:30,770 - ERROR - [AUTO] optionsymbol failed for PE: HTTP 404: {"status": "error", "message": "No strikes found for NIFTY expiring 17FEB26. Please check expiry date or update master contract."}

2026-02-13 14:15:36,982 - ERROR - [AUTO] optionsymbol failed for CE: HTTP 404: {"status": "error", "message": "No strikes found for NIFTY expiring 17FEB26. Please check expiry date or update master contract."}

2026-02-13 14:15:37,548 - ERROR - [AUTO] optionsymbol failed for PE: HTTP 404: {"status": "error", "message": "No strikes found for NIFTY expiring 17FEB26. Please check expiry date or update master contract."}

2026-02-13 14:15:43,590 - ERROR - [AUTO] optionsymbol failed for CE: HTTP 404: {"status": "error", "message": "No strikes found for NIFTY expiring 17FEB26. Please check expiry date or update master contract."}

2026-02-13 14:15:44,171 - ERROR - [AUTO] optionsymbol failed for PE: HTTP 404: {"status": "error", "message": "No strikes found for NIFTY expiring 17FEB26. Please check expiry date or update master contract."}

2026-02-13 14:15:50,382 - ERROR - [AUTO] optionsymbol failed for CE: HTTP 404: {"status": "error", "message": "No strikes found for NIFTY expiring 17FEB26. Please check expiry date or update master contract."}

2026-02-13 14:15:50,840 - ERROR - [AUTO] optionsymbol failed for PE: HTTP 404: {"status": "error", "message": "No strikes found for NIFTY expiring 17FEB26. Please check expiry date or update master contract."}

2026-02-13 14:15:58,763 - ERROR - [AUTO] optionsymbol failed for CE: HTTP 404: {"status": "error", "message": "No strikes found for NIFTY expiring 17FEB26. Please check expiry date or update master contract."}

2026-02-13 14:15:59,301 - ERROR - [AUTO] optionsymbol failed for PE: HTTP 404: {"status": "error", "message": "No strikes found for NIFTY expiring 17FEB26. Please check expiry date or update master contract."}

2026-02-13 14:16:05,608 - ERROR - [AUTO] optionsymbol failed for CE: HTTP 404: {"status": "error", "message": "No strikes found for NIFTY expiring 17FEB26. Please check expiry date or update master contract."}

2026-02-13 14:16:06,149 - ERROR - [AUTO] optionsymbol failed for PE: HTTP 404: {"status": "error", "message": "No strikes found for NIFTY expiring 17FEB26. Please check expiry date or update master contract."}

2026-02-13 14:16:12,359 - ERROR - [AUTO] optionsymbol failed for CE: HTTP 404: {"status": "error", "message": "No strikes found for NIFTY expiring 17FEB26. Please check expiry date or update master contract."}

2026-02-13 14:16:13,034 - ERROR - [AUTO] optionsymbol failed for PE: HTTP 404: {"status": "error", "message": "No strikes found for NIFTY expiring 17FEB26. Please check expiry date or update master contract."}

2026-02-13 14:16:19,151 - ERROR - [AUTO] optionsymbol failed for CE: HTTP 404: {"status": "error", "message": "No strikes found for NIFTY expiring 17FEB26. Please check expiry date or update master contract."}

2026-02-13 14:16:19,774 - ERROR - [AUTO] optionsymbol failed for PE: HTTP 404: {"status": "error", "message": "No strikes found for NIFTY expiring 17FEB26. Please check expiry date or update master contract."}

2026-02-13 14:16:25,920 - ERROR - [AUTO] optionsymbol failed for CE: HTTP 404: {"status": "error", "message": "No strikes found for NIFTY expiring 17FEB26. Please check expiry date or update master contract."}

2026-02-13 14:16:26,570 - ERROR - [AUTO] optionsymbol failed for PE: HTTP 404: {"status": "error", "message": "No strikes found for NIFTY expiring 17FEB26. Please check expiry date or update master contract."}

2026-02-13 14:16:34,304 - ERROR - [AUTO] optionsymbol failed for CE: HTTP 404: {"status": "error", "message": "No strikes found for NIFTY expiring 17FEB26. Please check expiry date or update master contract."}

2026-02-13 14:16:34,840 - ERROR - [AUTO] optionsymbol failed for PE: HTTP 404: {"status": "error", "message": "No strikes found for NIFTY expiring 17FEB26. Please check expiry date or update master contract."}

2026-02-13 14:16:41,041 - ERROR - [AUTO] optionsymbol failed for CE: HTTP 404: {"status": "error", "message": "No strikes found for NIFTY expiring 17FEB26. Please check expiry date or update master contract."}

2026-02-13 14:16:41,682 - ERROR - [AUTO] optionsymbol failed for PE: HTTP 404: {"status": "error", "message": "No strikes found for NIFTY expiring 17FEB26. Please check expiry date or update master contract."}

2026-02-13 14:16:47,921 - ERROR - [AUTO] optionsymbol failed for CE: HTTP 404: {"status": "error", "message": "No strikes found for NIFTY expiring 17FEB26. Please check expiry date or update master contract."}

2026-02-13 14:16:48,447 - ERROR - [AUTO] optionsymbol failed for PE: HTTP 404: {"status": "error", "message": "No strikes found for NIFTY expiring 17FEB26. Please check expiry date or update master contract."}

2026-02-13 14:16:54,534 - ERROR - [AUTO] optionsymbol failed for CE: HTTP 404: {"status": "error", "message": "No strikes found for NIFTY expiring 17FEB26. Please check expiry date or update master contract."}

2026-02-13 14:16:55,193 - ERROR - [AUTO] optionsymbol failed for PE: HTTP 404: {"status": "error", "message": "No strikes found for NIFTY expiring 17FEB26. Please check expiry date or update master contract."}

2026-02-13 14:17:01,533 - ERROR - [AUTO] optionsymbol failed for CE: HTTP 404: {"status": "error", "message": "No strikes found for NIFTY expiring 17FEB26. Please check expiry date or update master contract."}

2026-02-13 14:17:02,088 - ERROR - [AUTO] optionsymbol failed for PE: HTTP 404: {"status": "error", "message": "No strikes found for NIFTY expiring 17FEB26. Please check expiry date or update master contract."}

2026-02-13 14:17:09,608 - ERROR - [AUTO] optionsymbol failed for CE: HTTP 404: {"status": "error", "message": "No strikes found for NIFTY expiring 17FEB26. Please check expiry date or update master contract."}

2026-02-13 14:17:10,340 - ERROR - [AUTO] optionsymbol failed for PE: HTTP 404: {"status": "error", "message": "No strikes found for NIFTY expiring 17FEB26. Please check expiry date or update master contract."}

2026-02-13 14:17:16,390 - ERROR - [AUTO] optionsymbol failed for CE: HTTP 404: {"status": "error", "message": "No strikes found for NIFTY expiring 17FEB26. Please check expiry date or update master contract."}

2026-02-13 14:17:16,998 - ERROR - [AUTO] optionsymbol failed for PE: HTTP 404: {"status": "error", "message": "No strikes found for NIFTY expiring 17FEB26. Please check expiry date or update master contract."}

2026-02-13 14:17:23,249 - ERROR - [AUTO] optionsymbol failed for CE: HTTP 404: {"status": "error", "message": "No strikes found for NIFTY expiring 17FEB26. Please check expiry date or update master contract."}

2026-02-13 14:17:23,871 - ERROR - [AUTO] optionsymbol failed for PE: HTTP 404: {"status": "error", "message": "No strikes found for NIFTY expiring 17FEB26. Please check expiry date or update master contract."}

2026-02-13 14:17:30,035 - ERROR - [AUTO] optionsymbol failed for CE: HTTP 404: {"status": "error", "message": "No strikes found for NIFTY expiring 17FEB26. Please check expiry date or update master contract."}

2026-02-13 14:17:30,645 - ERROR - [AUTO] optionsymbol failed for PE: HTTP 404: {"status": "error", "message": "No strikes found for NIFTY expiring 17FEB26. Please check expiry date or update master contract."}

2026-02-13 14:17:36,842 - ERROR - [AUTO] optionsymbol failed for CE: HTTP 404: {"status": "error", "message": "No strikes found for NIFTY expiring 17FEB26. Please check expiry date or update master contract."}

2026-02-13 14:17:37,390 - ERROR - [AUTO] optionsymbol failed for PE: HTTP 404: {"status": "error", "message": "No strikes found for NIFTY expiring 17FEB26. Please check expiry date or update master contract."}

2026-02-13 14:17:44,682 - ERROR - [AUTO] optionsymbol failed for CE: HTTP 404: {"status": "error", "message": "No strikes found for NIFTY expiring 17FEB26. Please check expiry date or update master contract."}

2026-02-13 14:17:45,314 - ERROR - [AUTO] optionsymbol failed for PE: HTTP 404: {"status": "error", "message": "No strikes found for NIFTY expiring 17FEB26. Please check expiry date or update master contract."}

2026-02-13 14:17:51,528 - ERROR - [AUTO] optionsymbol failed for CE: HTTP 404: {"status": "error", "message": "No strikes found for NIFTY expiring 17FEB26. Please check expiry date or update master contract."}

2026-02-13 14:17:52,170 - ERROR - [AUTO] optionsymbol failed for PE: HTTP 404: {"status": "error", "message": "No strikes found for NIFTY expiring 17FEB26. Please check expiry date or update master contract."}

2026-02-13 14:17:58,482 - ERROR - [AUTO] optionsymbol failed for CE: HTTP 404: {"status": "error", "message": "No strikes found for NIFTY expiring 17FEB26. Please check expiry date or update master contract."}

2026-02-13 14:17:59,014 - ERROR - [AUTO] optionsymbol failed for PE: HTTP 404: {"status": "error", "message": "No strikes found for NIFTY expiring 17FEB26. Please check expiry date or update master contract."}

2026-02-13 14:18:05,380 - ERROR - [AUTO] optionsymbol failed for CE: HTTP 404: {"status": "error", "message": "No strikes found for NIFTY expiring 17FEB26. Please check expiry date or update master contract."}

2026-02-13 14:18:06,774 - ERROR - [AUTO] optionsymbol failed for PE: HTTP 404: {"status": "error", "message": "No strikes found for NIFTY expiring 17FEB26. Please check expiry date or update master contract."}

2026-02-13 14:18:12,990 - ERROR - [AUTO] optionsymbol failed for CE: HTTP 404: {"status": "error", "message": "No strikes found for NIFTY expiring 17FEB26. Please check expiry date or update master contract."}

2026-02-13 14:18:13,682 - ERROR - [AUTO] optionsymbol failed for PE: HTTP 404: {"status": "error", "message": "No strikes found for NIFTY expiring 17FEB26. Please check expiry date or update master contract."}

2026-02-13 14:18:20,818 - ERROR - [AUTO] optionsymbol failed for CE: HTTP 404: {"status": "error", "message": "No strikes found for NIFTY expiring 17FEB26. Please check expiry date or update master contract."}

2026-02-13 14:18:21,590 - ERROR - [AUTO] optionsymbol failed for PE: HTTP 404: {"status": "error", "message": "No strikes found for NIFTY expiring 17FEB26. Please check expiry date or update master contract."}

2026-02-13 14:18:27,654 - ERROR - [AUTO] optionsymbol failed for CE: HTTP 404: {"status": "error", "message": "No strikes found for NIFTY expiring 17FEB26. Please check expiry date or update master contract."}

2026-02-13 14:18:28,185 - ERROR - [AUTO] optionsymbol failed for PE: HTTP 404: {"status": "error", "message": "No strikes found for NIFTY expiring 17FEB26. Please check expiry date or update master contract."}

2026-02-13 14:18:34,311 - ERROR - [AUTO] optionsymbol failed for CE: HTTP 404: {"status": "error", "message": "No strikes found for NIFTY expiring 17FEB26. Please check expiry date or update master contract."}

2026-02-13 14:18:34,800 - ERROR - [AUTO] optionsymbol failed for PE: HTTP 404: {"status": "error", "message": "No strikes found for NIFTY expiring 17FEB26. Please check expiry date or update master contract."}

2026-02-13 14:18:41,000 - ERROR - [AUTO] optionsymbol failed for CE: HTTP 404: {"status": "error", "message": "No strikes found for NIFTY expiring 17FEB26. Please check expiry date or update master contract."}

2026-02-13 14:18:41,690 - ERROR - [AUTO] optionsymbol failed for PE: HTTP 404: {"status": "error", "message": "No strikes found for NIFTY expiring 17FEB26. Please check expiry date or update master contract."}

2026-02-13 14:18:47,753 - ERROR - [AUTO] optionsymbol failed for CE: HTTP 404: {"status": "error", "message": "No strikes found for NIFTY expiring 17FEB26. Please check expiry date or update master contract."}

2026-02-13 14:18:48,416 - ERROR - [AUTO] optionsymbol failed for PE: HTTP 404: {"status": "error", "message": "No strikes found for NIFTY expiring 17FEB26. Please check expiry date or update master contract."}

2026-02-13 14:18:56,918 - ERROR - [AUTO] optionsymbol failed for CE: HTTP 404: {"status": "error", "message": "No strikes found for NIFTY expiring 17FEB26. Please check expiry date or update master contract."}

2026-02-13 14:18:57,629 - ERROR - [AUTO] optionsymbol failed for PE: HTTP 404: {"status": "error", "message": "No strikes found for NIFTY expiring 17FEB26. Please check expiry date or update master contract."}

2026-02-13 14:19:03,701 - ERROR - [AUTO] optionsymbol failed for CE: HTTP 404: {"status": "error", "message": "No strikes found for NIFTY expiring 17FEB26. Please check expiry date or update master contract."}

2026-02-13 14:19:04,328 - ERROR - [AUTO] optionsymbol failed for PE: HTTP 404: {"status": "error", "message": "No strikes found for NIFTY expiring 17FEB26. Please check expiry date or update master contract."}

2026-02-13 14:19:10,519 - ERROR - [AUTO] optionsymbol failed for CE: HTTP 404: {"status": "error", "message": "No strikes found for NIFTY expiring 17FEB26. Please check expiry date or update master contract."}

2026-02-13 14:19:11,082 - ERROR - [AUTO] optionsymbol failed for PE: HTTP 404: {"status": "error", "message": "No strikes found for NIFTY expiring 17FEB26. Please check expiry date or update master contract."}

2026-02-13 14:19:17,241 - ERROR - [AUTO] optionsymbol failed for CE: HTTP 404: {"status": "error", "message": "No strikes found for NIFTY expiring 17FEB26. Please check expiry date or update master contract."}

2026-02-13 14:19:17,903 - ERROR - [AUTO] optionsymbol failed for PE: HTTP 404: {"status": "error", "message": "No strikes found for NIFTY expiring 17FEB26. Please check expiry date or update master contract."}

2026-02-13 14:19:24,040 - ERROR - [AUTO] optionsymbol failed for CE: HTTP 404: {"status": "error", "message": "No strikes found for NIFTY expiring 17FEB26. Please check expiry date or update master contract."}

2026-02-13 14:19:24,546 - ERROR - [AUTO] optionsymbol failed for PE: HTTP 404: {"status": "error", "message": "No strikes found for NIFTY expiring 17FEB26. Please check expiry date or update master contract."}

2026-02-13 14:19:31,463 - ERROR - [AUTO] optionsymbol failed for CE: HTTP 404: {"status": "error", "message": "No strikes found for NIFTY expiring 17FEB26. Please check expiry date or update master contract."}

2026-02-13 14:19:32,209 - ERROR - [AUTO] optionsymbol failed for PE: HTTP 404: {"status": "error", "message": "No strikes found for NIFTY expiring 17FEB26. Please check expiry date or update master contract."}

2026-02-13 14:19:38,270 - ERROR - [AUTO] optionsymbol failed for CE: HTTP 404: {"status": "error", "message": "No strikes found for NIFTY expiring 17FEB26. Please check expiry date or update master contract."}

2026-02-13 14:19:38,782 - ERROR - [AUTO] optionsymbol failed for PE: HTTP 404: {"status": "error", "message": "No strikes found for NIFTY expiring 17FEB26. Please check expiry date or update master contract."}

2026-02-13 14:19:44,990 - ERROR - [AUTO] optionsymbol failed for CE: HTTP 404: {"status": "error", "message": "No strikes found for NIFTY expiring 17FEB26. Please check expiry date or update master contract."}

2026-02-13 14:19:45,510 - ERROR - [AUTO] optionsymbol failed for PE: HTTP 404: {"status": "error", "message": "No strikes found for NIFTY expiring 17FEB26. Please check expiry date or update master contract."}

2026-02-13 14:19:51,658 - ERROR - [AUTO] optionsymbol failed for CE: HTTP 404: {"status": "error", "message": "No strikes found for NIFTY expiring 17FEB26. Please check expiry date or update master contract."}

2026-02-13 14:19:52,303 - ERROR - [AUTO] optionsymbol failed for PE: HTTP 404: {"status": "error", "message": "No strikes found for NIFTY expiring 17FEB26. Please check expiry date or update master contract."}

2026-02-13 14:19:58,782 - ERROR - [AUTO] optionsymbol failed for CE: HTTP 404: {"status": "error", "message": "No strikes found for NIFTY expiring 17FEB26. Please check expiry date or update master contract."}

2026-02-13 14:19:59,350 - ERROR - [AUTO] optionsymbol failed for PE: HTTP 404: {"status": "error", "message": "No strikes found for NIFTY expiring 17FEB26. Please check expiry date or update master contract."}

2026-02-13 14:20:05,541 - ERROR - [AUTO] optionsymbol failed for CE: HTTP 404: {"status": "error", "message": "No strikes found for NIFTY expiring 17FEB26. Please check expiry date or update master contract."}

2026-02-13 14:20:06,926 - ERROR - [AUTO] optionsymbol failed for PE: HTTP 404: {"status": "error", "message": "No strikes found for NIFTY expiring 17FEB26. Please check expiry date or update master contract."}

2026-02-13 14:20:13,132 - ERROR - [AUTO] optionsymbol failed for CE: HTTP 404: {"status": "error", "message": "No strikes found for NIFTY expiring 17FEB26. Please check expiry date or update master contract."}

2026-02-13 14:20:13,810 - ERROR - [AUTO] optionsymbol failed for PE: HTTP 404: {"status": "error", "message": "No strikes found for NIFTY expiring 17FEB26. Please check expiry date or update master contract."}

2026-02-13 14:20:20,250 - ERROR - [AUTO] optionsymbol failed for CE: HTTP 404: {"status": "error", "message": "No strikes found for NIFTY expiring 17FEB26. Please check expiry date or update master contract."}

2026-02-13 14:20:20,895 - ERROR - [AUTO] optionsymbol failed for PE: HTTP 404: {"status": "error", "message": "No strikes found for NIFTY expiring 17FEB26. Please check expiry date or update master contract."}

2026-02-13 14:20:27,132 - ERROR - [AUTO] optionsymbol failed for CE: HTTP 404: {"status": "error", "message": "No strikes found for NIFTY expiring 17FEB26. Please check expiry date or update master contract."}

2026-02-13 14:20:27,804 - ERROR - [AUTO] optionsymbol failed for PE: HTTP 404: {"status": "error", "message": "No strikes found for NIFTY expiring 17FEB26. Please check expiry date or update master contract."}

2026-02-13 14:20:34,133 - ERROR - [AUTO] optionsymbol failed for CE: HTTP 404: {"status": "error", "message": "No strikes found for NIFTY expiring 17FEB26. Please check expiry date or update master contract."}

2026-02-13 14:20:34,740 - ERROR - [AUTO] optionsymbol failed for PE: HTTP 404: {"status": "error", "message": "No strikes found for NIFTY expiring 17FEB26. Please check expiry date or update master contract."}

2026-02-13 14:20:40,912 - ERROR - [AUTO] optionsymbol failed for CE: HTTP 404: {"status": "error", "message": "No strikes found for NIFTY expiring 17FEB26. Please check expiry date or update master contract."}

2026-02-13 14:20:42,229 - ERROR - [AUTO] optionsymbol failed for PE: HTTP 404: {"status": "error", "message": "No strikes found for NIFTY expiring 17FEB26. Please check expiry date or update master contract."}

2026-02-13 14:20:48,559 - ERROR - [AUTO] optionsymbol failed for CE: HTTP 404: {"status": "error", "message": "No strikes found for NIFTY expiring 17FEB26. Please check expiry date or update master contract."}

2026-02-13 14:20:49,190 - ERROR - [AUTO] optionsymbol failed for PE: HTTP 404: {"status": "error", "message": "No strikes found for NIFTY expiring 17FEB26. Please check expiry date or update master contract."}

2026-02-13 14:20:55,471 - ERROR - [AUTO] optionsymbol failed for CE: HTTP 404: {"status": "error", "message": "No strikes found for NIFTY expiring 17FEB26. Please check expiry date or update master contract."}

2026-02-13 14:20:56,035 - ERROR - [AUTO] optionsymbol failed for PE: HTTP 404: {"status": "error", "message": "No strikes found for NIFTY expiring 17FEB26. Please check expiry date or update master contract."}

2026-02-13 14:21:02,250 - ERROR - [AUTO] optionsymbol failed for CE: HTTP 404: {"status": "error", "message": "No strikes found for NIFTY expiring 17FEB26. Please check expiry date or update master contract."}

2026-02-13 14:21:02,850 - ERROR - [AUTO] optionsymbol failed for PE: HTTP 404: {"status": "error", "message": "No strikes found for NIFTY expiring 17FEB26. Please check expiry date or update master contract."}

2026-02-13 14:21:09,020 - ERROR - [AUTO] optionsymbol failed for CE: HTTP 404: {"status": "error", "message": "No strikes found for NIFTY expiring 17FEB26. Please check expiry date or update master contract."}

2026-02-13 14:21:09,802 - ERROR - [AUTO] optionsymbol failed for PE: HTTP 404: {"status": "error", "message": "No strikes found for NIFTY expiring 17FEB26. Please check expiry date or update master contract."}

2026-02-13 14:21:16,197 - ERROR - [AUTO] optionsymbol failed for CE: HTTP 404: {"status": "error", "message": "No strikes found for NIFTY expiring 17FEB26. Please check expiry date or update master contract."}

2026-02-13 14:21:17,559 - ERROR - [AUTO] optionsymbol failed for PE: HTTP 404: {"status": "error", "message": "No strikes found for NIFTY expiring 17FEB26. Please check expiry date or update master contract."}

2026-02-13 14:21:23,640 - ERROR - [AUTO] optionsymbol failed for CE: HTTP 404: {"status": "error", "message": "No strikes found for NIFTY expiring 17FEB26. Please check expiry date or update master contract."}

2026-02-13 14:21:24,210 - ERROR - [AUTO] optionsymbol failed for PE: HTTP 404: {"status": "error", "message": "No strikes found for NIFTY expiring 17FEB26. Please check expiry date or update master contract."}

2026-02-13 14:21:30,810 - ERROR - [AUTO] optionsymbol failed for CE: HTTP 404: {"status": "error", "message": "No strikes found for NIFTY expiring 17FEB26. Please check expiry date or update master contract."}

2026-02-13 14:21:31,420 - ERROR - [AUTO] optionsymbol failed for PE: HTTP 404: {"status": "error", "message": "No strikes found for NIFTY expiring 17FEB26. Please check expiry date or update master contract."}

2026-02-13 14:21:37,532 - ERROR - [AUTO] optionsymbol failed for CE: HTTP 404: {"status": "error", "message": "No strikes found for NIFTY expiring 17FEB26. Please check expiry date or update master contract."}

2026-02-13 14:21:38,160 - ERROR - [AUTO] optionsymbol failed for PE: HTTP 404: {"status": "error", "message": "No strikes found for NIFTY expiring 17FEB26. Please check expiry date or update master contract."}

2026-02-13 14:21:44,619 - ERROR - [AUTO] optionsymbol failed for CE: HTTP 404: {"status": "error", "message": "No strikes found for NIFTY expiring 17FEB26. Please check expiry date or update master contract."}

2026-02-13 14:21:45,174 - ERROR - [AUTO] optionsymbol failed for PE: HTTP 404: {"status": "error", "message": "No strikes found for NIFTY expiring 17FEB26. Please check expiry date or update master contract."}

2026-02-13 14:21:51,508 - ERROR - [AUTO] optionsymbol failed for CE: HTTP 404: {"status": "error", "message": "No strikes found for NIFTY expiring 17FEB26. Please check expiry date or update master contract."}

2026-02-13 14:21:52,458 - ERROR - [AUTO] optionsymbol failed for PE: HTTP 404: {"status": "error", "message": "No strikes found for NIFTY expiring 17FEB26. Please check expiry date or update master contract."}

2026-02-13 14:21:58,708 - ERROR - [AUTO] optionsymbol failed for CE: HTTP 404: {"status": "error", "message": "No strikes found for NIFTY expiring 17FEB26. Please check expiry date or update master contract."}

2026-02-13 14:21:59,347 - ERROR - [AUTO] optionsymbol failed for PE: HTTP 404: {"status": "error", "message": "No strikes found for NIFTY expiring 17FEB26. Please check expiry date or update master contract."}

2026-02-13 14:22:06,370 - ERROR - [AUTO] optionsymbol failed for CE: HTTP 404: {"status": "error", "message": "No strikes found for NIFTY expiring 17FEB26. Please check expiry date or update master contract."}

2026-02-13 14:22:06,977 - ERROR - [AUTO] optionsymbol failed for PE: HTTP 404: {"status": "error", "message": "No strikes found for NIFTY expiring 17FEB26. Please check expiry date or update master contract."}

2026-02-13 14:22:13,091 - ERROR - [AUTO] optionsymbol failed for CE: HTTP 404: {"status": "error", "message": "No strikes found for NIFTY expiring 17FEB26. Please check expiry date or update master contract."}

2026-02-13 14:22:13,754 - ERROR - [AUTO] optionsymbol failed for PE: HTTP 404: {"status": "error", "message": "No strikes found for NIFTY expiring 17FEB26. Please check expiry date or update master contract."}

2026-02-13 14:22:20,048 - ERROR - [AUTO] optionsymbol failed for CE: HTTP 404: {"status": "error", "message": "No strikes found for NIFTY expiring 17FEB26. Please check expiry date or update master contract."}

2026-02-13 14:22:20,582 - ERROR - [AUTO] optionsymbol failed for PE: HTTP 404: {"status": "error", "message": "No strikes found for NIFTY expiring 17FEB26. Please check expiry date or update master contract."}

2026-02-13 14:22:26,632 - ERROR - [AUTO] optionsymbol failed for CE: HTTP 404: {"status": "error", "message": "No strikes found for NIFTY expiring 17FEB26. Please check expiry date or update master contract."}

2026-02-13 14:22:27,274 - ERROR - [AUTO] optionsymbol failed for PE: HTTP 404: {"status": "error", "message": "No strikes found for NIFTY expiring 17FEB26. Please check expiry date or update master contract."}

2026-02-13 14:22:33,394 - ERROR - [AUTO] optionsymbol failed for CE: HTTP 404: {"status": "error", "message": "No strikes found for NIFTY expiring 17FEB26. Please check expiry date or update master contract."}

2026-02-13 14:22:33,932 - ERROR - [AUTO] optionsymbol failed for PE: HTTP 404: {"status": "error", "message": "No strikes found for NIFTY expiring 17FEB26. Please check expiry date or update master contract."}

2026-02-13 14:22:41,799 - ERROR - [AUTO] optionsymbol failed for CE: HTTP 404: {"status": "error", "message": "No strikes found for NIFTY expiring 17FEB26. Please check expiry date or update master contract."}

2026-02-13 14:22:42,309 - ERROR - [AUTO] optionsymbol failed for PE: HTTP 404: {"status": "error", "message": "No strikes found for NIFTY expiring 17FEB26. Please check expiry date or update master contract."}

2026-02-13 14:22:48,321 - ERROR - [AUTO] optionsymbol failed for CE: HTTP 404: {"status": "error", "message": "No strikes found for NIFTY expiring 17FEB26. Please check expiry date or update master contract."}

2026-02-13 14:22:48,892 - ERROR - [AUTO] optionsymbol failed for PE: HTTP 404: {"status": "error", "message": "No strikes found for NIFTY expiring 17FEB26. Please check expiry date or update master contract."}

2026-02-13 14:22:54,986 - ERROR - [AUTO] optionsymbol failed for CE: HTTP 404: {"status": "error", "message": "No strikes found for NIFTY expiring 17FEB26. Please check expiry date or update master contract."}

2026-02-13 14:22:55,701 - ERROR - [AUTO] optionsymbol failed for PE: HTTP 404: {"status": "error", "message": "No strikes found for NIFTY expiring 17FEB26. Please check expiry date or update master contract."}

2026-02-13 14:23:01,946 - ERROR - [AUTO] optionsymbol failed for CE: HTTP 404: {"status": "error", "message": "No strikes found for NIFTY expiring 17FEB26. Please check expiry date or update master contract."}

2026-02-13 14:23:02,457 - ERROR - [AUTO] optionsymbol failed for PE: HTTP 404: {"status": "error", "message": "No strikes found for NIFTY expiring 17FEB26. Please check expiry date or update master contract."}

2026-02-13 14:23:08,598 - ERROR - [AUTO] optionsymbol failed for CE: HTTP 404: {"status": "error", "message": "No strikes found for NIFTY expiring 17FEB26. Please check expiry date or update master contract."}

2026-02-13 14:23:09,140 - ERROR - [AUTO] optionsymbol failed for PE: HTTP 404: {"status": "error", "message": "No strikes found for NIFTY expiring 17FEB26. Please check expiry date or update master contract."}

2026-02-13 14:23:16,820 - ERROR - [AUTO] optionsymbol failed for CE: HTTP 404: {"status": "error", "message": "No strikes found for NIFTY expiring 17FEB26. Please check expiry date or update master contract."}

2026-02-13 14:23:17,320 - ERROR - [AUTO] optionsymbol failed for PE: HTTP 404: {"status": "error", "message": "No strikes found for NIFTY expiring 17FEB26. Please check expiry date or update master contract."}

2026-02-13 14:23:23,458 - ERROR - [AUTO] optionsymbol failed for CE: HTTP 404: {"status": "error", "message": "No strikes found for NIFTY expiring 17FEB26. Please check expiry date or update master contract."}

2026-02-13 14:23:24,110 - ERROR - [AUTO] optionsymbol failed for PE: HTTP 404: {"status": "error", "message": "No strikes found for NIFTY expiring 17FEB26. Please check expiry date or update master contract."}

2026-02-13 14:23:30,362 - ERROR - [AUTO] optionsymbol failed for CE: HTTP 404: {"status": "error", "message": "No strikes found for NIFTY expiring 17FEB26. Please check expiry date or update master contract."}

2026-02-13 14:23:30,958 - ERROR - [AUTO] optionsymbol failed for PE: HTTP 404: {"status": "error", "message": "No strikes found for NIFTY expiring 17FEB26. Please check expiry date or update master contract."}

2026-02-13 14:23:37,136 - ERROR - [AUTO] optionsymbol failed for CE: HTTP 404: {"status": "error", "message": "No strikes found for NIFTY expiring 17FEB26. Please check expiry date or update master contract."}

2026-02-13 14:23:37,829 - ERROR - [AUTO] optionsymbol failed for PE: HTTP 404: {"status": "error", "message": "No strikes found for NIFTY expiring 17FEB26. Please check expiry date or update master contract."}

2026-02-13 14:23:44,232 - ERROR - [AUTO] optionsymbol failed for CE: HTTP 404: {"status": "error", "message": "No strikes found for NIFTY expiring 17FEB26. Please check expiry date or update master contract."}

2026-02-13 14:23:44,742 - ERROR - [AUTO] optionsymbol failed for PE: HTTP 404: {"status": "error", "message": "No strikes found for NIFTY expiring 17FEB26. Please check expiry date or update master contract."}

2026-02-13 14:23:52,840 - ERROR - [AUTO] optionsymbol failed for CE: HTTP 404: {"status": "error", "message": "No strikes found for NIFTY expiring 17FEB26. Please check expiry date or update master contract."}

2026-02-13 14:23:53,382 - ERROR - [AUTO] optionsymbol failed for PE: HTTP 404: {"status": "error", "message": "No strikes found for NIFTY expiring 17FEB26. Please check expiry date or update master contract."}

2026-02-13 14:23:59,733 - ERROR - [AUTO] optionsymbol failed for CE: HTTP 404: {"status": "error", "message": "No strikes found for NIFTY expiring 17FEB26. Please check expiry date or update master contract."}

2026-02-13 14:24:00,341 - ERROR - [AUTO] optionsymbol failed for PE: HTTP 404: {"status": "error", "message": "No strikes found for NIFTY expiring 17FEB26. Please check expiry date or update master contract."}

2026-02-13 14:24:06,708 - ERROR - [AUTO] optionsymbol failed for CE: HTTP 404: {"status": "error", "message": "No strikes found for NIFTY expiring 17FEB26. Please check expiry date or update master contract."}

2026-02-13 14:24:07,321 - ERROR - [AUTO] optionsymbol failed for PE: HTTP 404: {"status": "error", "message": "No strikes found for NIFTY expiring 17FEB26. Please check expiry date or update master contract."}

2026-02-13 14:24:13,577 - ERROR - [AUTO] optionsymbol failed for CE: HTTP 404: {"status": "error", "message": "No strikes found for NIFTY expiring 17FEB26. Please check expiry date or update master contract."}

2026-02-13 14:24:14,220 - ERROR - [AUTO] optionsymbol failed for PE: HTTP 404: {"status": "error", "message": "No strikes found for NIFTY expiring 17FEB26. Please check expiry date or update master contract."}

2026-02-13 14:24:20,462 - ERROR - [AUTO] optionsymbol failed for CE: HTTP 404: {"status": "error", "message": "No strikes found for NIFTY expiring 17FEB26. Please check expiry date or update master contract."}

2026-02-13 14:24:21,048 - ERROR - [AUTO] optionsymbol failed for PE: HTTP 404: {"status": "error", "message": "No strikes found for NIFTY expiring 17FEB26. Please check expiry date or update master contract."}

2026-02-13 14:24:28,578 - ERROR - [AUTO] optionsymbol failed for CE: HTTP 404: {"status": "error", "message": "No strikes found for NIFTY expiring 17FEB26. Please check expiry date or update master contract."}

2026-02-13 14:24:29,171 - ERROR - [AUTO] optionsymbol failed for PE: HTTP 404: {"status": "error", "message": "No strikes found for NIFTY expiring 17FEB26. Please check expiry date or update master contract."}

2026-02-13 14:24:35,390 - ERROR - [AUTO] optionsymbol failed for CE: HTTP 404: {"status": "error", "message": "No strikes found for NIFTY expiring 17FEB26. Please check expiry date or update master contract."}

2026-02-13 14:24:36,032 - ERROR - [AUTO] optionsymbol failed for PE: HTTP 404: {"status": "error", "message": "No strikes found for NIFTY expiring 17FEB26. Please check expiry date or update master contract."}

2026-02-13 14:24:42,058 - ERROR - [AUTO] optionsymbol failed for CE: HTTP 404: {"status": "error", "message": "No strikes found for NIFTY expiring 17FEB26. Please check expiry date or update master contract."}

2026-02-13 14:24:42,659 - ERROR - [AUTO] optionsymbol failed for PE: HTTP 404: {"status": "error", "message": "No strikes found for NIFTY expiring 17FEB26. Please check expiry date or update master contract."}

2026-02-13 14:24:48,958 - ERROR - [AUTO] optionsymbol failed for CE: HTTP 404: {"status": "error", "message": "No strikes found for NIFTY expiring 17FEB26. Please check expiry date or update master contract."}

2026-02-13 14:24:49,584 - ERROR - [AUTO] optionsymbol failed for PE: HTTP 404: {"status": "error", "message": "No strikes found for NIFTY expiring 17FEB26. Please check expiry date or update master contract."}

2026-02-13 14:24:55,790 - ERROR - [AUTO] optionsymbol failed for CE: HTTP 404: {"status": "error", "message": "No strikes found for NIFTY expiring 17FEB26. Please check expiry date or update master contract."}

2026-02-13 14:24:56,332 - ERROR - [AUTO] optionsymbol failed for PE: HTTP 404: {"status": "error", "message": "No strikes found for NIFTY expiring 17FEB26. Please check expiry date or update master contract."}

2026-02-13 14:25:03,952 - ERROR - [AUTO] optionsymbol failed for CE: HTTP 404: {"status": "error", "message": "No strikes found for NIFTY expiring 17FEB26. Please check expiry date or update master contract."}

2026-02-13 14:25:04,659 - ERROR - [AUTO] optionsymbol failed for PE: HTTP 404: {"status": "error", "message": "No strikes found for NIFTY expiring 17FEB26. Please check expiry date or update master contract."}

2026-02-13 14:25:10,946 - ERROR - [AUTO] optionsymbol failed for CE: HTTP 404: {"status": "error", "message": "No strikes found for NIFTY expiring 17FEB26. Please check expiry date or update master contract."}

2026-02-13 14:25:11,596 - ERROR - [AUTO] optionsymbol failed for PE: HTTP 404: {"status": "error", "message": "No strikes found for NIFTY expiring 17FEB26. Please check expiry date or update master contract."}

2026-02-13 14:25:18,294 - ERROR - [AUTO] optionsymbol failed for CE: HTTP 404: {"status": "error", "message": "No strikes found for NIFTY expiring 17FEB26. Please check expiry date or update master contract."}

2026-02-13 14:25:18,905 - ERROR - [AUTO] optionsymbol failed for PE: HTTP 404: {"status": "error", "message": "No strikes found for NIFTY expiring 17FEB26. Please check expiry date or update master contract."}

2026-02-13 14:25:25,224 - ERROR - [AUTO] optionsymbol failed for CE: HTTP 404: {"status": "error", "message": "No strikes found for NIFTY expiring 17FEB26. Please check expiry date or update master contract."}

2026-02-13 14:25:26,548 - ERROR - [AUTO] optionsymbol failed for PE: HTTP 404: {"status": "error", "message": "No strikes found for NIFTY expiring 17FEB26. Please check expiry date or update master contract."}

2026-02-13 14:25:32,815 - ERROR - [AUTO] optionsymbol failed for CE: HTTP 404: {"status": "error", "message": "No strikes found for NIFTY expiring 17FEB26. Please check expiry date or update master contract."}

2026-02-13 14:25:33,358 - ERROR - [AUTO] optionsymbol failed for PE: HTTP 404: {"status": "error", "message": "No strikes found for NIFTY expiring 17FEB26. Please check expiry date or update master contract."}

2026-02-13 14:25:39,644 - ERROR - [AUTO] optionsymbol failed for CE: HTTP 404: {"status": "error", "message": "No strikes found for NIFTY expiring 17FEB26. Please check expiry date or update master contract."}

2026-02-13 14:25:40,241 - ERROR - [AUTO] optionsymbol failed for PE: HTTP 404: {"status": "error", "message": "No strikes found for NIFTY expiring 17FEB26. Please check expiry date or update master contract."}

2026-02-13 14:25:46,482 - ERROR - [AUTO] optionsymbol failed for CE: HTTP 404: {"status": "error", "message": "No strikes found for NIFTY expiring 17FEB26. Please check expiry date or update master contract."}

2026-02-13 14:25:47,093 - ERROR - [AUTO] optionsymbol failed for PE: HTTP 404: {"status": "error", "message": "No strikes found for NIFTY expiring 17FEB26. Please check expiry date or update master contract."}

2026-02-13 14:25:53,134 - ERROR - [AUTO] optionsymbol failed for CE: HTTP 404: {"status": "error", "message": "No strikes found for NIFTY expiring 17FEB26. Please check expiry date or update master contract."}

2026-02-13 14:25:53,732 - ERROR - [AUTO] optionsymbol failed for PE: HTTP 404: {"status": "error", "message": "No strikes found for NIFTY expiring 17FEB26. Please check expiry date or update master contract."}

2026-02-13 14:25:59,767 - ERROR - [AUTO] optionsymbol failed for CE: HTTP 404: {"status": "error", "message": "No strikes found for NIFTY expiring 17FEB26. Please check expiry date or update master contract."}

2026-02-13 14:26:00,371 - ERROR - [AUTO] optionsymbol failed for PE: HTTP 404: {"status": "error", "message": "No strikes found for NIFTY expiring 17FEB26. Please check expiry date or update master contract."}

2026-02-13 14:26:06,382 - ERROR - [AUTO] optionsymbol failed for CE: HTTP 404: {"status": "error", "message": "No strikes found for NIFTY expiring 17FEB26. Please check expiry date or update master contract."}

2026-02-13 14:26:07,008 - ERROR - [AUTO] optionsymbol failed for PE: HTTP 404: {"status": "error", "message": "No strikes found for NIFTY expiring 17FEB26. Please check expiry date or update master contract."}

2026-02-13 14:26:14,649 - ERROR - [AUTO] optionsymbol failed for CE: HTTP 404: {"status": "error", "message": "No strikes found for NIFTY expiring 17FEB26. Please check expiry date or update master contract."}

2026-02-13 14:26:15,240 - ERROR - [AUTO] optionsymbol failed for PE: HTTP 404: {"status": "error", "message": "No strikes found for NIFTY expiring 17FEB26. Please check expiry date or update master contract."}

2026-02-13 14:26:21,470 - ERROR - [AUTO] optionsymbol failed for CE: HTTP 404: {"status": "error", "message": "No strikes found for NIFTY expiring 17FEB26. Please check expiry date or update master contract."}

2026-02-13 14:26:22,040 - ERROR - [AUTO] optionsymbol failed for PE: HTTP 404: {"status": "error", "message": "No strikes found for NIFTY expiring 17FEB26. Please check expiry date or update master contract."}

2026-02-13 14:26:28,211 - ERROR - [AUTO] optionsymbol failed for CE: HTTP 404: {"status": "error", "message": "No strikes found for NIFTY expiring 17FEB26. Please check expiry date or update master contract."}

2026-02-13 14:26:28,820 - ERROR - [AUTO] optionsymbol failed for PE: HTTP 404: {"status": "error", "message": "No strikes found for NIFTY expiring 17FEB26. Please check expiry date or update master contract."}

2026-02-13 14:26:34,903 - ERROR - [AUTO] optionsymbol failed for CE: HTTP 404: {"status": "error", "message": "No strikes found for NIFTY expiring 17FEB26. Please check expiry date or update master contract."}

2026-02-13 14:26:35,558 - ERROR - [AUTO] optionsymbol failed for PE: HTTP 404: {"status": "error", "message": "No strikes found for NIFTY expiring 17FEB26. Please check expiry date or update master contract."}

2026-02-13 14:26:41,858 - ERROR - [AUTO] optionsymbol failed for CE: HTTP 404: {"status": "error", "message": "No strikes found for NIFTY expiring 17FEB26. Please check expiry date or update master contract."}

2026-02-13 14:26:42,474 - ERROR - [AUTO] optionsymbol failed for PE: HTTP 404: {"status": "error", "message": "No strikes found for NIFTY expiring 17FEB26. Please check expiry date or update master contract."}

2026-02-13 14:26:49,978 - ERROR - [AUTO] optionsymbol failed for CE: HTTP 404: {"status": "error", "message": "No strikes found for NIFTY expiring 17FEB26. Please check expiry date or update master contract."}

2026-02-13 14:26:50,556 - ERROR - [AUTO] optionsymbol failed for PE: HTTP 404: {"status": "error", "message": "No strikes found for NIFTY expiring 17FEB26. Please check expiry date or update master contract."}

2026-02-13 14:26:56,670 - ERROR - [AUTO] optionsymbol failed for CE: HTTP 404: {"status": "error", "message": "No strikes found for NIFTY expiring 17FEB26. Please check expiry date or update master contract."}

2026-02-13 14:26:57,158 - ERROR - [AUTO] optionsymbol failed for PE: HTTP 404: {"status": "error", "message": "No strikes found for NIFTY expiring 17FEB26. Please check expiry date or update master contract."}

2026-02-13 14:27:03,091 - ERROR - [AUTO] optionsymbol failed for CE: HTTP 404: {"status": "error", "message": "No strikes found for NIFTY expiring 17FEB26. Please check expiry date or update master contract."}

2026-02-13 14:27:03,640 - ERROR - [AUTO] optionsymbol failed for PE: HTTP 404: {"status": "error", "message": "No strikes found for NIFTY expiring 17FEB26. Please check expiry date or update master contract."}

2026-02-13 14:27:09,699 - ERROR - [AUTO] optionsymbol failed for CE: HTTP 404: {"status": "error", "message": "No strikes found for NIFTY expiring 17FEB26. Please check expiry date or update master contract."}

2026-02-13 14:27:10,232 - ERROR - [AUTO] optionsymbol failed for PE: HTTP 404: {"status": "error", "message": "No strikes found for NIFTY expiring 17FEB26. Please check expiry date or update master contract."}

2026-02-13 14:27:16,392 - ERROR - [AUTO] optionsymbol failed for CE: HTTP 404: {"status": "error", "message": "No strikes found for NIFTY expiring 17FEB26. Please check expiry date or update master contract."}

2026-02-13 14:27:17,027 - ERROR - [AUTO] optionsymbol failed for PE: HTTP 404: {"status": "error", "message": "No strikes found for NIFTY expiring 17FEB26. Please check expiry date or update master contract."}

2026-02-13 14:27:24,140 - ERROR - [AUTO] optionsymbol failed for CE: HTTP 404: {"status": "error", "message": "No strikes found for NIFTY expiring 17FEB26. Please check expiry date or update master contract."}

2026-02-13 14:27:24,808 - ERROR - [AUTO] optionsymbol failed for PE: HTTP 404: {"status": "error", "message": "No strikes found for NIFTY expiring 17FEB26. Please check expiry date or update master contract."}

2026-02-13 14:27:30,994 - ERROR - [AUTO] optionsymbol failed for CE: HTTP 404: {"status": "error", "message": "No strikes found for NIFTY expiring 17FEB26. Please check expiry date or update master contract."}

2026-02-13 14:27:31,540 - ERROR - [AUTO] optionsymbol failed for PE: HTTP 404: {"status": "error", "message": "No strikes found for NIFTY expiring 17FEB26. Please check expiry date or update master contract."}

2026-02-13 14:27:37,732 - ERROR - [AUTO] optionsymbol failed for CE: HTTP 404: {"status": "error", "message": "No strikes found for NIFTY expiring 17FEB26. Please check expiry date or update master contract."}

2026-02-13 14:27:38,402 - ERROR - [AUTO] optionsymbol failed for PE: HTTP 404: {"status": "error", "message": "No strikes found for NIFTY expiring 17FEB26. Please check expiry date or update master contract."}

2026-02-13 14:27:44,522 - ERROR - [AUTO] optionsymbol failed for CE: HTTP 404: {"status": "error", "message": "No strikes found for NIFTY expiring 17FEB26. Please check expiry date or update master contract."}

2026-02-13 14:27:44,979 - ERROR - [AUTO] optionsymbol failed for PE: HTTP 404: {"status": "error", "message": "No strikes found for NIFTY expiring 17FEB26. Please check expiry date or update master contract."}

2026-02-13 14:27:51,300 - ERROR - [AUTO] optionsymbol failed for CE: HTTP 404: {"status": "error", "message": "No strikes found for NIFTY expiring 17FEB26. Please check expiry date or update master contract."}

2026-02-13 14:27:51,864 - ERROR - [AUTO] optionsymbol failed for PE: HTTP 404: {"status": "error", "message": "No strikes found for NIFTY expiring 17FEB26. Please check expiry date or update master contract."}

2026-02-13 14:27:58,721 - ERROR - [AUTO] optionsymbol failed for CE: HTTP 404: {"status": "error", "message": "No strikes found for NIFTY expiring 17FEB26. Please check expiry date or update master contract."}

2026-02-13 14:27:59,481 - ERROR - [AUTO] optionsymbol failed for PE: HTTP 404: {"status": "error", "message": "No strikes found for NIFTY expiring 17FEB26. Please check expiry date or update master contract."}

2026-02-13 14:28:05,826 - ERROR - [AUTO] optionsymbol failed for CE: HTTP 404: {"status": "error", "message": "No strikes found for NIFTY expiring 17FEB26. Please check expiry date or update master contract."}

2026-02-13 14:28:06,494 - ERROR - [AUTO] optionsymbol failed for PE: HTTP 404: {"status": "error", "message": "No strikes found for NIFTY expiring 17FEB26. Please check expiry date or update master contract."}

2026-02-13 14:28:12,632 - ERROR - [AUTO] optionsymbol failed for CE: HTTP 404: {"status": "error", "message": "No strikes found for NIFTY expiring 17FEB26. Please check expiry date or update master contract."}

2026-02-13 14:28:13,236 - ERROR - [AUTO] optionsymbol failed for PE: HTTP 404: {"status": "error", "message": "No strikes found for NIFTY expiring 17FEB26. Please check expiry date or update master contract."}

2026-02-13 14:28:19,347 - ERROR - [AUTO] optionsymbol failed for CE: HTTP 404: {"status": "error", "message": "No strikes found for NIFTY expiring 17FEB26. Please check expiry date or update master contract."}

2026-02-13 14:28:19,945 - ERROR - [AUTO] optionsymbol failed for PE: HTTP 404: {"status": "error", "message": "No strikes found for NIFTY expiring 17FEB26. Please check expiry date or update master contract."}

2026-02-13 14:28:26,246 - ERROR - [AUTO] optionsymbol failed for CE: HTTP 404: {"status": "error", "message": "No strikes found for NIFTY expiring 17FEB26. Please check expiry date or update master contract."}

2026-02-13 14:28:26,878 - ERROR - [AUTO] optionsymbol failed for PE: HTTP 404: {"status": "error", "message": "No strikes found for NIFTY expiring 17FEB26. Please check expiry date or update master contract."}

2026-02-13 14:28:33,890 - ERROR - [AUTO] optionsymbol failed for CE: HTTP 404: {"status": "error", "message": "No strikes found for NIFTY expiring 17FEB26. Please check expiry date or update master contract."}

2026-02-13 14:28:34,650 - ERROR - [AUTO] optionsymbol failed for PE: HTTP 404: {"status": "error", "message": "No strikes found for NIFTY expiring 17FEB26. Please check expiry date or update master contract."}

2026-02-13 14:28:40,758 - ERROR - [AUTO] optionsymbol failed for CE: HTTP 404: {"status": "error", "message": "No strikes found for NIFTY expiring 17FEB26. Please check expiry date or update master contract."}

2026-02-13 14:28:41,370 - ERROR - [AUTO] optionsymbol failed for PE: HTTP 404: {"status": "error", "message": "No strikes found for NIFTY expiring 17FEB26. Please check expiry date or update master contract."}

2026-02-13 14:28:47,690 - ERROR - [AUTO] optionsymbol failed for CE: HTTP 404: {"status": "error", "message": "No strikes found for NIFTY expiring 17FEB26. Please check expiry date or update master contract."}

2026-02-13 14:28:48,250 - ERROR - [AUTO] optionsymbol failed for PE: HTTP 404: {"status": "error", "message": "No strikes found for NIFTY expiring 17FEB26. Please check expiry date or update master contract."}

2026-02-13 14:28:54,408 - ERROR - [AUTO] optionsymbol failed for CE: HTTP 404: {"status": "error", "message": "No strikes found for NIFTY expiring 17FEB26. Please check expiry date or update master contract."}

2026-02-13 14:28:55,027 - ERROR - [AUTO] optionsymbol failed for PE: HTTP 404: {"status": "error", "message": "No strikes found for NIFTY expiring 17FEB26. Please check expiry date or update master contract."}

2026-02-13 14:29:01,371 - ERROR - [AUTO] optionsymbol failed for CE: HTTP 404: {"status": "error", "message": "No strikes found for NIFTY expiring 17FEB26. Please check expiry date or update master contract."}

2026-02-13 14:29:02,065 - ERROR - [AUTO] optionsymbol failed for PE: HTTP 404: {"status": "error", "message": "No strikes found for NIFTY expiring 17FEB26. Please check expiry date or update master contract."}

2026-02-13 14:29:09,296 - ERROR - [AUTO] optionsymbol failed for CE: HTTP 404: {"status": "error", "message": "No strikes found for NIFTY expiring 17FEB26. Please check expiry date or update master contract."}

2026-02-13 14:29:10,174 - ERROR - [AUTO] optionsymbol failed for PE: HTTP 404: {"status": "error", "message": "No strikes found for NIFTY expiring 17FEB26. Please check expiry date or update master contract."}

2026-02-13 14:29:16,482 - ERROR - [AUTO] optionsymbol failed for CE: HTTP 404: {"status": "error", "message": "No strikes found for NIFTY expiring 17FEB26. Please check expiry date or update master contract."}

2026-02-13 14:29:17,090 - ERROR - [AUTO] optionsymbol failed for PE: HTTP 404: {"status": "error", "message": "No strikes found for NIFTY expiring 17FEB26. Please check expiry date or update master contract."}

2026-02-13 14:29:23,295 - ERROR - [AUTO] optionsymbol failed for CE: HTTP 404: {"status": "error", "message": "No strikes found for NIFTY expiring 17FEB26. Please check expiry date or update master contract."}

2026-02-13 14:29:23,850 - ERROR - [AUTO] optionsymbol failed for PE: HTTP 404: {"status": "error", "message": "No strikes found for NIFTY expiring 17FEB26. Please check expiry date or update master contract."}

2026-02-13 14:29:29,930 - ERROR - [AUTO] optionsymbol failed for CE: HTTP 404: {"status": "error", "message": "No strikes found for NIFTY expiring 17FEB26. Please check expiry date or update master contract."}

2026-02-13 14:29:30,549 - ERROR - [AUTO] optionsymbol failed for PE: HTTP 404: {"status": "error", "message": "No strikes found for NIFTY expiring 17FEB26. Please check expiry date or update master contract."}

2026-02-13 14:29:36,754 - ERROR - [AUTO] optionsymbol failed for CE: HTTP 404: {"status": "error", "message": "No strikes found for NIFTY expiring 17FEB26. Please check expiry date or update master contract."}

2026-02-13 14:29:37,390 - ERROR - [AUTO] optionsymbol failed for PE: HTTP 404: {"status": "error", "message": "No strikes found for NIFTY expiring 17FEB26. Please check expiry date or update master contract."}

2026-02-13 14:29:43,526 - ERROR - [AUTO] optionsymbol failed for CE: HTTP 404: {"status": "error", "message": "No strikes found for NIFTY expiring 17FEB26. Please check expiry date or update master contract."}

2026-02-13 14:29:44,908 - ERROR - [AUTO] optionsymbol failed for PE: HTTP 404: {"status": "error", "message": "No strikes found for NIFTY expiring 17FEB26. Please check expiry date or update master contract."}

2026-02-13 14:29:51,196 - ERROR - [AUTO] optionsymbol failed for CE: HTTP 404: {"status": "error", "message": "No strikes found for NIFTY expiring 17FEB26. Please check expiry date or update master contract."}

2026-02-13 14:29:51,716 - ERROR - [AUTO] optionsymbol failed for PE: HTTP 404: {"status": "error", "message": "No strikes found for NIFTY expiring 17FEB26. Please check expiry date or update master contract."}

2026-02-13 14:29:57,958 - ERROR - [AUTO] optionsymbol failed for CE: HTTP 404: {"status": "error", "message": "No strikes found for NIFTY expiring 17FEB26. Please check expiry date or update master contract."}

2026-02-13 14:29:58,636 - ERROR - [AUTO] optionsymbol failed for PE: HTTP 404: {"status": "error", "message": "No strikes found for NIFTY expiring 17FEB26. Please check expiry date or update master contract."}

2026-02-13 14:30:04,840 - ERROR - [AUTO] optionsymbol failed for CE: HTTP 404: {"status": "error", "message": "No strikes found for NIFTY expiring 17FEB26. Please check expiry date or update master contract."}

2026-02-13 14:30:05,423 - ERROR - [AUTO] optionsymbol failed for PE: HTTP 404: {"status": "error", "message": "No strikes found for NIFTY expiring 17FEB26. Please check expiry date or update master contract."}

2026-02-13 14:30:11,784 - ERROR - [AUTO] optionsymbol failed for CE: HTTP 404: {"status": "error", "message": "No strikes found for NIFTY expiring 17FEB26. Please check expiry date or update master contract."}

2026-02-13 14:30:12,530 - ERROR - [AUTO] optionsymbol failed for PE: HTTP 404: {"status": "error", "message": "No strikes found for NIFTY expiring 17FEB26. Please check expiry date or update master contract."}

2026-02-13 14:30:18,470 - ERROR - [AUTO] optionsymbol failed for CE: HTTP 404: {"status": "error", "message": "No strikes found for NIFTY expiring 17FEB26. Please check expiry date or update master contract."}

2026-02-13 14:30:19,032 - ERROR - [AUTO] optionsymbol failed for PE: HTTP 404: {"status": "error", "message": "No strikes found for NIFTY expiring 17FEB26. Please check expiry date or update master contract."}

2026-02-13 14:30:25,420 - ERROR - [AUTO] optionsymbol failed for CE: HTTP 404: {"status": "error", "message": "No strikes found for NIFTY expiring 17FEB26. Please check expiry date or update master contract."}

2026-02-13 14:30:26,021 - ERROR - [AUTO] optionsymbol failed for PE: HTTP 404: {"status": "error", "message": "No strikes found for NIFTY expiring 17FEB26. Please check expiry date or update master contract."}

2026-02-13 14:30:34,002 - ERROR - [AUTO] optionsymbol failed for CE: HTTP 404: {"status": "error", "message": "No strikes found for NIFTY expiring 17FEB26. Please check expiry date or update master contract."}

2026-02-13 14:30:34,605 - ERROR - [AUTO] optionsymbol failed for PE: HTTP 404: {"status": "error", "message": "No strikes found for NIFTY expiring 17FEB26. Please check expiry date or update master contract."}

2026-02-13 14:30:41,008 - ERROR - [AUTO] optionsymbol failed for CE: HTTP 404: {"status": "error", "message": "No strikes found for NIFTY expiring 17FEB26. Please check expiry date or update master contract."}

2026-02-13 14:30:41,511 - ERROR - [AUTO] optionsymbol failed for PE: HTTP 404: {"status": "error", "message": "No strikes found for NIFTY expiring 17FEB26. Please check expiry date or update master contract."}

2026-02-13 14:30:47,852 - ERROR - [AUTO] optionsymbol failed for CE: HTTP 404: {"status": "error", "message": "No strikes found for NIFTY expiring 17FEB26. Please check expiry date or update master contract."}

2026-02-13 14:30:48,550 - ERROR - [AUTO] optionsymbol failed for PE: HTTP 404: {"status": "error", "message": "No strikes found for NIFTY expiring 17FEB26. Please check expiry date or update master contract."}

2026-02-13 14:30:54,641 - ERROR - [AUTO] optionsymbol failed for CE: HTTP 404: {"status": "error", "message": "No strikes found for NIFTY expiring 17FEB26. Please check expiry date or update master contract."}

2026-02-13 14:30:55,621 - ERROR - [AUTO] optionsymbol failed for PE: HTTP 404: {"status": "error", "message": "No strikes found for NIFTY expiring 17FEB26. Please check expiry date or update master contract."}

2026-02-13 14:31:01,758 - ERROR - [AUTO] optionsymbol failed for CE: HTTP 404: {"status": "error", "message": "No strikes found for NIFTY expiring 17FEB26. Please check expiry date or update master contract."}

2026-02-13 14:31:02,320 - ERROR - [AUTO] optionsymbol failed for PE: HTTP 404: {"status": "error", "message": "No strikes found for NIFTY expiring 17FEB26. Please check expiry date or update master contract."}

2026-02-13 14:31:09,142 - ERROR - [AUTO] optionsymbol failed for CE: HTTP 404: {"status": "error", "message": "No strikes found for NIFTY expiring 17FEB26. Please check expiry date or update master contract."}

2026-02-13 14:31:09,721 - ERROR - [AUTO] optionsymbol failed for PE: HTTP 404: {"status": "error", "message": "No strikes found for NIFTY expiring 17FEB26. Please check expiry date or update master contract."}

2026-02-13 14:31:15,865 - ERROR - [AUTO] optionsymbol failed for CE: HTTP 404: {"status": "error", "message": "No strikes found for NIFTY expiring 17FEB26. Please check expiry date or update master contract."}

2026-02-13 14:31:16,516 - ERROR - [AUTO] optionsymbol failed for PE: HTTP 404: {"status": "error", "message": "No strikes found for NIFTY expiring 17FEB26. Please check expiry date or update master contract."}

2026-02-13 14:31:22,514 - ERROR - [AUTO] optionsymbol failed for CE: HTTP 404: {"status": "error", "message": "No strikes found for NIFTY expiring 17FEB26. Please check expiry date or update master contract."}

2026-02-13 14:31:23,042 - ERROR - [AUTO] optionsymbol failed for PE: HTTP 404: {"status": "error", "message": "No strikes found for NIFTY expiring 17FEB26. Please check expiry date or update master contract."}

2026-02-13 14:31:29,117 - ERROR - [AUTO] optionsymbol failed for CE: HTTP 404: {"status": "error", "message": "No strikes found for NIFTY expiring 17FEB26. Please check expiry date or update master contract."}

2026-02-13 14:31:29,596 - ERROR - [AUTO] optionsymbol failed for PE: HTTP 404: {"status": "error", "message": "No strikes found for NIFTY expiring 17FEB26. Please check expiry date or update master contract."}

2026-02-13 14:31:35,558 - ERROR - [AUTO] optionsymbol failed for CE: HTTP 404: {"status": "error", "message": "No strikes found for NIFTY expiring 17FEB26. Please check expiry date or update master contract."}

2026-02-13 14:31:36,008 - ERROR - [AUTO] optionsymbol failed for PE: HTTP 404: {"status": "error", "message": "No strikes found for NIFTY expiring 17FEB26. Please check expiry date or update master contract."}

2026-02-13 14:31:42,840 - ERROR - [AUTO] optionsymbol failed for CE: HTTP 404: {"status": "error", "message": "No strikes found for NIFTY expiring 17FEB26. Please check expiry date or update master contract."}

2026-02-13 14:31:43,330 - ERROR - [AUTO] optionsymbol failed for PE: HTTP 404: {"status": "error", "message": "No strikes found for NIFTY expiring 17FEB26. Please check expiry date or update master contract."}

2026-02-13 14:31:49,590 - ERROR - [AUTO] optionsymbol failed for CE: HTTP 404: {"status": "error", "message": "No strikes found for NIFTY expiring 17FEB26. Please check expiry date or update master contract."}

2026-02-13 14:31:50,064 - ERROR - [AUTO] optionsymbol failed for PE: HTTP 404: {"status": "error", "message": "No strikes found for NIFTY expiring 17FEB26. Please check expiry date or update master contract."}

2026-02-13 14:31:56,258 - ERROR - [AUTO] optionsymbol failed for CE: HTTP 404: {"status": "error", "message": "No strikes found for NIFTY expiring 17FEB26. Please check expiry date or update master contract."}

2026-02-13 14:31:56,866 - ERROR - [AUTO] optionsymbol failed for PE: HTTP 404: {"status": "error", "message": "No strikes found for NIFTY expiring 17FEB26. Please check expiry date or update master contract."}

2026-02-13 14:32:02,884 - ERROR - [AUTO] optionsymbol failed for CE: HTTP 404: {"status": "error", "message": "No strikes found for NIFTY expiring 17FEB26. Please check expiry date or update master contract."}

2026-02-13 14:32:03,517 - ERROR - [AUTO] optionsymbol failed for PE: HTTP 404: {"status": "error", "message": "No strikes found for NIFTY expiring 17FEB26. Please check expiry date or update master contract."}

2026-02-13 14:32:09,799 - ERROR - [AUTO] optionsymbol failed for CE: HTTP 404: {"status": "error", "message": "No strikes found for NIFTY expiring 17FEB26. Please check expiry date or update master contract."}

2026-02-13 14:32:10,421 - ERROR - [AUTO] optionsymbol failed for PE: HTTP 404: {"status": "error", "message": "No strikes found for NIFTY expiring 17FEB26. Please check expiry date or update master contract."}

2026-02-13 14:32:16,417 - ERROR - [AUTO] optionsymbol failed for CE: HTTP 404: {"status": "error", "message": "No strikes found for NIFTY expiring 17FEB26. Please check expiry date or update master contract."}

2026-02-13 14:32:16,961 - ERROR - [AUTO] optionsymbol failed for PE: HTTP 404: {"status": "error", "message": "No strikes found for NIFTY expiring 17FEB26. Please check expiry date or update master contract."}

2026-02-13 14:32:23,185 - ERROR - [AUTO] optionsymbol failed for CE: HTTP 404: {"status": "error", "message": "No strikes found for NIFTY expiring 17FEB26. Please check expiry date or update master contract."}

2026-02-13 14:32:23,695 - ERROR - [AUTO] optionsymbol failed for PE: HTTP 404: {"status": "error", "message": "No strikes found for NIFTY expiring 17FEB26. Please check expiry date or update master contract."}

2026-02-13 14:32:31,158 - ERROR - [AUTO] optionsymbol failed for CE: HTTP 404: {"status": "error", "message": "No strikes found for NIFTY expiring 17FEB26. Please check expiry date or update master contract."}

2026-02-13 14:32:31,844 - ERROR - [AUTO] optionsymbol failed for PE: HTTP 404: {"status": "error", "message": "No strikes found for NIFTY expiring 17FEB26. Please check expiry date or update master contract."}

2026-02-13 14:32:38,012 - ERROR - [AUTO] optionsymbol failed for CE: HTTP 404: {"status": "error", "message": "No strikes found for NIFTY expiring 17FEB26. Please check expiry date or update master contract."}

2026-02-13 14:32:38,645 - ERROR - [AUTO] optionsymbol failed for PE: HTTP 404: {"status": "error", "message": "No strikes found for NIFTY expiring 17FEB26. Please check expiry date or update master contract."}

2026-02-13 14:32:44,790 - ERROR - [AUTO] optionsymbol failed for CE: HTTP 404: {"status": "error", "message": "No strikes found for NIFTY expiring 17FEB26. Please check expiry date or update master contract."}

2026-02-13 14:32:45,446 - ERROR - [AUTO] optionsymbol failed for PE: HTTP 404: {"status": "error", "message": "No strikes found for NIFTY expiring 17FEB26. Please check expiry date or update master contract."}

2026-02-13 14:32:51,582 - ERROR - [AUTO] optionsymbol failed for CE: HTTP 404: {"status": "error", "message": "No strikes found for NIFTY expiring 17FEB26. Please check expiry date or update master contract."}

2026-02-13 14:32:52,224 - ERROR - [AUTO] optionsymbol failed for PE: HTTP 404: {"status": "error", "message": "No strikes found for NIFTY expiring 17FEB26. Please check expiry date or update master contract."}

2026-02-13 14:32:58,835 - ERROR - [AUTO] optionsymbol failed for CE: HTTP 404: {"status": "error", "message": "No strikes found for NIFTY expiring 17FEB26. Please check expiry date or update master contract."}

2026-02-13 14:32:59,358 - ERROR - [AUTO] optionsymbol failed for PE: HTTP 404: {"status": "error", "message": "No strikes found for NIFTY expiring 17FEB26. Please check expiry date or update master contract."}

2026-02-13 14:33:06,655 - ERROR - [AUTO] optionsymbol failed for CE: HTTP 404: {"status": "error", "message": "No strikes found for NIFTY expiring 17FEB26. Please check expiry date or update master contract."}

2026-02-13 14:33:07,170 - ERROR - [AUTO] optionsymbol failed for PE: HTTP 404: {"status": "error", "message": "No strikes found for NIFTY expiring 17FEB26. Please check expiry date or update master contract."}

2026-02-13 14:33:13,334 - ERROR - [AUTO] optionsymbol failed for CE: HTTP 404: {"status": "error", "message": "No strikes found for NIFTY expiring 17FEB26. Please check expiry date or update master contract."}

2026-02-13 14:33:13,967 - ERROR - [AUTO] optionsymbol failed for PE: HTTP 404: {"status": "error", "message": "No strikes found for NIFTY expiring 17FEB26. Please check expiry date or update master contract."}

2026-02-13 14:33:20,168 - ERROR - [AUTO] optionsymbol failed for CE: HTTP 404: {"status": "error", "message": "No strikes found for NIFTY expiring 17FEB26. Please check expiry date or update master contract."}

2026-02-13 14:33:20,696 - ERROR - [AUTO] optionsymbol failed for PE: HTTP 404: {"status": "error", "message": "No strikes found for NIFTY expiring 17FEB26. Please check expiry date or update master contract."}

2026-02-13 14:33:26,762 - ERROR - [AUTO] optionsymbol failed for CE: HTTP 404: {"status": "error", "message": "No strikes found for NIFTY expiring 17FEB26. Please check expiry date or update master contract."}

2026-02-13 14:33:27,358 - ERROR - [AUTO] optionsymbol failed for PE: HTTP 404: {"status": "error", "message": "No strikes found for NIFTY expiring 17FEB26. Please check expiry date or update master contract."}

2026-02-13 14:33:33,558 - ERROR - [AUTO] optionsymbol failed for CE: HTTP 404: {"status": "error", "message": "No strikes found for NIFTY expiring 17FEB26. Please check expiry date or update master contract."}

2026-02-13 14:33:34,062 - ERROR - [AUTO] optionsymbol failed for PE: HTTP 404: {"status": "error", "message": "No strikes found for NIFTY expiring 17FEB26. Please check expiry date or update master contract."}

2026-02-13 14:33:41,963 - ERROR - [AUTO] optionsymbol failed for CE: HTTP 404: {"status": "error", "message": "No strikes found for NIFTY expiring 17FEB26. Please check expiry date or update master contract."}

2026-02-13 14:33:42,471 - ERROR - [AUTO] optionsymbol failed for PE: HTTP 404: {"status": "error", "message": "No strikes found for NIFTY expiring 17FEB26. Please check expiry date or update master contract."}

2026-02-13 14:33:48,791 - ERROR - [AUTO] optionsymbol failed for CE: HTTP 404: {"status": "error", "message": "No strikes found for NIFTY expiring 17FEB26. Please check expiry date or update master contract."}

2026-02-13 14:33:49,458 - ERROR - [AUTO] optionsymbol failed for PE: HTTP 404: {"status": "error", "message": "No strikes found for NIFTY expiring 17FEB26. Please check expiry date or update master contract."}

2026-02-13 14:33:55,617 - ERROR - [AUTO] optionsymbol failed for CE: HTTP 404: {"status": "error", "message": "No strikes found for NIFTY expiring 17FEB26. Please check expiry date or update master contract."}

2026-02-13 14:33:56,119 - ERROR - [AUTO] optionsymbol failed for PE: HTTP 404: {"status": "error", "message": "No strikes found for NIFTY expiring 17FEB26. Please check expiry date or update master contract."}

2026-02-13 14:34:02,308 - ERROR - [AUTO] optionsymbol failed for CE: HTTP 404: {"status": "error", "message": "No strikes found for NIFTY expiring 17FEB26. Please check expiry date or update master contract."}

2026-02-13 14:34:02,891 - ERROR - [AUTO] optionsymbol failed for PE: HTTP 404: {"status": "error", "message": "No strikes found for NIFTY expiring 17FEB26. Please check expiry date or update master contract."}

2026-02-13 14:34:09,124 - ERROR - [AUTO] optionsymbol failed for CE: HTTP 404: {"status": "error", "message": "No strikes found for NIFTY expiring 17FEB26. Please check expiry date or update master contract."}

2026-02-13 14:34:09,711 - ERROR - [AUTO] optionsymbol failed for PE: HTTP 404: {"status": "error", "message": "No strikes found for NIFTY expiring 17FEB26. Please check expiry date or update master contract."}

2026-02-13 14:34:17,271 - ERROR - [AUTO] optionsymbol failed for CE: HTTP 404: {"status": "error", "message": "No strikes found for NIFTY expiring 17FEB26. Please check expiry date or update master contract."}

2026-02-13 14:34:17,782 - ERROR - [AUTO] optionsymbol failed for PE: HTTP 404: {"status": "error", "message": "No strikes found for NIFTY expiring 17FEB26. Please check expiry date or update master contract."}

2026-02-13 14:34:23,938 - ERROR - [AUTO] optionsymbol failed for CE: HTTP 404: {"status": "error", "message": "No strikes found for NIFTY expiring 17FEB26. Please check expiry date or update master contract."}

2026-02-13 14:34:24,412 - ERROR - [AUTO] optionsymbol failed for PE: HTTP 404: {"status": "error", "message": "No strikes found for NIFTY expiring 17FEB26. Please check expiry date or update master contract."}

2026-02-13 14:34:30,543 - ERROR - [AUTO] optionsymbol failed for CE: HTTP 404: {"status": "error", "message": "No strikes found for NIFTY expiring 17FEB26. Please check expiry date or update master contract."}

2026-02-13 14:34:31,223 - ERROR - [AUTO] optionsymbol failed for PE: HTTP 404: {"status": "error", "message": "No strikes found for NIFTY expiring 17FEB26. Please check expiry date or update master contract."}

2026-02-13 14:34:37,273 - ERROR - [AUTO] optionsymbol failed for CE: HTTP 404: {"status": "error", "message": "No strikes found for NIFTY expiring 17FEB26. Please check expiry date or update master contract."}

2026-02-13 14:34:37,841 - ERROR - [AUTO] optionsymbol failed for PE: HTTP 404: {"status": "error", "message": "No strikes found for NIFTY expiring 17FEB26. Please check expiry date or update master contract."}

2026-02-13 14:34:44,121 - ERROR - [AUTO] optionsymbol failed for CE: HTTP 404: {"status": "error", "message": "No strikes found for NIFTY expiring 17FEB26. Please check expiry date or update master contract."}

2026-02-13 14:34:44,756 - ERROR - [AUTO] optionsymbol failed for PE: HTTP 404: {"status": "error", "message": "No strikes found for NIFTY expiring 17FEB26. Please check expiry date or update master contract."}

2026-02-13 14:34:53,258 - ERROR - [AUTO] optionsymbol failed for CE: HTTP 404: {"status": "error", "message": "No strikes found for NIFTY expiring 17FEB26. Please check expiry date or update master contract."}

2026-02-13 14:34:53,808 - ERROR - [AUTO] optionsymbol failed for PE: HTTP 404: {"status": "error", "message": "No strikes found for NIFTY expiring 17FEB26. Please check expiry date or update master contract."}

2026-02-13 14:35:00,240 - ERROR - [AUTO] optionsymbol failed for CE: HTTP 404: {"status": "error", "message": "No strikes found for NIFTY expiring 17FEB26. Please check expiry date or update master contract."}

2026-02-13 14:35:00,854 - ERROR - [AUTO] optionsymbol failed for PE: HTTP 404: {"status": "error", "message": "No strikes found for NIFTY expiring 17FEB26. Please check expiry date or update master contract."}

2026-02-13 14:35:07,139 - ERROR - [AUTO] optionsymbol failed for CE: HTTP 404: {"status": "error", "message": "No strikes found for NIFTY expiring 17FEB26. Please check expiry date or update master contract."}

2026-02-13 14:35:07,840 - ERROR - [AUTO] optionsymbol failed for PE: HTTP 404: {"status": "error", "message": "No strikes found for NIFTY expiring 17FEB26. Please check expiry date or update master contract."}

2026-02-13 14:35:14,153 - ERROR - [AUTO] optionsymbol failed for CE: HTTP 404: {"status": "error", "message": "No strikes found for NIFTY expiring 17FEB26. Please check expiry date or update master contract."}

2026-02-13 14:35:15,754 - ERROR - [AUTO] optionsymbol failed for PE: HTTP 404: {"status": "error", "message": "No strikes found for NIFTY expiring 17FEB26. Please check expiry date or update master contract."}

2026-02-13 14:35:21,843 - ERROR - [AUTO] optionsymbol failed for CE: HTTP 404: {"status": "error", "message": "No strikes found for NIFTY expiring 17FEB26. Please check expiry date or update master contract."}

2026-02-13 14:35:22,462 - ERROR - [AUTO] optionsymbol failed for PE: HTTP 404: {"status": "error", "message": "No strikes found for NIFTY expiring 17FEB26. Please check expiry date or update master contract."}

2026-02-13 14:35:29,240 - ERROR - [AUTO] optionsymbol failed for CE: HTTP 404: {"status": "error", "message": "No strikes found for NIFTY expiring 17FEB26. Please check expiry date or update master contract."}

2026-02-13 14:35:29,821 - ERROR - [AUTO] optionsymbol failed for PE: HTTP 404: {"status": "error", "message": "No strikes found for NIFTY expiring 17FEB26. Please check expiry date or update master contract."}

2026-02-13 14:35:36,075 - ERROR - [AUTO] optionsymbol failed for CE: HTTP 404: {"status": "error", "message": "No strikes found for NIFTY expiring 17FEB26. Please check expiry date or update master contract."}

2026-02-13 14:35:36,822 - ERROR - [AUTO] optionsymbol failed for PE: HTTP 404: {"status": "error", "message": "No strikes found for NIFTY expiring 17FEB26. Please check expiry date or update master contract."}

2026-02-13 14:35:42,896 - ERROR - [AUTO] optionsymbol failed for CE: HTTP 404: {"status": "error", "message": "No strikes found for NIFTY expiring 17FEB26. Please check expiry date or update master contract."}

2026-02-13 14:35:43,449 - ERROR - [AUTO] optionsymbol failed for PE: HTTP 404: {"status": "error", "message": "No strikes found for NIFTY expiring 17FEB26. Please check expiry date or update master contract."}

2026-02-13 14:35:49,631 - ERROR - [AUTO] optionsymbol failed for CE: HTTP 404: {"status": "error", "message": "No strikes found for NIFTY expiring 17FEB26. Please check expiry date or update master contract."}

2026-02-13 14:35:50,202 - ERROR - [AUTO] optionsymbol failed for PE: HTTP 404: {"status": "error", "message": "No strikes found for NIFTY expiring 17FEB26. Please check expiry date or update master contract."}

2026-02-13 14:35:56,322 - ERROR - [AUTO] optionsymbol failed for CE: HTTP 404: {"status": "error", "message": "No strikes found for NIFTY expiring 17FEB26. Please check expiry date or update master contract."}

2026-02-13 14:35:56,990 - ERROR - [AUTO] optionsymbol failed for PE: HTTP 404: {"status": "error", "message": "No strikes found for NIFTY expiring 17FEB26. Please check expiry date or update master contract."}

2026-02-13 14:36:04,812 - ERROR - [AUTO] optionsymbol failed for CE: HTTP 404: {"status": "error", "message": "No strikes found for NIFTY expiring 17FEB26. Please check expiry date or update master contract."}

2026-02-13 14:36:05,354 - ERROR - [AUTO] optionsymbol failed for PE: HTTP 404: {"status": "error", "message": "No strikes found for NIFTY expiring 17FEB26. Please check expiry date or update master contract."}

2026-02-13 14:36:11,340 - ERROR - [AUTO] optionsymbol failed for CE: HTTP 404: {"status": "error", "message": "No strikes found for NIFTY expiring 17FEB26. Please check expiry date or update master contract."}

2026-02-13 14:36:11,892 - ERROR - [AUTO] optionsymbol failed for PE: HTTP 404: {"status": "error", "message": "No strikes found for NIFTY expiring 17FEB26. Please check expiry date or update master contract."}

2026-02-13 14:36:18,165 - ERROR - [AUTO] optionsymbol failed for CE: HTTP 404: {"status": "error", "message": "No strikes found for NIFTY expiring 17FEB26. Please check expiry date or update master contract."}

2026-02-13 14:36:18,790 - ERROR - [AUTO] optionsymbol failed for PE: HTTP 404: {"status": "error", "message": "No strikes found for NIFTY expiring 17FEB26. Please check expiry date or update master contract."}

2026-02-13 14:36:25,397 - ERROR - [AUTO] optionsymbol failed for CE: HTTP 404: {"status": "error", "message": "No strikes found for NIFTY expiring 17FEB26. Please check expiry date or update master contract."}

2026-02-13 14:36:26,958 - ERROR - [AUTO] optionsymbol failed for PE: HTTP 404: {"status": "error", "message": "No strikes found for NIFTY expiring 17FEB26. Please check expiry date or update master contract."}

2026-02-13 14:36:33,293 - ERROR - [AUTO] optionsymbol failed for CE: HTTP 404: {"status": "error", "message": "No strikes found for NIFTY expiring 17FEB26. Please check expiry date or update master contract."}

2026-02-13 14:36:33,958 - ERROR - [AUTO] optionsymbol failed for PE: HTTP 404: {"status": "error", "message": "No strikes found for NIFTY expiring 17FEB26. Please check expiry date or update master contract."}

2026-02-13 14:36:40,062 - ERROR - [AUTO] optionsymbol failed for CE: HTTP 404: {"status": "error", "message": "No strikes found for NIFTY expiring 17FEB26. Please check expiry date or update master contract."}

2026-02-13 14:36:40,615 - ERROR - [AUTO] optionsymbol failed for PE: HTTP 404: {"status": "error", "message": "No strikes found for NIFTY expiring 17FEB26. Please check expiry date or update master contract."}

2026-02-13 14:36:46,903 - ERROR - [AUTO] optionsymbol failed for CE: HTTP 404: {"status": "error", "message": "No strikes found for NIFTY expiring 17FEB26. Please check expiry date or update master contract."}

2026-02-13 14:36:47,476 - ERROR - [AUTO] optionsymbol failed for PE: HTTP 404: {"status": "error", "message": "No strikes found for NIFTY expiring 17FEB26. Please check expiry date or update master contract."}

2026-02-13 14:36:53,768 - ERROR - [AUTO] optionsymbol failed for CE: HTTP 404: {"status": "error", "message": "No strikes found for NIFTY expiring 17FEB26. Please check expiry date or update master contract."}

2026-02-13 14:36:54,382 - ERROR - [AUTO] optionsymbol failed for PE: HTTP 404: {"status": "error", "message": "No strikes found for NIFTY expiring 17FEB26. Please check expiry date or update master contract."}

2026-02-13 14:37:00,670 - ERROR - [AUTO] optionsymbol failed for CE: HTTP 404: {"status": "error", "message": "No strikes found for NIFTY expiring 17FEB26. Please check expiry date or update master contract."}

2026-02-13 14:37:01,949 - ERROR - [AUTO] optionsymbol failed for PE: HTTP 404: {"status": "error", "message": "No strikes found for NIFTY expiring 17FEB26. Please check expiry date or update master contract."}

2026-02-13 14:37:08,294 - ERROR - [AUTO] optionsymbol failed for CE: HTTP 404: {"status": "error", "message": "No strikes found for NIFTY expiring 17FEB26. Please check expiry date or update master contract."}

2026-02-13 14:37:08,934 - ERROR - [AUTO] optionsymbol failed for PE: HTTP 404: {"status": "error", "message": "No strikes found for NIFTY expiring 17FEB26. Please check expiry date or update master contract."}

2026-02-13 14:37:15,270 - ERROR - [AUTO] optionsymbol failed for CE: HTTP 404: {"status": "error", "message": "No strikes found for NIFTY expiring 17FEB26. Please check expiry date or update master contract."}

2026-02-13 14:37:15,840 - ERROR - [AUTO] optionsymbol failed for PE: HTTP 404: {"status": "error", "message": "No strikes found for NIFTY expiring 17FEB26. Please check expiry date or update master contract."}

2026-02-13 14:37:22,003 - ERROR - [AUTO] optionsymbol failed for CE: HTTP 404: {"status": "error", "message": "No strikes found for NIFTY expiring 17FEB26. Please check expiry date or update master contract."}

2026-02-13 14:37:22,608 - ERROR - [AUTO] optionsymbol failed for PE: HTTP 404: {"status": "error", "message": "No strikes found for NIFTY expiring 17FEB26. Please check expiry date or update master contract."}

2026-02-13 14:37:28,684 - ERROR - [AUTO] optionsymbol failed for CE: HTTP 404: {"status": "error", "message": "No strikes found for NIFTY expiring 17FEB26. Please check expiry date or update master contract."}

2026-02-13 14:37:29,272 - ERROR - [AUTO] optionsymbol failed for PE: HTTP 404: {"status": "error", "message": "No strikes found for NIFTY expiring 17FEB26. Please check expiry date or update master contract."}

2026-02-13 14:37:35,508 - ERROR - [AUTO] optionsymbol failed for CE: HTTP 404: {"status": "error", "message": "No strikes found for NIFTY expiring 17FEB26. Please check expiry date or update master contract."}

2026-02-13 14:37:36,086 - ERROR - [AUTO] optionsymbol failed for PE: HTTP 404: {"status": "error", "message": "No strikes found for NIFTY expiring 17FEB26. Please check expiry date or update master contract."}

2026-02-13 14:37:42,332 - ERROR - [AUTO] optionsymbol failed for CE: HTTP 404: {"status": "error", "message": "No strikes found for NIFTY expiring 17FEB26. Please check expiry date or update master contract."}

2026-02-13 14:37:42,898 - ERROR - [AUTO] optionsymbol failed for PE: HTTP 404: {"status": "error", "message": "No strikes found for NIFTY expiring 17FEB26. Please check expiry date or update master contract."}

2026-02-13 14:37:50,142 - ERROR - [AUTO] optionsymbol failed for CE: HTTP 404: {"status": "error", "message": "No strikes found for NIFTY expiring 17FEB26. Please check expiry date or update master contract."}

2026-02-13 14:37:50,821 - ERROR - [AUTO] optionsymbol failed for PE: HTTP 404: {"status": "error", "message": "No strikes found for NIFTY expiring 17FEB26. Please check expiry date or update master contract."}

2026-02-13 14:37:57,042 - ERROR - [AUTO] optionsymbol failed for CE: HTTP 404: {"status": "error", "message": "No strikes found for NIFTY expiring 17FEB26. Please check expiry date or update master contract."}

2026-02-13 14:37:57,720 - ERROR - [AUTO] optionsymbol failed for PE: HTTP 404: {"status": "error", "message": "No strikes found for NIFTY expiring 17FEB26. Please check expiry date or update master contract."}

2026-02-13 14:38:03,775 - ERROR - [AUTO] optionsymbol failed for CE: HTTP 404: {"status": "error", "message": "No strikes found for NIFTY expiring 17FEB26. Please check expiry date or update master contract."}

2026-02-13 14:38:04,358 - ERROR - [AUTO] optionsymbol failed for PE: HTTP 404: {"status": "error", "message": "No strikes found for NIFTY expiring 17FEB26. Please check expiry date or update master contract."}

2026-02-13 14:38:10,712 - ERROR - [AUTO] optionsymbol failed for CE: HTTP 404: {"status": "error", "message": "No strikes found for NIFTY expiring 17FEB26. Please check expiry date or update master contract."}

2026-02-13 14:38:11,632 - ERROR - [AUTO] optionsymbol failed for PE: HTTP 404: {"status": "error", "message": "No strikes found for NIFTY expiring 17FEB26. Please check expiry date or update master contract."}

2026-02-13 14:38:17,996 - ERROR - [AUTO] optionsymbol failed for CE: HTTP 404: {"status": "error", "message": "No strikes found for NIFTY expiring 17FEB26. Please check expiry date or update master contract."}

2026-02-13 14:38:18,677 - ERROR - [AUTO] optionsymbol failed for PE: HTTP 404: {"status": "error", "message": "No strikes found for NIFTY expiring 17FEB26. Please check expiry date or update master contract."}

2026-02-13 14:38:25,170 - ERROR - [AUTO] optionsymbol failed for CE: HTTP 404: {"status": "error", "message": "No strikes found for NIFTY expiring 17FEB26. Please check expiry date or update master contract."}

2026-02-13 14:38:25,851 - ERROR - [AUTO] optionsymbol failed for PE: HTTP 404: {"status": "error", "message": "No strikes found for NIFTY expiring 17FEB26. Please check expiry date or update master contract."}

2026-02-13 14:38:32,049 - ERROR - [AUTO] optionsymbol failed for CE: HTTP 404: {"status": "error", "message": "No strikes found for NIFTY expiring 17FEB26. Please check expiry date or update master contract."}

2026-02-13 14:38:32,646 - ERROR - [AUTO] optionsymbol failed for PE: HTTP 404: {"status": "error", "message": "No strikes found for NIFTY expiring 17FEB26. Please check expiry date or update master contract."}

2026-02-13 14:38:38,815 - ERROR - [AUTO] optionsymbol failed for CE: HTTP 404: {"status": "error", "message": "No strikes found for NIFTY expiring 17FEB26. Please check expiry date or update master contract."}

2026-02-13 14:38:39,464 - ERROR - [AUTO] optionsymbol failed for PE: HTTP 404: {"status": "error", "message": "No strikes found for NIFTY expiring 17FEB26. Please check expiry date or update master contract."}

2026-02-13 14:38:45,570 - ERROR - [AUTO] optionsymbol failed for CE: HTTP 404: {"status": "error", "message": "No strikes found for NIFTY expiring 17FEB26. Please check expiry date or update master contract."}

2026-02-13 14:38:46,490 - ERROR - [AUTO] optionsymbol failed for PE: HTTP 404: {"status": "error", "message": "No strikes found for NIFTY expiring 17FEB26. Please check expiry date or update master contract."}

2026-02-13 14:38:52,558 - ERROR - [AUTO] optionsymbol failed for CE: HTTP 404: {"status": "error", "message": "No strikes found for NIFTY expiring 17FEB26. Please check expiry date or update master contract."}

2026-02-13 14:38:53,123 - ERROR - [AUTO] optionsymbol failed for PE: HTTP 404: {"status": "error", "message": "No strikes found for NIFTY expiring 17FEB26. Please check expiry date or update master contract."}

2026-02-13 14:39:00,158 - ERROR - [AUTO] optionsymbol failed for CE: HTTP 404: {"status": "error", "message": "No strikes found for NIFTY expiring 17FEB26. Please check expiry date or update master contract."}

2026-02-13 14:39:00,801 - ERROR - [AUTO] optionsymbol failed for PE: HTTP 404: {"status": "error", "message": "No strikes found for NIFTY expiring 17FEB26. Please check expiry date or update master contract."}

2026-02-13 14:39:07,108 - ERROR - [AUTO] optionsymbol failed for CE: HTTP 404: {"status": "error", "message": "No strikes found for NIFTY expiring 17FEB26. Please check expiry date or update master contract."}

2026-02-13 14:39:07,673 - ERROR - [AUTO] optionsymbol failed for PE: HTTP 404: {"status": "error", "message": "No strikes found for NIFTY expiring 17FEB26. Please check expiry date or update master contract."}

2026-02-13 14:39:13,860 - ERROR - [AUTO] optionsymbol failed for CE: HTTP 404: {"status": "error", "message": "No strikes found for NIFTY expiring 17FEB26. Please check expiry date or update master contract."}

2026-02-13 14:39:14,575 - ERROR - [AUTO] optionsymbol failed for PE: HTTP 404: {"status": "error", "message": "No strikes found for NIFTY expiring 17FEB26. Please check expiry date or update master contract."}

2026-02-13 14:39:20,859 - ERROR - [AUTO] optionsymbol failed for CE: HTTP 404: {"status": "error", "message": "No strikes found for NIFTY expiring 17FEB26. Please check expiry date or update master contract."}

2026-02-13 14:39:22,442 - ERROR - [AUTO] optionsymbol failed for PE: HTTP 404: {"status": "error", "message": "No strikes found for NIFTY expiring 17FEB26. Please check expiry date or update master contract."}

2026-02-13 14:39:28,758 - ERROR - [AUTO] optionsymbol failed for CE: HTTP 404: {"status": "error", "message": "No strikes found for NIFTY expiring 17FEB26. Please check expiry date or update master contract."}

2026-02-13 14:39:29,346 - ERROR - [AUTO] optionsymbol failed for PE: HTTP 404: {"status": "error", "message": "No strikes found for NIFTY expiring 17FEB26. Please check expiry date or update master contract."}

2026-02-13 14:39:35,580 - ERROR - [AUTO] optionsymbol failed for CE: HTTP 404: {"status": "error", "message": "No strikes found for NIFTY expiring 17FEB26. Please check expiry date or update master contract."}

2026-02-13 14:39:36,240 - ERROR - [AUTO] optionsymbol failed for PE: HTTP 404: {"status": "error", "message": "No strikes found for NIFTY expiring 17FEB26. Please check expiry date or update master contract."}

2026-02-13 14:39:42,490 - ERROR - [AUTO] optionsymbol failed for CE: HTTP 404: {"status": "error", "message": "No strikes found for NIFTY expiring 17FEB26. Please check expiry date or update master contract."}

2026-02-13 14:39:43,197 - ERROR - [AUTO] optionsymbol failed for PE: HTTP 404: {"status": "error", "message": "No strikes found for NIFTY expiring 17FEB26. Please check expiry date or update master contract."}

2026-02-13 14:39:49,313 - ERROR - [AUTO] optionsymbol failed for CE: HTTP 404: {"status": "error", "message": "No strikes found for NIFTY expiring 17FEB26. Please check expiry date or update master contract."}

2026-02-13 14:39:50,011 - ERROR - [AUTO] optionsymbol failed for PE: HTTP 404: {"status": "error", "message": "No strikes found for NIFTY expiring 17FEB26. Please check expiry date or update master contract."}

2026-02-13 14:39:56,999 - ERROR - [AUTO] optionsymbol failed for CE: HTTP 404: {"status": "error", "message": "No strikes found for NIFTY expiring 17FEB26. Please check expiry date or update master contract."}

2026-02-13 14:39:58,318 - ERROR - [AUTO] optionsymbol failed for PE: HTTP 404: {"status": "error", "message": "No strikes found for NIFTY expiring 17FEB26. Please check expiry date or update master contract."}

2026-02-13 14:40:04,540 - ERROR - [AUTO] optionsymbol failed for CE: HTTP 404: {"status": "error", "message": "No strikes found for NIFTY expiring 17FEB26. Please check expiry date or update master contract."}

2026-02-13 14:40:05,192 - ERROR - [AUTO] optionsymbol failed for PE: HTTP 404: {"status": "error", "message": "No strikes found for NIFTY expiring 17FEB26. Please check expiry date or update master contract."}

2026-02-13 14:40:11,532 - ERROR - [AUTO] optionsymbol failed for CE: HTTP 404: {"status": "error", "message": "No strikes found for NIFTY expiring 17FEB26. Please check expiry date or update master contract."}

2026-02-13 14:40:12,214 - ERROR - [AUTO] optionsymbol failed for PE: HTTP 404: {"status": "error", "message": "No strikes found for NIFTY expiring 17FEB26. Please check expiry date or update master contract."}

2026-02-13 14:40:18,232 - ERROR - [AUTO] optionsymbol failed for CE: HTTP 404: {"status": "error", "message": "No strikes found for NIFTY expiring 17FEB26. Please check expiry date or update master contract."}

2026-02-13 14:40:18,861 - ERROR - [AUTO] optionsymbol failed for PE: HTTP 404: {"status": "error", "message": "No strikes found for NIFTY expiring 17FEB26. Please check expiry date or update master contract."}

2026-02-13 14:40:25,190 - ERROR - [AUTO] optionsymbol failed for CE: HTTP 404: {"status": "error", "message": "No strikes found for NIFTY expiring 17FEB26. Please check expiry date or update master contract."}

2026-02-13 14:40:25,940 - ERROR - [AUTO] optionsymbol failed for PE: HTTP 404: {"status": "error", "message": "No strikes found for NIFTY expiring 17FEB26. Please check expiry date or update master contract."}

2026-02-13 14:40:33,111 - ERROR - [AUTO] optionsymbol failed for CE: HTTP 404: {"status": "error", "message": "No strikes found for NIFTY expiring 17FEB26. Please check expiry date or update master contract."}

2026-02-13 14:40:34,058 - ERROR - [AUTO] optionsymbol failed for PE: HTTP 404: {"status": "error", "message": "No strikes found for NIFTY expiring 17FEB26. Please check expiry date or update master contract."}

2026-02-13 14:40:40,398 - ERROR - [AUTO] optionsymbol failed for CE: HTTP 404: {"status": "error", "message": "No strikes found for NIFTY expiring 17FEB26. Please check expiry date or update master contract."}

2026-02-13 14:40:40,965 - ERROR - [AUTO] optionsymbol failed for PE: HTTP 404: {"status": "error", "message": "No strikes found for NIFTY expiring 17FEB26. Please check expiry date or update master contract."}

2026-02-13 14:40:47,178 - ERROR - [AUTO] optionsymbol failed for CE: HTTP 404: {"status": "error", "message": "No strikes found for NIFTY expiring 17FEB26. Please check expiry date or update master contract."}

2026-02-13 14:40:47,840 - ERROR - [AUTO] optionsymbol failed for PE: HTTP 404: {"status": "error", "message": "No strikes found for NIFTY expiring 17FEB26. Please check expiry date or update master contract."}

2026-02-13 14:40:54,066 - ERROR - [AUTO] optionsymbol failed for CE: HTTP 404: {"status": "error", "message": "No strikes found for NIFTY expiring 17FEB26. Please check expiry date or update master contract."}

2026-02-13 14:40:54,752 - ERROR - [AUTO] optionsymbol failed for PE: HTTP 404: {"status": "error", "message": "No strikes found for NIFTY expiring 17FEB26. Please check expiry date or update master contract."}

2026-02-13 14:41:01,058 - ERROR - [AUTO] optionsymbol failed for CE: HTTP 404: {"status": "error", "message": "No strikes found for NIFTY expiring 17FEB26. Please check expiry date or update master contract."}

2026-02-13 14:41:01,632 - ERROR - [AUTO] optionsymbol failed for PE: HTTP 404: {"status": "error", "message": "No strikes found for NIFTY expiring 17FEB26. Please check expiry date or update master contract."}

2026-02-13 14:41:08,782 - ERROR - [AUTO] optionsymbol failed for CE: HTTP 404: {"status": "error", "message": "No strikes found for NIFTY expiring 17FEB26. Please check expiry date or update master contract."}

2026-02-13 14:41:09,458 - ERROR - [AUTO] optionsymbol failed for PE: HTTP 404: {"status": "error", "message": "No strikes found for NIFTY expiring 17FEB26. Please check expiry date or update master contract."}

2026-02-13 14:41:15,762 - ERROR - [AUTO] optionsymbol failed for CE: HTTP 404: {"status": "error", "message": "No strikes found for NIFTY expiring 17FEB26. Please check expiry date or update master contract."}

2026-02-13 14:41:16,440 - ERROR - [AUTO] optionsymbol failed for PE: HTTP 404: {"status": "error", "message": "No strikes found for NIFTY expiring 17FEB26. Please check expiry date or update master contract."}

2026-02-13 14:41:22,770 - ERROR - [AUTO] optionsymbol failed for CE: HTTP 404: {"status": "error", "message": "No strikes found for NIFTY expiring 17FEB26. Please check expiry date or update master contract."}

2026-02-13 14:41:23,299 - ERROR - [AUTO] optionsymbol failed for PE: HTTP 404: {"status": "error", "message": "No strikes found for NIFTY expiring 17FEB26. Please check expiry date or update master contract."}

2026-02-13 14:41:29,482 - ERROR - [AUTO] optionsymbol failed for CE: HTTP 404: {"status": "error", "message": "No strikes found for NIFTY expiring 17FEB26. Please check expiry date or update master contract."}

2026-02-13 14:41:30,093 - ERROR - [AUTO] optionsymbol failed for PE: HTTP 404: {"status": "error", "message": "No strikes found for NIFTY expiring 17FEB26. Please check expiry date or update master contract."}

2026-02-13 14:41:36,346 - ERROR - [AUTO] optionsymbol failed for CE: HTTP 404: {"status": "error", "message": "No strikes found for NIFTY expiring 17FEB26. Please check expiry date or update master contract."}

2026-02-13 14:41:36,882 - ERROR - [AUTO] optionsymbol failed for PE: HTTP 404: {"status": "error", "message": "No strikes found for NIFTY expiring 17FEB26. Please check expiry date or update master contract."}

2026-02-13 14:41:43,821 - ERROR - [AUTO] optionsymbol failed for CE: HTTP 404: {"status": "error", "message": "No strikes found for NIFTY expiring 17FEB26. Please check expiry date or update master contract."}

2026-02-13 14:41:44,442 - ERROR - [AUTO] optionsymbol failed for PE: HTTP 404: {"status": "error", "message": "No strikes found for NIFTY expiring 17FEB26. Please check expiry date or update master contract."}

2026-02-13 14:41:50,689 - ERROR - [AUTO] optionsymbol failed for CE: HTTP 404: {"status": "error", "message": "No strikes found for NIFTY expiring 17FEB26. Please check expiry date or update master contract."}

2026-02-13 14:41:51,243 - ERROR - [AUTO] optionsymbol failed for PE: HTTP 404: {"status": "error", "message": "No strikes found for NIFTY expiring 17FEB26. Please check expiry date or update master contract."}

2026-02-13 14:41:57,345 - ERROR - [AUTO] optionsymbol failed for CE: HTTP 404: {"status": "error", "message": "No strikes found for NIFTY expiring 17FEB26. Please check expiry date or update master contract."}

2026-02-13 14:41:57,909 - ERROR - [AUTO] optionsymbol failed for PE: HTTP 404: {"status": "error", "message": "No strikes found for NIFTY expiring 17FEB26. Please check expiry date or update master contract."}

2026-02-13 14:42:03,975 - ERROR - [AUTO] optionsymbol failed for CE: HTTP 404: {"status": "error", "message": "No strikes found for NIFTY expiring 17FEB26. Please check expiry date or update master contract."}

2026-02-13 14:42:04,509 - ERROR - [AUTO] optionsymbol failed for PE: HTTP 404: {"status": "error", "message": "No strikes found for NIFTY expiring 17FEB26. Please check expiry date or update master contract."}

2026-02-13 14:42:10,828 - ERROR - [AUTO] optionsymbol failed for CE: HTTP 404: {"status": "error", "message": "No strikes found for NIFTY expiring 17FEB26. Please check expiry date or update master contract."}

2026-02-13 14:42:11,403 - ERROR - [AUTO] optionsymbol failed for PE: HTTP 404: {"status": "error", "message": "No strikes found for NIFTY expiring 17FEB26. Please check expiry date or update master contract."}

2026-02-13 14:42:18,274 - ERROR - [AUTO] optionsymbol failed for CE: HTTP 404: {"status": "error", "message": "No strikes found for NIFTY expiring 17FEB26. Please check expiry date or update master contract."}

2026-02-13 14:42:19,465 - ERROR - [AUTO] optionsymbol failed for PE: HTTP 404: {"status": "error", "message": "No strikes found for NIFTY expiring 17FEB26. Please check expiry date or update master contract."}

2026-02-13 14:42:25,721 - ERROR - [AUTO] optionsymbol failed for CE: HTTP 404: {"status": "error", "message": "No strikes found for NIFTY expiring 17FEB26. Please check expiry date or update master contract."}

2026-02-13 14:42:26,182 - ERROR - [AUTO] optionsymbol failed for PE: HTTP 404: {"status": "error", "message": "No strikes found for NIFTY expiring 17FEB26. Please check expiry date or update master contract."}

2026-02-13 14:42:32,135 - ERROR - [AUTO] optionsymbol failed for CE: HTTP 404: {"status": "error", "message": "No strikes found for NIFTY expiring 17FEB26. Please check expiry date or update master contract."}

2026-02-13 14:42:32,808 - ERROR - [AUTO] optionsymbol failed for PE: HTTP 404: {"status": "error", "message": "No strikes found for NIFTY expiring 17FEB26. Please check expiry date or update master contract."}

2026-02-13 14:42:39,150 - ERROR - [AUTO] optionsymbol failed for CE: HTTP 404: {"status": "error", "message": "No strikes found for NIFTY expiring 17FEB26. Please check expiry date or update master contract."}

2026-02-13 14:42:39,799 - ERROR - [AUTO] optionsymbol failed for PE: HTTP 404: {"status": "error", "message": "No strikes found for NIFTY expiring 17FEB26. Please check expiry date or update master contract."}

2026-02-13 14:42:46,028 - ERROR - [AUTO] optionsymbol failed for CE: HTTP 404: {"status": "error", "message": "No strikes found for NIFTY expiring 17FEB26. Please check expiry date or update master contract."}

2026-02-13 14:42:46,724 - ERROR - [AUTO] optionsymbol failed for PE: HTTP 404: {"status": "error", "message": "No strikes found for NIFTY expiring 17FEB26. Please check expiry date or update master contract."}

2026-02-13 14:42:52,980 - ERROR - [AUTO] optionsymbol failed for CE: HTTP 404: {"status": "error", "message": "No strikes found for NIFTY expiring 17FEB26. Please check expiry date or update master contract."}

2026-02-13 14:42:54,221 - ERROR - [AUTO] optionsymbol failed for PE: HTTP 404: {"status": "error", "message": "No strikes found for NIFTY expiring 17FEB26. Please check expiry date or update master contract."}

2026-02-13 14:43:00,499 - ERROR - [AUTO] optionsymbol failed for CE: HTTP 404: {"status": "error", "message": "No strikes found for NIFTY expiring 17FEB26. Please check expiry date or update master contract."}

2026-02-13 14:43:01,033 - ERROR - [AUTO] optionsymbol failed for PE: HTTP 404: {"status": "error", "message": "No strikes found for NIFTY expiring 17FEB26. Please check expiry date or update master contract."}

2026-02-13 14:43:07,338 - ERROR - [AUTO] optionsymbol failed for CE: HTTP 404: {"status": "error", "message": "No strikes found for NIFTY expiring 17FEB26. Please check expiry date or update master contract."}

2026-02-13 14:43:08,113 - ERROR - [AUTO] optionsymbol failed for PE: HTTP 404: {"status": "error", "message": "No strikes found for NIFTY expiring 17FEB26. Please check expiry date or update master contract."}

2026-02-13 14:43:14,182 - ERROR - [AUTO] optionsymbol failed for CE: HTTP 404: {"status": "error", "message": "No strikes found for NIFTY expiring 17FEB26. Please check expiry date or update master contract."}

2026-02-13 14:43:14,897 - ERROR - [AUTO] optionsymbol failed for PE: HTTP 404: {"status": "error", "message": "No strikes found for NIFTY expiring 17FEB26. Please check expiry date or update master contract."}

2026-02-13 14:43:21,158 - ERROR - [AUTO] optionsymbol failed for CE: HTTP 404: {"status": "error", "message": "No strikes found for NIFTY expiring 17FEB26. Please check expiry date or update master contract."}

2026-02-13 14:43:21,820 - ERROR - [AUTO] optionsymbol failed for PE: HTTP 404: {"status": "error", "message": "No strikes found for NIFTY expiring 17FEB26. Please check expiry date or update master contract."}

2026-02-13 14:43:29,108 - ERROR - [AUTO] optionsymbol failed for CE: HTTP 404: {"status": "error", "message": "No strikes found for NIFTY expiring 17FEB26. Please check expiry date or update master contract."}

2026-02-13 14:43:29,932 - ERROR - [AUTO] optionsymbol failed for PE: HTTP 404: {"status": "error", "message": "No strikes found for NIFTY expiring 17FEB26. Please check expiry date or update master contract."}

2026-02-13 14:43:36,147 - ERROR - [AUTO] optionsymbol failed for CE: HTTP 404: {"status": "error", "message": "No strikes found for NIFTY expiring 17FEB26. Please check expiry date or update master contract."}

2026-02-13 14:43:36,734 - ERROR - [AUTO] optionsymbol failed for PE: HTTP 404: {"status": "error", "message": "No strikes found for NIFTY expiring 17FEB26. Please check expiry date or update master contract."}

2026-02-13 14:43:42,992 - ERROR - [AUTO] optionsymbol failed for CE: HTTP 404: {"status": "error", "message": "No strikes found for NIFTY expiring 17FEB26. Please check expiry date or update master contract."}

2026-02-13 14:43:43,558 - ERROR - [AUTO] optionsymbol failed for PE: HTTP 404: {"status": "error", "message": "No strikes found for NIFTY expiring 17FEB26. Please check expiry date or update master contract."}

2026-02-13 14:43:49,562 - ERROR - [AUTO] optionsymbol failed for CE: HTTP 404: {"status": "error", "message": "No strikes found for NIFTY expiring 17FEB26. Please check expiry date or update master contract."}

2026-02-13 14:43:50,128 - ERROR - [AUTO] optionsymbol failed for PE: HTTP 404: {"status": "error", "message": "No strikes found for NIFTY expiring 17FEB26. Please check expiry date or update master contract."}

2026-02-13 14:43:56,270 - ERROR - [AUTO] optionsymbol failed for CE: HTTP 404: {"status": "error", "message": "No strikes found for NIFTY expiring 17FEB26. Please check expiry date or update master contract."}

2026-02-13 14:43:56,882 - ERROR - [AUTO] optionsymbol failed for PE: HTTP 404: {"status": "error", "message": "No strikes found for NIFTY expiring 17FEB26. Please check expiry date or update master contract."}

2026-02-13 14:44:02,928 - ERROR - [AUTO] optionsymbol failed for CE: HTTP 404: {"status": "error", "message": "No strikes found for NIFTY expiring 17FEB26. Please check expiry date or update master contract."}

2026-02-13 14:44:04,332 - ERROR - [AUTO] optionsymbol failed for PE: HTTP 404: {"status": "error", "message": "No strikes found for NIFTY expiring 17FEB26. Please check expiry date or update master contract."}

2026-02-13 14:44:10,540 - ERROR - [AUTO] optionsymbol failed for CE: HTTP 404: {"status": "error", "message": "No strikes found for NIFTY expiring 17FEB26. Please check expiry date or update master contract."}

2026-02-13 14:44:11,040 - ERROR - [AUTO] optionsymbol failed for PE: HTTP 404: {"status": "error", "message": "No strikes found for NIFTY expiring 17FEB26. Please check expiry date or update master contract."}

2026-02-13 14:44:17,361 - ERROR - [AUTO] optionsymbol failed for CE: HTTP 404: {"status": "error", "message": "No strikes found for NIFTY expiring 17FEB26. Please check expiry date or update master contract."}

2026-02-13 14:44:17,999 - ERROR - [AUTO] optionsymbol failed for PE: HTTP 404: {"status": "error", "message": "No strikes found for NIFTY expiring 17FEB26. Please check expiry date or update master contract."}

2026-02-13 14:44:24,240 - ERROR - [AUTO] optionsymbol failed for CE: HTTP 404: {"status": "error", "message": "No strikes found for NIFTY expiring 17FEB26. Please check expiry date or update master contract."}

2026-02-13 14:44:24,733 - ERROR - [AUTO] optionsymbol failed for PE: HTTP 404: {"status": "error", "message": "No strikes found for NIFTY expiring 17FEB26. Please check expiry date or update master contract."}

2026-02-13 14:44:30,867 - ERROR - [AUTO] optionsymbol failed for CE: HTTP 404: {"status": "error", "message": "No strikes found for NIFTY expiring 17FEB26. Please check expiry date or update master contract."}

2026-02-13 14:44:31,483 - ERROR - [AUTO] optionsymbol failed for PE: HTTP 404: {"status": "error", "message": "No strikes found for NIFTY expiring 17FEB26. Please check expiry date or update master contract."}

2026-02-13 14:44:37,820 - ERROR - [AUTO] optionsymbol failed for CE: HTTP 404: {"status": "error", "message": "No strikes found for NIFTY expiring 17FEB26. Please check expiry date or update master contract."}

2026-02-13 14:44:38,402 - ERROR - [AUTO] optionsymbol failed for PE: HTTP 404: {"status": "error", "message": "No strikes found for NIFTY expiring 17FEB26. Please check expiry date or update master contract."}

2026-02-13 14:44:44,664 - ERROR - [AUTO] optionsymbol failed for CE: HTTP 404: {"status": "error", "message": "No strikes found for NIFTY expiring 17FEB26. Please check expiry date or update master contract."}

2026-02-13 14:44:45,337 - ERROR - [AUTO] optionsymbol failed for PE: HTTP 404: {"status": "error", "message": "No strikes found for NIFTY expiring 17FEB26. Please check expiry date or update master contract."}

2026-02-13 14:44:52,640 - ERROR - [AUTO] optionsymbol failed for CE: HTTP 404: {"status": "error", "message": "No strikes found for NIFTY expiring 17FEB26. Please check expiry date or update master contract."}

2026-02-13 14:44:53,290 - ERROR - [AUTO] optionsymbol failed for PE: HTTP 404: {"status": "error", "message": "No strikes found for NIFTY expiring 17FEB26. Please check expiry date or update master contract."}

2026-02-13 14:44:59,778 - ERROR - [AUTO] optionsymbol failed for CE: HTTP 404: {"status": "error", "message": "No strikes found for NIFTY expiring 17FEB26. Please check expiry date or update master contract."}

2026-02-13 14:45:00,429 - ERROR - [AUTO] optionsymbol failed for PE: HTTP 404: {"status": "error", "message": "No strikes found for NIFTY expiring 17FEB26. Please check expiry date or update master contract."}

2026-02-13 14:45:06,683 - ERROR - [AUTO] optionsymbol failed for CE: HTTP 404: {"status": "error", "message": "No strikes found for NIFTY expiring 17FEB26. Please check expiry date or update master contract."}

2026-02-13 14:45:07,311 - ERROR - [AUTO] optionsymbol failed for PE: HTTP 404: {"status": "error", "message": "No strikes found for NIFTY expiring 17FEB26. Please check expiry date or update master contract."}

2026-02-13 14:45:13,600 - ERROR - [AUTO] optionsymbol failed for CE: HTTP 404: {"status": "error", "message": "No strikes found for NIFTY expiring 17FEB26. Please check expiry date or update master contract."}

2026-02-13 14:45:15,090 - ERROR - [AUTO] optionsymbol failed for PE: HTTP 404: {"status": "error", "message": "No strikes found for NIFTY expiring 17FEB26. Please check expiry date or update master contract."}

2026-02-13 14:45:21,204 - ERROR - [AUTO] optionsymbol failed for CE: HTTP 404: {"status": "error", "message": "No strikes found for NIFTY expiring 17FEB26. Please check expiry date or update master contract."}

2026-02-13 14:45:21,798 - ERROR - [AUTO] optionsymbol failed for PE: HTTP 404: {"status": "error", "message": "No strikes found for NIFTY expiring 17FEB26. Please check expiry date or update master contract."}

2026-02-13 14:45:28,120 - ERROR - [AUTO] optionsymbol failed for CE: HTTP 404: {"status": "error", "message": "No strikes found for NIFTY expiring 17FEB26. Please check expiry date or update master contract."}

2026-02-13 14:45:28,682 - ERROR - [AUTO] optionsymbol failed for PE: HTTP 404: {"status": "error", "message": "No strikes found for NIFTY expiring 17FEB26. Please check expiry date or update master contract."}

2026-02-13 14:45:34,996 - ERROR - [AUTO] optionsymbol failed for CE: HTTP 404: {"status": "error", "message": "No strikes found for NIFTY expiring 17FEB26. Please check expiry date or update master contract."}

2026-02-13 14:45:35,658 - ERROR - [AUTO] optionsymbol failed for PE: HTTP 404: {"status": "error", "message": "No strikes found for NIFTY expiring 17FEB26. Please check expiry date or update master contract."}

2026-02-13 14:45:41,622 - ERROR - [AUTO] optionsymbol failed for CE: HTTP 404: {"status": "error", "message": "No strikes found for NIFTY expiring 17FEB26. Please check expiry date or update master contract."}

2026-02-13 14:45:42,221 - ERROR - [AUTO] optionsymbol failed for PE: HTTP 404: {"status": "error", "message": "No strikes found for NIFTY expiring 17FEB26. Please check expiry date or update master contract."}

2026-02-13 14:45:48,468 - ERROR - [AUTO] optionsymbol failed for CE: HTTP 404: {"status": "error", "message": "No strikes found for NIFTY expiring 17FEB26. Please check expiry date or update master contract."}

2026-02-13 14:45:49,071 - ERROR - [AUTO] optionsymbol failed for PE: HTTP 404: {"status": "error", "message": "No strikes found for NIFTY expiring 17FEB26. Please check expiry date or update master contract."}

2026-02-13 14:45:55,308 - ERROR - [AUTO] optionsymbol failed for CE: HTTP 404: {"status": "error", "message": "No strikes found for NIFTY expiring 17FEB26. Please check expiry date or update master contract."}

2026-02-13 14:45:55,903 - ERROR - [AUTO] optionsymbol failed for PE: HTTP 404: {"status": "error", "message": "No strikes found for NIFTY expiring 17FEB26. Please check expiry date or update master contract."}

2026-02-13 14:46:03,330 - ERROR - [AUTO] optionsymbol failed for CE: HTTP 404: {"status": "error", "message": "No strikes found for NIFTY expiring 17FEB26. Please check expiry date or update master contract."}

2026-02-13 14:46:03,864 - ERROR - [AUTO] optionsymbol failed for PE: HTTP 404: {"status": "error", "message": "No strikes found for NIFTY expiring 17FEB26. Please check expiry date or update master contract."}

2026-02-13 14:46:09,920 - ERROR - [AUTO] optionsymbol failed for CE: HTTP 404: {"status": "error", "message": "No strikes found for NIFTY expiring 17FEB26. Please check expiry date or update master contract."}

2026-02-13 14:46:10,433 - ERROR - [AUTO] optionsymbol failed for PE: HTTP 404: {"status": "error", "message": "No strikes found for NIFTY expiring 17FEB26. Please check expiry date or update master contract."}

2026-02-13 14:46:16,487 - ERROR - [AUTO] optionsymbol failed for CE: HTTP 404: {"status": "error", "message": "No strikes found for NIFTY expiring 17FEB26. Please check expiry date or update master contract."}

2026-02-13 14:46:17,018 - ERROR - [AUTO] optionsymbol failed for PE: HTTP 404: {"status": "error", "message": "No strikes found for NIFTY expiring 17FEB26. Please check expiry date or update master contract."}

2026-02-13 14:46:23,061 - ERROR - [AUTO] optionsymbol failed for CE: HTTP 404: {"status": "error", "message": "No strikes found for NIFTY expiring 17FEB26. Please check expiry date or update master contract."}

2026-02-13 14:46:23,695 - ERROR - [AUTO] optionsymbol failed for PE: HTTP 404: {"status": "error", "message": "No strikes found for NIFTY expiring 17FEB26. Please check expiry date or update master contract."}

2026-02-13 14:46:29,711 - ERROR - [AUTO] optionsymbol failed for CE: HTTP 404: {"status": "error", "message": "No strikes found for NIFTY expiring 17FEB26. Please check expiry date or update master contract."}

2026-02-13 14:46:30,253 - ERROR - [AUTO] optionsymbol failed for PE: HTTP 404: {"status": "error", "message": "No strikes found for NIFTY expiring 17FEB26. Please check expiry date or update master contract."}

2026-02-13 14:46:37,078 - ERROR - [AUTO] optionsymbol failed for CE: HTTP 404: {"status": "error", "message": "No strikes found for NIFTY expiring 17FEB26. Please check expiry date or update master contract."}

2026-02-13 14:46:38,103 - ERROR - [AUTO] optionsymbol failed for PE: HTTP 404: {"status": "error", "message": "No strikes found for NIFTY expiring 17FEB26. Please check expiry date or update master contract."}

2026-02-13 14:46:44,177 - ERROR - [AUTO] optionsymbol failed for CE: HTTP 404: {"status": "error", "message": "No strikes found for NIFTY expiring 17FEB26. Please check expiry date or update master contract."}

2026-02-13 14:46:44,792 - ERROR - [AUTO] optionsymbol failed for PE: HTTP 404: {"status": "error", "message": "No strikes found for NIFTY expiring 17FEB26. Please check expiry date or update master contract."}

2026-02-13 14:46:50,925 - ERROR - [AUTO] optionsymbol failed for CE: HTTP 404: {"status": "error", "message": "No strikes found for NIFTY expiring 17FEB26. Please check expiry date or update master contract."}

2026-02-13 14:46:51,442 - ERROR - [AUTO] optionsymbol failed for PE: HTTP 404: {"status": "error", "message": "No strikes found for NIFTY expiring 17FEB26. Please check expiry date or update master contract."}

2026-02-13 14:46:57,384 - ERROR - [AUTO] optionsymbol failed for CE: HTTP 404: {"status": "error", "message": "No strikes found for NIFTY expiring 17FEB26. Please check expiry date or update master contract."}

2026-02-13 14:46:57,895 - ERROR - [AUTO] optionsymbol failed for PE: HTTP 404: {"status": "error", "message": "No strikes found for NIFTY expiring 17FEB26. Please check expiry date or update master contract."}

2026-02-13 14:47:03,896 - ERROR - [AUTO] optionsymbol failed for CE: HTTP 404: {"status": "error", "message": "No strikes found for NIFTY expiring 17FEB26. Please check expiry date or update master contract."}

2026-02-13 14:47:04,530 - ERROR - [AUTO] optionsymbol failed for PE: HTTP 404: {"status": "error", "message": "No strikes found for NIFTY expiring 17FEB26. Please check expiry date or update master contract."}

2026-02-13 14:47:10,558 - ERROR - [AUTO] optionsymbol failed for CE: HTTP 404: {"status": "error", "message": "No strikes found for NIFTY expiring 17FEB26. Please check expiry date or update master contract."}

2026-02-13 14:47:11,103 - ERROR - [AUTO] optionsymbol failed for PE: HTTP 404: {"status": "error", "message": "No strikes found for NIFTY expiring 17FEB26. Please check expiry date or update master contract."}

2026-02-13 14:47:17,491 - ERROR - [AUTO] optionsymbol failed for CE: HTTP 404: {"status": "error", "message": "No strikes found for NIFTY expiring 17FEB26. Please check expiry date or update master contract."}

2026-02-13 14:47:18,152 - ERROR - [AUTO] optionsymbol failed for PE: HTTP 404: {"status": "error", "message": "No strikes found for NIFTY expiring 17FEB26. Please check expiry date or update master contract."}

2026-02-13 14:47:25,497 - ERROR - [AUTO] optionsymbol failed for CE: HTTP 404: {"status": "error", "message": "No strikes found for NIFTY expiring 17FEB26. Please check expiry date or update master contract."}

2026-02-13 14:47:26,025 - ERROR - [AUTO] optionsymbol failed for PE: HTTP 404: {"status": "error", "message": "No strikes found for NIFTY expiring 17FEB26. Please check expiry date or update master contract."}

2026-02-13 14:47:32,158 - ERROR - [AUTO] optionsymbol failed for CE: HTTP 404: {"status": "error", "message": "No strikes found for NIFTY expiring 17FEB26. Please check expiry date or update master contract."}

2026-02-13 14:47:32,780 - ERROR - [AUTO] optionsymbol failed for PE: HTTP 404: {"status": "error", "message": "No strikes found for NIFTY expiring 17FEB26. Please check expiry date or update master contract."}

2026-02-13 14:47:39,008 - ERROR - [AUTO] optionsymbol failed for CE: HTTP 404: {"status": "error", "message": "No strikes found for NIFTY expiring 17FEB26. Please check expiry date or update master contract."}

2026-02-13 14:47:39,525 - ERROR - [AUTO] optionsymbol failed for PE: HTTP 404: {"status": "error", "message": "No strikes found for NIFTY expiring 17FEB26. Please check expiry date or update master contract."}

2026-02-13 14:47:45,627 - ERROR - [AUTO] optionsymbol failed for CE: HTTP 404: {"status": "error", "message": "No strikes found for NIFTY expiring 17FEB26. Please check expiry date or update master contract."}

2026-02-13 14:47:46,305 - ERROR - [AUTO] optionsymbol failed for PE: HTTP 404: {"status": "error", "message": "No strikes found for NIFTY expiring 17FEB26. Please check expiry date or update master contract."}

2026-02-13 14:47:52,712 - ERROR - [AUTO] optionsymbol failed for CE: HTTP 404: {"status": "error", "message": "No strikes found for NIFTY expiring 17FEB26. Please check expiry date or update master contract."}

2026-02-13 14:47:53,258 - ERROR - [AUTO] optionsymbol failed for PE: HTTP 404: {"status": "error", "message": "No strikes found for NIFTY expiring 17FEB26. Please check expiry date or update master contract."}

2026-02-13 14:48:01,059 - ERROR - [AUTO] optionsymbol failed for CE: HTTP 404: {"status": "error", "message": "No strikes found for NIFTY expiring 17FEB26. Please check expiry date or update master contract."}

2026-02-13 14:48:01,582 - ERROR - [AUTO] optionsymbol failed for PE: HTTP 404: {"status": "error", "message": "No strikes found for NIFTY expiring 17FEB26. Please check expiry date or update master contract."}

2026-02-13 14:48:08,090 - ERROR - [AUTO] optionsymbol failed for CE: HTTP 404: {"status": "error", "message": "No strikes found for NIFTY expiring 17FEB26. Please check expiry date or update master contract."}

2026-02-13 14:48:08,608 - ERROR - [AUTO] optionsymbol failed for PE: HTTP 404: {"status": "error", "message": "No strikes found for NIFTY expiring 17FEB26. Please check expiry date or update master contract."}

2026-02-13 14:48:14,758 - ERROR - [AUTO] optionsymbol failed for CE: HTTP 404: {"status": "error", "message": "No strikes found for NIFTY expiring 17FEB26. Please check expiry date or update master contract."}

2026-02-13 14:48:15,397 - ERROR - [AUTO] optionsymbol failed for PE: HTTP 404: {"status": "error", "message": "No strikes found for NIFTY expiring 17FEB26. Please check expiry date or update master contract."}

2026-02-13 14:48:21,660 - ERROR - [AUTO] optionsymbol failed for CE: HTTP 404: {"status": "error", "message": "No strikes found for NIFTY expiring 17FEB26. Please check expiry date or update master contract."}

2026-02-13 14:48:22,911 - ERROR - [AUTO] optionsymbol failed for PE: HTTP 404: {"status": "error", "message": "No strikes found for NIFTY expiring 17FEB26. Please check expiry date or update master contract."}

2026-02-13 14:48:29,218 - ERROR - [AUTO] optionsymbol failed for CE: HTTP 404: {"status": "error", "message": "No strikes found for NIFTY expiring 17FEB26. Please check expiry date or update master contract."}

2026-02-13 14:48:29,846 - ERROR - [AUTO] optionsymbol failed for PE: HTTP 404: {"status": "error", "message": "No strikes found for NIFTY expiring 17FEB26. Please check expiry date or update master contract."}

2026-02-13 14:48:36,454 - ERROR - [AUTO] optionsymbol failed for CE: HTTP 404: {"status": "error", "message": "No strikes found for NIFTY expiring 17FEB26. Please check expiry date or update master contract."}

2026-02-13 14:48:37,049 - ERROR - [AUTO] optionsymbol failed for PE: HTTP 404: {"status": "error", "message": "No strikes found for NIFTY expiring 17FEB26. Please check expiry date or update master contract."}

2026-02-13 14:48:43,245 - ERROR - [AUTO] optionsymbol failed for CE: HTTP 404: {"status": "error", "message": "No strikes found for NIFTY expiring 17FEB26. Please check expiry date or update master contract."}

2026-02-13 14:48:43,808 - ERROR - [AUTO] optionsymbol failed for PE: HTTP 404: {"status": "error", "message": "No strikes found for NIFTY expiring 17FEB26. Please check expiry date or update master contract."}

2026-02-13 14:48:49,995 - ERROR - [AUTO] optionsymbol failed for CE: HTTP 404: {"status": "error", "message": "No strikes found for NIFTY expiring 17FEB26. Please check expiry date or update master contract."}

2026-02-13 14:48:50,594 - ERROR - [AUTO] optionsymbol failed for PE: HTTP 404: {"status": "error", "message": "No strikes found for NIFTY expiring 17FEB26. Please check expiry date or update master contract."}

2026-02-13 14:48:56,670 - ERROR - [AUTO] optionsymbol failed for CE: HTTP 404: {"status": "error", "message": "No strikes found for NIFTY expiring 17FEB26. Please check expiry date or update master contract."}

2026-02-13 14:48:57,232 - ERROR - [AUTO] optionsymbol failed for PE: HTTP 404: {"status": "error", "message": "No strikes found for NIFTY expiring 17FEB26. Please check expiry date or update master contract."}

2026-02-13 14:49:03,320 - ERROR - [AUTO] optionsymbol failed for CE: HTTP 404: {"status": "error", "message": "No strikes found for NIFTY expiring 17FEB26. Please check expiry date or update master contract."}

2026-02-13 14:49:04,015 - ERROR - [AUTO] optionsymbol failed for PE: HTTP 404: {"status": "error", "message": "No strikes found for NIFTY expiring 17FEB26. Please check expiry date or update master contract."}

2026-02-13 14:49:11,971 - ERROR - [AUTO] optionsymbol failed for CE: HTTP 404: {"status": "error", "message": "No strikes found for NIFTY expiring 17FEB26. Please check expiry date or update master contract."}

2026-02-13 14:49:12,758 - ERROR - [AUTO] optionsymbol failed for PE: HTTP 404: {"status": "error", "message": "No strikes found for NIFTY expiring 17FEB26. Please check expiry date or update master contract."}

2026-02-13 14:49:18,732 - ERROR - [AUTO] optionsymbol failed for CE: HTTP 404: {"status": "error", "message": "No strikes found for NIFTY expiring 17FEB26. Please check expiry date or update master contract."}

2026-02-13 14:49:19,402 - ERROR - [AUTO] optionsymbol failed for PE: HTTP 404: {"status": "error", "message": "No strikes found for NIFTY expiring 17FEB26. Please check expiry date or update master contract."}

2026-02-13 14:49:25,671 - ERROR - [AUTO] optionsymbol failed for CE: HTTP 404: {"status": "error", "message": "No strikes found for NIFTY expiring 17FEB26. Please check expiry date or update master contract."}

2026-02-13 14:49:26,214 - ERROR - [AUTO] optionsymbol failed for PE: HTTP 404: {"status": "error", "message": "No strikes found for NIFTY expiring 17FEB26. Please check expiry date or update master contract."}

2026-02-13 14:49:32,390 - ERROR - [AUTO] optionsymbol failed for CE: HTTP 404: {"status": "error", "message": "No strikes found for NIFTY expiring 17FEB26. Please check expiry date or update master contract."}

2026-02-13 14:49:33,292 - ERROR - [AUTO] optionsymbol failed for PE: HTTP 404: {"status": "error", "message": "No strikes found for NIFTY expiring 17FEB26. Please check expiry date or update master contract."}

2026-02-13 14:49:39,382 - ERROR - [AUTO] optionsymbol failed for CE: HTTP 404: {"status": "error", "message": "No strikes found for NIFTY expiring 17FEB26. Please check expiry date or update master contract."}

2026-02-13 14:49:40,090 - ERROR - [AUTO] optionsymbol failed for PE: HTTP 404: {"status": "error", "message": "No strikes found for NIFTY expiring 17FEB26. Please check expiry date or update master contract."}

2026-02-13 14:49:47,240 - ERROR - [AUTO] optionsymbol failed for CE: HTTP 404: {"status": "error", "message": "No strikes found for NIFTY expiring 17FEB26. Please check expiry date or update master contract."}

2026-02-13 14:49:47,825 - ERROR - [AUTO] optionsymbol failed for PE: HTTP 404: {"status": "error", "message": "No strikes found for NIFTY expiring 17FEB26. Please check expiry date or update master contract."}

2026-02-13 14:49:53,892 - ERROR - [AUTO] optionsymbol failed for CE: HTTP 404: {"status": "error", "message": "No strikes found for NIFTY expiring 17FEB26. Please check expiry date or update master contract."}

2026-02-13 14:49:54,492 - ERROR - [AUTO] optionsymbol failed for PE: HTTP 404: {"status": "error", "message": "No strikes found for NIFTY expiring 17FEB26. Please check expiry date or update master contract."}

2026-02-13 14:50:00,740 - ERROR - [AUTO] optionsymbol failed for CE: HTTP 404: {"status": "error", "message": "No strikes found for NIFTY expiring 17FEB26. Please check expiry date or update master contract."}

2026-02-13 14:50:01,240 - ERROR - [AUTO] optionsymbol failed for PE: HTTP 404: {"status": "error", "message": "No strikes found for NIFTY expiring 17FEB26. Please check expiry date or update master contract."}

2026-02-13 14:50:07,436 - ERROR - [AUTO] optionsymbol failed for CE: HTTP 404: {"status": "error", "message": "No strikes found for NIFTY expiring 17FEB26. Please check expiry date or update master contract."}

2026-02-13 14:50:08,004 - ERROR - [AUTO] optionsymbol failed for PE: HTTP 404: {"status": "error", "message": "No strikes found for NIFTY expiring 17FEB26. Please check expiry date or update master contract."}

2026-02-13 14:50:14,179 - ERROR - [AUTO] optionsymbol failed for CE: HTTP 404: {"status": "error", "message": "No strikes found for NIFTY expiring 17FEB26. Please check expiry date or update master contract."}

2026-02-13 14:50:14,758 - ERROR - [AUTO] optionsymbol failed for PE: HTTP 404: {"status": "error", "message": "No strikes found for NIFTY expiring 17FEB26. Please check expiry date or update master contract."}

2026-02-13 14:50:21,903 - ERROR - [AUTO] optionsymbol failed for CE: HTTP 404: {"status": "error", "message": "No strikes found for NIFTY expiring 17FEB26. Please check expiry date or update master contract."}

2026-02-13 14:50:22,558 - ERROR - [AUTO] optionsymbol failed for PE: HTTP 404: {"status": "error", "message": "No strikes found for NIFTY expiring 17FEB26. Please check expiry date or update master contract."}

2026-02-13 14:50:28,691 - ERROR - [AUTO] optionsymbol failed for CE: HTTP 404: {"status": "error", "message": "No strikes found for NIFTY expiring 17FEB26. Please check expiry date or update master contract."}

2026-02-13 14:50:29,229 - ERROR - [AUTO] optionsymbol failed for PE: HTTP 404: {"status": "error", "message": "No strikes found for NIFTY expiring 17FEB26. Please check expiry date or update master contract."}

2026-02-13 14:50:35,440 - ERROR - [AUTO] optionsymbol failed for CE: HTTP 404: {"status": "error", "message": "No strikes found for NIFTY expiring 17FEB26. Please check expiry date or update master contract."}

2026-02-13 14:50:36,118 - ERROR - [AUTO] optionsymbol failed for PE: HTTP 404: {"status": "error", "message": "No strikes found for NIFTY expiring 17FEB26. Please check expiry date or update master contract."}

2026-02-13 14:50:42,183 - ERROR - [AUTO] optionsymbol failed for CE: HTTP 404: {"status": "error", "message": "No strikes found for NIFTY expiring 17FEB26. Please check expiry date or update master contract."}

2026-02-13 14:50:42,773 - ERROR - [AUTO] optionsymbol failed for PE: HTTP 404: {"status": "error", "message": "No strikes found for NIFTY expiring 17FEB26. Please check expiry date or update master contract."}

2026-02-13 14:50:49,271 - ERROR - [AUTO] optionsymbol failed for CE: HTTP 404: {"status": "error", "message": "No strikes found for NIFTY expiring 17FEB26. Please check expiry date or update master contract."}

2026-02-13 14:50:49,792 - ERROR - [AUTO] optionsymbol failed for PE: HTTP 404: {"status": "error", "message": "No strikes found for NIFTY expiring 17FEB26. Please check expiry date or update master contract."}

2026-02-13 14:50:55,916 - ERROR - [AUTO] optionsymbol failed for CE: HTTP 404: {"status": "error", "message": "No strikes found for NIFTY expiring 17FEB26. Please check expiry date or update master contract."}

2026-02-13 14:50:57,321 - ERROR - [AUTO] optionsymbol failed for PE: HTTP 404: {"status": "error", "message": "No strikes found for NIFTY expiring 17FEB26. Please check expiry date or update master contract."}

2026-02-13 14:51:03,460 - ERROR - [AUTO] optionsymbol failed for CE: HTTP 404: {"status": "error", "message": "No strikes found for NIFTY expiring 17FEB26. Please check expiry date or update master contract."}

2026-02-13 14:51:04,104 - ERROR - [AUTO] optionsymbol failed for PE: HTTP 404: {"status": "error", "message": "No strikes found for NIFTY expiring 17FEB26. Please check expiry date or update master contract."}

2026-02-13 14:51:10,748 - ERROR - [AUTO] optionsymbol failed for CE: HTTP 404: {"status": "error", "message": "No strikes found for NIFTY expiring 17FEB26. Please check expiry date or update master contract."}

2026-02-13 14:51:11,415 - ERROR - [AUTO] optionsymbol failed for PE: HTTP 404: {"status": "error", "message": "No strikes found for NIFTY expiring 17FEB26. Please check expiry date or update master contract."}

2026-02-13 14:51:17,645 - ERROR - [AUTO] optionsymbol failed for CE: HTTP 404: {"status": "error", "message": "No strikes found for NIFTY expiring 17FEB26. Please check expiry date or update master contract."}

2026-02-13 14:51:18,145 - ERROR - [AUTO] optionsymbol failed for PE: HTTP 404: {"status": "error", "message": "No strikes found for NIFTY expiring 17FEB26. Please check expiry date or update master contract."}

2026-02-13 14:51:24,394 - ERROR - [AUTO] optionsymbol failed for CE: HTTP 404: {"status": "error", "message": "No strikes found for NIFTY expiring 17FEB26. Please check expiry date or update master contract."}

2026-02-13 14:51:24,990 - ERROR - [AUTO] optionsymbol failed for PE: HTTP 404: {"status": "error", "message": "No strikes found for NIFTY expiring 17FEB26. Please check expiry date or update master contract."}

2026-02-13 14:51:31,143 - ERROR - [AUTO] optionsymbol failed for CE: HTTP 404: {"status": "error", "message": "No strikes found for NIFTY expiring 17FEB26. Please check expiry date or update master contract."}

2026-02-13 14:51:31,752 - ERROR - [AUTO] optionsymbol failed for PE: HTTP 404: {"status": "error", "message": "No strikes found for NIFTY expiring 17FEB26. Please check expiry date or update master contract."}

2026-02-13 14:51:37,926 - ERROR - [AUTO] optionsymbol failed for CE: HTTP 404: {"status": "error", "message": "No strikes found for NIFTY expiring 17FEB26. Please check expiry date or update master contract."}

2026-02-13 14:51:38,602 - ERROR - [AUTO] optionsymbol failed for PE: HTTP 404: {"status": "error", "message": "No strikes found for NIFTY expiring 17FEB26. Please check expiry date or update master contract."}

2026-02-13 14:51:46,021 - ERROR - [AUTO] optionsymbol failed for CE: HTTP 404: {"status": "error", "message": "No strikes found for NIFTY expiring 17FEB26. Please check expiry date or update master contract."}

2026-02-13 14:51:46,573 - ERROR - [AUTO] optionsymbol failed for PE: HTTP 404: {"status": "error", "message": "No strikes found for NIFTY expiring 17FEB26. Please check expiry date or update master contract."}

2026-02-13 14:51:52,733 - ERROR - [AUTO] optionsymbol failed for CE: HTTP 404: {"status": "error", "message": "No strikes found for NIFTY expiring 17FEB26. Please check expiry date or update master contract."}

2026-02-13 14:51:53,258 - ERROR - [AUTO] optionsymbol failed for PE: HTTP 404: {"status": "error", "message": "No strikes found for NIFTY expiring 17FEB26. Please check expiry date or update master contract."}

2026-02-13 14:51:59,408 - ERROR - [AUTO] optionsymbol failed for CE: HTTP 404: {"status": "error", "message": "No strikes found for NIFTY expiring 17FEB26. Please check expiry date or update master contract."}

2026-02-13 14:52:00,137 - ERROR - [AUTO] optionsymbol failed for PE: HTTP 404: {"status": "error", "message": "No strikes found for NIFTY expiring 17FEB26. Please check expiry date or update master contract."}

2026-02-13 14:52:06,460 - ERROR - [AUTO] optionsymbol failed for CE: HTTP 404: {"status": "error", "message": "No strikes found for NIFTY expiring 17FEB26. Please check expiry date or update master contract."}

2026-02-13 14:52:06,998 - ERROR - [AUTO] optionsymbol failed for PE: HTTP 404: {"status": "error", "message": "No strikes found for NIFTY expiring 17FEB26. Please check expiry date or update master contract."}

2026-02-13 14:52:13,259 - ERROR - [AUTO] optionsymbol failed for CE: HTTP 404: {"status": "error", "message": "No strikes found for NIFTY expiring 17FEB26. Please check expiry date or update master contract."}

2026-02-13 14:52:13,882 - ERROR - [AUTO] optionsymbol failed for PE: HTTP 404: {"status": "error", "message": "No strikes found for NIFTY expiring 17FEB26. Please check expiry date or update master contract."}

2026-02-13 14:52:21,321 - ERROR - [AUTO] optionsymbol failed for CE: HTTP 404: {"status": "error", "message": "No strikes found for NIFTY expiring 17FEB26. Please check expiry date or update master contract."}

2026-02-13 14:52:21,847 - ERROR - [AUTO] optionsymbol failed for PE: HTTP 404: {"status": "error", "message": "No strikes found for NIFTY expiring 17FEB26. Please check expiry date or update master contract."}

2026-02-13 14:52:28,083 - ERROR - [AUTO] optionsymbol failed for CE: HTTP 404: {"status": "error", "message": "No strikes found for NIFTY expiring 17FEB26. Please check expiry date or update master contract."}

2026-02-13 14:52:28,690 - ERROR - [AUTO] optionsymbol failed for PE: HTTP 404: {"status": "error", "message": "No strikes found for NIFTY expiring 17FEB26. Please check expiry date or update master contract."}

2026-02-13 14:52:34,858 - ERROR - [AUTO] optionsymbol failed for CE: HTTP 404: {"status": "error", "message": "No strikes found for NIFTY expiring 17FEB26. Please check expiry date or update master contract."}

2026-02-13 14:52:35,523 - ERROR - [AUTO] optionsymbol failed for PE: HTTP 404: {"status": "error", "message": "No strikes found for NIFTY expiring 17FEB26. Please check expiry date or update master contract."}

2026-02-13 14:52:41,731 - ERROR - [AUTO] optionsymbol failed for CE: HTTP 404: {"status": "error", "message": "No strikes found for NIFTY expiring 17FEB26. Please check expiry date or update master contract."}

2026-02-13 14:52:42,398 - ERROR - [AUTO] optionsymbol failed for PE: HTTP 404: {"status": "error", "message": "No strikes found for NIFTY expiring 17FEB26. Please check expiry date or update master contract."}

2026-02-13 14:52:48,800 - ERROR - [AUTO] optionsymbol failed for CE: HTTP 404: {"status": "error", "message": "No strikes found for NIFTY expiring 17FEB26. Please check expiry date or update master contract."}

2026-02-13 14:52:49,449 - ERROR - [AUTO] optionsymbol failed for PE: HTTP 404: {"status": "error", "message": "No strikes found for NIFTY expiring 17FEB26. Please check expiry date or update master contract."}

2026-02-13 14:52:56,932 - ERROR - [AUTO] optionsymbol failed for CE: HTTP 404: {"status": "error", "message": "No strikes found for NIFTY expiring 17FEB26. Please check expiry date or update master contract."}

2026-02-13 14:52:57,608 - ERROR - [AUTO] optionsymbol failed for PE: HTTP 404: {"status": "error", "message": "No strikes found for NIFTY expiring 17FEB26. Please check expiry date or update master contract."}

2026-02-13 14:53:03,731 - ERROR - [AUTO] optionsymbol failed for CE: HTTP 404: {"status": "error", "message": "No strikes found for NIFTY expiring 17FEB26. Please check expiry date or update master contract."}

2026-02-13 14:53:04,300 - ERROR - [AUTO] optionsymbol failed for PE: HTTP 404: {"status": "error", "message": "No strikes found for NIFTY expiring 17FEB26. Please check expiry date or update master contract."}

2026-02-13 14:53:10,598 - ERROR - [AUTO] optionsymbol failed for CE: HTTP 404: {"status": "error", "message": "No strikes found for NIFTY expiring 17FEB26. Please check expiry date or update master contract."}

2026-02-13 14:53:11,332 - ERROR - [AUTO] optionsymbol failed for PE: HTTP 404: {"status": "error", "message": "No strikes found for NIFTY expiring 17FEB26. Please check expiry date or update master contract."}

2026-02-13 14:53:17,620 - ERROR - [AUTO] optionsymbol failed for CE: HTTP 404: {"status": "error", "message": "No strikes found for NIFTY expiring 17FEB26. Please check expiry date or update master contract."}

2026-02-13 14:53:18,840 - ERROR - [AUTO] optionsymbol failed for PE: HTTP 404: {"status": "error", "message": "No strikes found for NIFTY expiring 17FEB26. Please check expiry date or update master contract."}

2026-02-13 14:53:25,090 - ERROR - [AUTO] optionsymbol failed for CE: HTTP 404: {"status": "error", "message": "No strikes found for NIFTY expiring 17FEB26. Please check expiry date or update master contract."}

2026-02-13 14:53:25,759 - ERROR - [AUTO] optionsymbol failed for PE: HTTP 404: {"status": "error", "message": "No strikes found for NIFTY expiring 17FEB26. Please check expiry date or update master contract."}

2026-02-13 14:53:32,470 - ERROR - [AUTO] optionsymbol failed for CE: HTTP 404: {"status": "error", "message": "No strikes found for NIFTY expiring 17FEB26. Please check expiry date or update master contract."}

2026-02-13 14:53:32,982 - ERROR - [AUTO] optionsymbol failed for PE: HTTP 404: {"status": "error", "message": "No strikes found for NIFTY expiring 17FEB26. Please check expiry date or update master contract."}

2026-02-13 14:53:39,220 - ERROR - [AUTO] optionsymbol failed for CE: HTTP 404: {"status": "error", "message": "No strikes found for NIFTY expiring 17FEB26. Please check expiry date or update master contract."}

2026-02-13 14:53:39,693 - ERROR - [AUTO] optionsymbol failed for PE: HTTP 404: {"status": "error", "message": "No strikes found for NIFTY expiring 17FEB26. Please check expiry date or update master contract."}

2026-02-13 14:53:45,823 - ERROR - [AUTO] optionsymbol failed for CE: HTTP 404: {"status": "error", "message": "No strikes found for NIFTY expiring 17FEB26. Please check expiry date or update master contract."}

2026-02-13 14:53:46,321 - ERROR - [AUTO] optionsymbol failed for PE: HTTP 404: {"status": "error", "message": "No strikes found for NIFTY expiring 17FEB26. Please check expiry date or update master contract."}

2026-02-13 14:53:52,546 - ERROR - [AUTO] optionsymbol failed for CE: HTTP 404: {"status": "error", "message": "No strikes found for NIFTY expiring 17FEB26. Please check expiry date or update master contract."}

2026-02-13 14:53:53,151 - ERROR - [AUTO] optionsymbol failed for PE: HTTP 404: {"status": "error", "message": "No strikes found for NIFTY expiring 17FEB26. Please check expiry date or update master contract."}

2026-02-13 14:53:59,442 - ERROR - [AUTO] optionsymbol failed for CE: HTTP 404: {"status": "error", "message": "No strikes found for NIFTY expiring 17FEB26. Please check expiry date or update master contract."}

2026-02-13 14:54:00,108 - ERROR - [AUTO] optionsymbol failed for PE: HTTP 404: {"status": "error", "message": "No strikes found for NIFTY expiring 17FEB26. Please check expiry date or update master contract."}

2026-02-13 14:54:07,996 - ERROR - [AUTO] optionsymbol failed for CE: HTTP 404: {"status": "error", "message": "No strikes found for NIFTY expiring 17FEB26. Please check expiry date or update master contract."}

2026-02-13 14:54:08,625 - ERROR - [AUTO] optionsymbol failed for PE: HTTP 404: {"status": "error", "message": "No strikes found for NIFTY expiring 17FEB26. Please check expiry date or update master contract."}

2026-02-13 14:54:16,395 - ERROR - [AUTO] optionsymbol failed for CE: HTTP 404: {"status": "error", "message": "No strikes found for NIFTY expiring 17FEB26. Please check expiry date or update master contract."}

2026-02-13 14:54:18,491 - ERROR - [AUTO] optionsymbol failed for PE: HTTP 404: {"status": "error", "message": "No strikes found for NIFTY expiring 17FEB26. Please check expiry date or update master contract."}

2026-02-13 14:54:25,431 - ERROR - [AUTO] optionsymbol failed for CE: HTTP 404: {"status": "error", "message": "No strikes found for NIFTY expiring 17FEB26. Please check expiry date or update master contract."}

2026-02-13 14:54:27,778 - ERROR - [AUTO] optionsymbol failed for PE: HTTP 404: {"status": "error", "message": "No strikes found for NIFTY expiring 17FEB26. Please check expiry date or update master contract."}

2026-02-13 14:54:36,344 - ERROR - [AUTO] optionsymbol failed for CE: HTTP 404: {"status": "error", "message": "No strikes found for NIFTY expiring 17FEB26. Please check expiry date or update master contract."}

2026-02-13 14:54:37,314 - ERROR - [AUTO] optionsymbol failed for PE: HTTP 404: {"status": "error", "message": "No strikes found for NIFTY expiring 17FEB26. Please check expiry date or update master contract."}

2026-02-13 14:54:44,318 - ERROR - [AUTO] optionsymbol failed for CE: HTTP 404: {"status": "error", "message": "No strikes found for NIFTY expiring 17FEB26. Please check expiry date or update master contract."}

2026-02-13 14:54:45,967 - ERROR - [AUTO] optionsymbol failed for PE: HTTP 404: {"status": "error", "message": "No strikes found for NIFTY expiring 17FEB26. Please check expiry date or update master contract."}

2026-02-13 14:54:53,045 - ERROR - [AUTO] optionsymbol failed for CE: HTTP 404: {"status": "error", "message": "No strikes found for NIFTY expiring 17FEB26. Please check expiry date or update master contract."}

2026-02-13 14:54:54,100 - ERROR - [AUTO] optionsymbol failed for PE: HTTP 404: {"status": "error", "message": "No strikes found for NIFTY expiring 17FEB26. Please check expiry date or update master contract."}

2026-02-13 14:55:04,258 - ERROR - [AUTO] optionsymbol failed for CE: HTTP 404: {"status": "error", "message": "No strikes found for NIFTY expiring 17FEB26. Please check expiry date or update master contract."}

2026-02-13 14:55:05,224 - ERROR - [AUTO] optionsymbol failed for PE: HTTP 404: {"status": "error", "message": "No strikes found for NIFTY expiring 17FEB26. Please check expiry date or update master contract."}

2026-02-13 14:55:12,515 - ERROR - [AUTO] optionsymbol failed for CE: HTTP 404: {"status": "error", "message": "No strikes found for NIFTY expiring 17FEB26. Please check expiry date or update master contract."}

2026-02-13 14:55:15,278 - ERROR - [AUTO] optionsymbol failed for PE: HTTP 404: {"status": "error", "message": "No strikes found for NIFTY expiring 17FEB26. Please check expiry date or update master contract."}

2026-02-13 14:55:22,337 - ERROR - [AUTO] optionsymbol failed for CE: HTTP 404: {"status": "error", "message": "No strikes found for NIFTY expiring 17FEB26. Please check expiry date or update master contract."}

2026-02-13 14:55:23,295 - ERROR - [AUTO] optionsymbol failed for PE: HTTP 404: {"status": "error", "message": "No strikes found for NIFTY expiring 17FEB26. Please check expiry date or update master contract."}

2026-02-13 14:55:32,818 - ERROR - [AUTO] optionsymbol failed for CE: HTTP 404: {"status": "error", "message": "No strikes found for NIFTY expiring 17FEB26. Please check expiry date or update master contract."}

2026-02-13 14:55:33,811 - ERROR - [AUTO] optionsymbol failed for PE: HTTP 404: {"status": "error", "message": "No strikes found for NIFTY expiring 17FEB26. Please check expiry date or update master contract."}

2026-02-13 14:55:41,049 - ERROR - [AUTO] optionsymbol failed for CE: HTTP 404: {"status": "error", "message": "No strikes found for NIFTY expiring 17FEB26. Please check expiry date or update master contract."}

2026-02-13 14:55:43,109 - ERROR - [AUTO] optionsymbol failed for PE: HTTP 404: {"status": "error", "message": "No strikes found for NIFTY expiring 17FEB26. Please check expiry date or update master contract."}

2026-02-13 14:55:50,085 - ERROR - [AUTO] optionsymbol failed for CE: HTTP 404: {"status": "error", "message": "No strikes found for NIFTY expiring 17FEB26. Please check expiry date or update master contract."}

2026-02-13 14:55:51,042 - ERROR - [AUTO] optionsymbol failed for PE: HTTP 404: {"status": "error", "message": "No strikes found for NIFTY expiring 17FEB26. Please check expiry date or update master contract."}

2026-02-13 14:56:01,772 - ERROR - [AUTO] optionsymbol failed for CE: HTTP 404: {"status": "error", "message": "No strikes found for NIFTY expiring 17FEB26. Please check expiry date or update master contract."}

2026-02-13 14:56:02,697 - ERROR - [AUTO] optionsymbol failed for PE: HTTP 404: {"status": "error", "message": "No strikes found for NIFTY expiring 17FEB26. Please check expiry date or update master contract."}

2026-02-13 14:56:09,584 - ERROR - [AUTO] optionsymbol failed for CE: HTTP 404: {"status": "error", "message": "No strikes found for NIFTY expiring 17FEB26. Please check expiry date or update master contract."}

2026-02-13 14:56:10,594 - ERROR - [AUTO] optionsymbol failed for PE: HTTP 404: {"status": "error", "message": "No strikes found for NIFTY expiring 17FEB26. Please check expiry date or update master contract."}

2026-02-13 14:56:18,403 - ERROR - [AUTO] optionsymbol failed for CE: HTTP 404: {"status": "error", "message": "No strikes found for NIFTY expiring 17FEB26. Please check expiry date or update master contract."}

2026-02-13 14:56:19,672 - ERROR - [AUTO] optionsymbol failed for PE: HTTP 404: {"status": "error", "message": "No strikes found for NIFTY expiring 17FEB26. Please check expiry date or update master contract."}

2026-02-13 14:56:30,194 - ERROR - [AUTO] optionsymbol failed for CE: HTTP 404: {"status": "error", "message": "No strikes found for NIFTY expiring 17FEB26. Please check expiry date or update master contract."}

2026-02-13 14:56:33,186 - ERROR - [AUTO] optionsymbol failed for PE: HTTP 404: {"status": "error", "message": "No strikes found for NIFTY expiring 17FEB26. Please check expiry date or update master contract."}

2026-02-13 14:56:40,869 - ERROR - [AUTO] optionsymbol failed for CE: HTTP 404: {"status": "error", "message": "No strikes found for NIFTY expiring 17FEB26. Please check expiry date or update master contract."}

2026-02-13 14:56:42,199 - ERROR - [AUTO] optionsymbol failed for PE: HTTP 404: {"status": "error", "message": "No strikes found for NIFTY expiring 17FEB26. Please check expiry date or update master contract."}

2026-02-13 14:56:51,004 - ERROR - [AUTO] optionsymbol failed for CE: HTTP 404: {"status": "error", "message": "No strikes found for NIFTY expiring 17FEB26. Please check expiry date or update master contract."}

2026-02-13 14:56:53,157 - ERROR - [AUTO] optionsymbol failed for PE: HTTP 404: {"status": "error", "message": "No strikes found for NIFTY expiring 17FEB26. Please check expiry date or update master contract."}

2026-02-13 14:57:03,813 - ERROR - [AUTO] optionsymbol failed for CE: HTTP 404: {"status": "error", "message": "No strikes found for NIFTY expiring 17FEB26. Please check expiry date or update master contract."}

2026-02-13 14:57:05,638 - ERROR - [AUTO] optionsymbol failed for PE: HTTP 404: {"status": "error", "message": "No strikes found for NIFTY expiring 17FEB26. Please check expiry date or update master contract."}

2026-02-13 14:57:13,645 - ERROR - [AUTO] optionsymbol failed for CE: HTTP 404: {"status": "error", "message": "No strikes found for NIFTY expiring 17FEB26. Please check expiry date or update master contract."}

2026-02-13 14:57:15,260 - ERROR - [AUTO] optionsymbol failed for PE: HTTP 404: {"status": "error", "message": "No strikes found for NIFTY expiring 17FEB26. Please check expiry date or update master contract."}

2026-02-13 14:57:23,551 - ERROR - [AUTO] optionsymbol failed for CE: HTTP 404: {"status": "error", "message": "No strikes found for NIFTY expiring 17FEB26. Please check expiry date or update master contract."}

2026-02-13 14:57:24,883 - ERROR - [AUTO] optionsymbol failed for PE: HTTP 404: {"status": "error", "message": "No strikes found for NIFTY expiring 17FEB26. Please check expiry date or update master contract."}

2026-02-13 14:57:34,434 - ERROR - [AUTO] optionsymbol failed for CE: HTTP 404: {"status": "error", "message": "No strikes found for NIFTY expiring 17FEB26. Please check expiry date or update master contract."}

2026-02-13 14:57:38,101 - ERROR - [AUTO] optionsymbol failed for PE: HTTP 404: {"status": "error", "message": "No strikes found for NIFTY expiring 17FEB26. Please check expiry date or update master contract."}

2026-02-13 14:57:45,565 - ERROR - [AUTO] optionsymbol failed for CE: HTTP 404: {"status": "error", "message": "No strikes found for NIFTY expiring 17FEB26. Please check expiry date or update master contract."}

2026-02-13 14:57:46,758 - ERROR - [AUTO] optionsymbol failed for PE: HTTP 404: {"status": "error", "message": "No strikes found for NIFTY expiring 17FEB26. Please check expiry date or update master contract."}

2026-02-13 14:57:55,330 - ERROR - [AUTO] optionsymbol failed for CE: HTTP 404: {"status": "error", "message": "No strikes found for NIFTY expiring 17FEB26. Please check expiry date or update master contract."}

2026-02-13 14:57:56,598 - ERROR - [AUTO] optionsymbol failed for PE: HTTP 404: {"status": "error", "message": "No strikes found for NIFTY expiring 17FEB26. Please check expiry date or update master contract."}

2026-02-13 14:58:05,726 - ERROR - [AUTO] optionsymbol failed for CE: HTTP 404: {"status": "error", "message": "No strikes found for NIFTY expiring 17FEB26. Please check expiry date or update master contract."}

2026-02-13 14:58:08,281 - ERROR - [AUTO] optionsymbol failed for PE: HTTP 404: {"status": "error", "message": "No strikes found for NIFTY expiring 17FEB26. Please check expiry date or update master contract."}

2026-02-13 14:58:15,830 - ERROR - [AUTO] optionsymbol failed for CE: HTTP 404: {"status": "error", "message": "No strikes found for NIFTY expiring 17FEB26. Please check expiry date or update master contract."}

2026-02-13 14:58:17,073 - ERROR - [AUTO] optionsymbol failed for PE: HTTP 404: {"status": "error", "message": "No strikes found for NIFTY expiring 17FEB26. Please check expiry date or update master contract."}

2026-02-13 14:58:26,504 - ERROR - [AUTO] optionsymbol failed for CE: HTTP 404: {"status": "error", "message": "No strikes found for NIFTY expiring 17FEB26. Please check expiry date or update master contract."}

2026-02-13 14:58:27,855 - ERROR - [AUTO] optionsymbol failed for PE: HTTP 404: {"status": "error", "message": "No strikes found for NIFTY expiring 17FEB26. Please check expiry date or update master contract."}

2026-02-13 14:58:37,002 - ERROR - [AUTO] optionsymbol failed for CE: HTTP 404: {"status": "error", "message": "No strikes found for NIFTY expiring 17FEB26. Please check expiry date or update master contract."}

2026-02-13 14:58:39,727 - ERROR - [AUTO] optionsymbol failed for PE: HTTP 404: {"status": "error", "message": "No strikes found for NIFTY expiring 17FEB26. Please check expiry date or update master contract."}

2026-02-13 14:58:47,176 - ERROR - [AUTO] optionsymbol failed for CE: HTTP 404: {"status": "error", "message": "No strikes found for NIFTY expiring 17FEB26. Please check expiry date or update master contract."}

2026-02-13 14:58:48,544 - ERROR - [AUTO] optionsymbol failed for PE: HTTP 404: {"status": "error", "message": "No strikes found for NIFTY expiring 17FEB26. Please check expiry date or update master contract."}

2026-02-13 14:58:57,093 - ERROR - [AUTO] optionsymbol failed for CE: HTTP 404: {"status": "error", "message": "No strikes found for NIFTY expiring 17FEB26. Please check expiry date or update master contract."}

2026-02-13 14:58:58,272 - ERROR - [AUTO] optionsymbol failed for PE: HTTP 404: {"status": "error", "message": "No strikes found for NIFTY expiring 17FEB26. Please check expiry date or update master contract."}

2026-02-13 14:59:05,710 - ERROR - [AUTO] optionsymbol failed for CE: HTTP 404: {"status": "error", "message": "No strikes found for NIFTY expiring 17FEB26. Please check expiry date or update master contract."}

2026-02-13 14:59:08,884 - ERROR - [AUTO] optionsymbol failed for PE: HTTP 404: {"status": "error", "message": "No strikes found for NIFTY expiring 17FEB26. Please check expiry date or update master contract."}

2026-02-13 14:59:16,255 - ERROR - [AUTO] optionsymbol failed for CE: HTTP 404: {"status": "error", "message": "No strikes found for NIFTY expiring 17FEB26. Please check expiry date or update master contract."}

2026-02-13 14:59:17,474 - ERROR - [AUTO] optionsymbol failed for PE: HTTP 404: {"status": "error", "message": "No strikes found for NIFTY expiring 17FEB26. Please check expiry date or update master contract."}

2026-02-13 14:59:28,941 - ERROR - [AUTO] optionsymbol failed for CE: HTTP 404: {"status": "error", "message": "No strikes found for NIFTY expiring 17FEB26. Please check expiry date or update master contract."}

2026-02-13 14:59:30,130 - ERROR - [AUTO] optionsymbol failed for PE: HTTP 404: {"status": "error", "message": "No strikes found for NIFTY expiring 17FEB26. Please check expiry date or update master contract."}

2026-02-13 14:59:39,193 - ERROR - [AUTO] optionsymbol failed for CE: HTTP 404: {"status": "error", "message": "No strikes found for NIFTY expiring 17FEB26. Please check expiry date or update master contract."}

2026-02-13 14:59:42,001 - ERROR - [AUTO] optionsymbol failed for PE: HTTP 404: {"status": "error", "message": "No strikes found for NIFTY expiring 17FEB26. Please check expiry date or update master contract."}

2026-02-13 14:59:49,414 - ERROR - [AUTO] optionsymbol failed for CE: HTTP 404: {"status": "error", "message": "No strikes found for NIFTY expiring 17FEB26. Please check expiry date or update master contract."}

2026-02-13 14:59:50,532 - ERROR - [AUTO] optionsymbol failed for PE: HTTP 404: {"status": "error", "message": "No strikes found for NIFTY expiring 17FEB26. Please check expiry date or update master contract."}

2026-02-13 14:59:58,209 - ERROR - [AUTO] optionsymbol failed for CE: HTTP 404: {"status": "error", "message": "No strikes found for NIFTY expiring 17FEB26. Please check expiry date or update master contract."}

2026-02-13 14:59:59,549 - ERROR - [AUTO] optionsymbol failed for PE: HTTP 404: {"status": "error", "message": "No strikes found for NIFTY expiring 17FEB26. Please check expiry date or update master contract."}

2026-02-13 15:00:07,868 - ERROR - [AUTO] optionsymbol failed for CE: HTTP 404: {"status": "error", "message": "No strikes found for NIFTY expiring 17FEB26. Please check expiry date or update master contract."}

2026-02-13 15:00:10,999 - ERROR - [AUTO] optionsymbol failed for PE: HTTP 404: {"status": "error", "message": "No strikes found for NIFTY expiring 17FEB26. Please check expiry date or update master contract."}

2026-02-13 15:00:18,438 - ERROR - [AUTO] optionsymbol failed for CE: HTTP 404: {"status": "error", "message": "No strikes found for NIFTY expiring 17FEB26. Please check expiry date or update master contract."}

2026-02-13 15:00:19,809 - ERROR - [AUTO] optionsymbol failed for PE: HTTP 404: {"status": "error", "message": "No strikes found for NIFTY expiring 17FEB26. Please check expiry date or update master contract."}

2026-02-13 15:00:28,660 - ERROR - [AUTO] optionsymbol failed for CE: HTTP 404: {"status": "error", "message": "No strikes found for NIFTY expiring 17FEB26. Please check expiry date or update master contract."}

2026-02-13 15:00:29,758 - ERROR - [AUTO] optionsymbol failed for PE: HTTP 404: {"status": "error", "message": "No strikes found for NIFTY expiring 17FEB26. Please check expiry date or update master contract."}

2026-02-13 15:00:37,388 - ERROR - [AUTO] optionsymbol failed for CE: HTTP 404: {"status": "error", "message": "No strikes found for NIFTY expiring 17FEB26. Please check expiry date or update master contract."}

2026-02-13 15:00:40,319 - ERROR - [AUTO] optionsymbol failed for PE: HTTP 404: {"status": "error", "message": "No strikes found for NIFTY expiring 17FEB26. Please check expiry date or update master contract."}

2026-02-13 15:00:47,835 - ERROR - [AUTO] optionsymbol failed for CE: HTTP 404: {"status": "error", "message": "No strikes found for NIFTY expiring 17FEB26. Please check expiry date or update master contract."}

2026-02-13 15:00:49,238 - ERROR - [AUTO] optionsymbol failed for PE: HTTP 404: {"status": "error", "message": "No strikes found for NIFTY expiring 17FEB26. Please check expiry date or update master contract."}

2026-02-13 15:00:59,314 - ERROR - [AUTO] optionsymbol failed for CE: HTTP 404: {"status": "error", "message": "No strikes found for NIFTY expiring 17FEB26. Please check expiry date or update master contract."}

2026-02-13 15:01:00,625 - ERROR - [AUTO] optionsymbol failed for PE: HTTP 404: {"status": "error", "message": "No strikes found for NIFTY expiring 17FEB26. Please check expiry date or update master contract."}

2026-02-13 15:01:10,379 - ERROR - [AUTO] optionsymbol failed for CE: HTTP 404: {"status": "error", "message": "No strikes found for NIFTY expiring 17FEB26. Please check expiry date or update master contract."}

2026-02-13 15:01:13,634 - ERROR - [AUTO] optionsymbol failed for PE: HTTP 404: {"status": "error", "message": "No strikes found for NIFTY expiring 17FEB26. Please check expiry date or update master contract."}

2026-02-13 15:01:21,382 - ERROR - [AUTO] optionsymbol failed for CE: HTTP 404: {"status": "error", "message": "No strikes found for NIFTY expiring 17FEB26. Please check expiry date or update master contract."}

2026-02-13 15:01:23,283 - ERROR - [AUTO] optionsymbol failed for PE: HTTP 404: {"status": "error", "message": "No strikes found for NIFTY expiring 17FEB26. Please check expiry date or update master contract."}

2026-02-13 15:01:32,008 - ERROR - [AUTO] optionsymbol failed for CE: HTTP 404: {"status": "error", "message": "No strikes found for NIFTY expiring 17FEB26. Please check expiry date or update master contract."}

2026-02-13 15:01:33,246 - ERROR - [AUTO] optionsymbol failed for PE: HTTP 404: {"status": "error", "message": "No strikes found for NIFTY expiring 17FEB26. Please check expiry date or update master contract."}

2026-02-13 15:01:43,603 - ERROR - [AUTO] optionsymbol failed for CE: HTTP 404: {"status": "error", "message": "No strikes found for NIFTY expiring 17FEB26. Please check expiry date or update master contract."}

2026-02-13 15:01:46,459 - ERROR - [AUTO] optionsymbol failed for PE: HTTP 404: {"status": "error", "message": "No strikes found for NIFTY expiring 17FEB26. Please check expiry date or update master contract."}

2026-02-13 15:01:54,004 - ERROR - [AUTO] optionsymbol failed for CE: HTTP 404: {"status": "error", "message": "No strikes found for NIFTY expiring 17FEB26. Please check expiry date or update master contract."}

2026-02-13 15:01:55,290 - ERROR - [AUTO] optionsymbol failed for PE: HTTP 404: {"status": "error", "message": "No strikes found for NIFTY expiring 17FEB26. Please check expiry date or update master contract."}

2026-02-13 15:02:03,157 - ERROR - [AUTO] optionsymbol failed for CE: HTTP 404: {"status": "error", "message": "No strikes found for NIFTY expiring 17FEB26. Please check expiry date or update master contract."}

2026-02-13 15:02:04,535 - ERROR - [AUTO] optionsymbol failed for PE: HTTP 404: {"status": "error", "message": "No strikes found for NIFTY expiring 17FEB26. Please check expiry date or update master contract."}

2026-02-13 15:02:13,972 - ERROR - [AUTO] optionsymbol failed for CE: HTTP 404: {"status": "error", "message": "No strikes found for NIFTY expiring 17FEB26. Please check expiry date or update master contract."}

2026-02-13 15:02:17,391 - ERROR - [AUTO] optionsymbol failed for PE: HTTP 404: {"status": "error", "message": "No strikes found for NIFTY expiring 17FEB26. Please check expiry date or update master contract."}

2026-02-13 15:02:24,909 - ERROR - [AUTO] optionsymbol failed for CE: HTTP 404: {"status": "error", "message": "No strikes found for NIFTY expiring 17FEB26. Please check expiry date or update master contract."}

2026-02-13 15:02:26,255 - ERROR - [AUTO] optionsymbol failed for PE: HTTP 404: {"status": "error", "message": "No strikes found for NIFTY expiring 17FEB26. Please check expiry date or update master contract."}

2026-02-13 15:02:34,888 - ERROR - [AUTO] optionsymbol failed for CE: HTTP 404: {"status": "error", "message": "No strikes found for NIFTY expiring 17FEB26. Please check expiry date or update master contract."}

2026-02-13 15:02:36,172 - ERROR - [AUTO] optionsymbol failed for PE: HTTP 404: {"status": "error", "message": "No strikes found for NIFTY expiring 17FEB26. Please check expiry date or update master contract."}

2026-02-13 15:02:45,356 - ERROR - [AUTO] optionsymbol failed for CE: HTTP 404: {"status": "error", "message": "No strikes found for NIFTY expiring 17FEB26. Please check expiry date or update master contract."}

2026-02-13 15:02:48,474 - ERROR - [AUTO] optionsymbol failed for PE: HTTP 404: {"status": "error", "message": "No strikes found for NIFTY expiring 17FEB26. Please check expiry date or update master contract."}

2026-02-13 15:02:55,925 - ERROR - [AUTO] optionsymbol failed for CE: HTTP 404: {"status": "error", "message": "No strikes found for NIFTY expiring 17FEB26. Please check expiry date or update master contract."}

2026-02-13 15:02:57,077 - ERROR - [AUTO] optionsymbol failed for PE: HTTP 404: {"status": "error", "message": "No strikes found for NIFTY expiring 17FEB26. Please check expiry date or update master contract."}

2026-02-13 15:03:06,055 - ERROR - [AUTO] optionsymbol failed for CE: HTTP 404: {"status": "error", "message": "No strikes found for NIFTY expiring 17FEB26. Please check expiry date or update master contract."}

2026-02-13 15:03:07,341 - ERROR - [AUTO] optionsymbol failed for PE: HTTP 404: {"status": "error", "message": "No strikes found for NIFTY expiring 17FEB26. Please check expiry date or update master contract."}

2026-02-13 15:03:15,482 - ERROR - [AUTO] optionsymbol failed for CE: HTTP 404: {"status": "error", "message": "No strikes found for NIFTY expiring 17FEB26. Please check expiry date or update master contract."}

2026-02-13 15:03:18,062 - ERROR - [AUTO] optionsymbol failed for PE: HTTP 404: {"status": "error", "message": "No strikes found for NIFTY expiring 17FEB26. Please check expiry date or update master contract."}

2026-02-13 15:03:25,507 - ERROR - [AUTO] optionsymbol failed for CE: HTTP 404: {"status": "error", "message": "No strikes found for NIFTY expiring 17FEB26. Please check expiry date or update master contract."}

2026-02-13 15:03:26,702 - ERROR - [AUTO] optionsymbol failed for PE: HTTP 404: {"status": "error", "message": "No strikes found for NIFTY expiring 17FEB26. Please check expiry date or update master contract."}

2026-02-13 15:03:35,894 - ERROR - [AUTO] optionsymbol failed for CE: HTTP 404: {"status": "error", "message": "No strikes found for NIFTY expiring 17FEB26. Please check expiry date or update master contract."}

2026-02-13 15:03:37,034 - ERROR - [AUTO] optionsymbol failed for PE: HTTP 404: {"status": "error", "message": "No strikes found for NIFTY expiring 17FEB26. Please check expiry date or update master contract."}

2026-02-13 15:03:46,937 - ERROR - [AUTO] optionsymbol failed for CE: HTTP 404: {"status": "error", "message": "No strikes found for NIFTY expiring 17FEB26. Please check expiry date or update master contract."}

2026-02-13 15:03:49,619 - ERROR - [AUTO] optionsymbol failed for PE: HTTP 404: {"status": "error", "message": "No strikes found for NIFTY expiring 17FEB26. Please check expiry date or update master contract."}

2026-02-13 15:03:56,958 - ERROR - [AUTO] optionsymbol failed for CE: HTTP 404: {"status": "error", "message": "No strikes found for NIFTY expiring 17FEB26. Please check expiry date or update master contract."}

2026-02-13 15:03:58,027 - ERROR - [AUTO] optionsymbol failed for PE: HTTP 404: {"status": "error", "message": "No strikes found for NIFTY expiring 17FEB26. Please check expiry date or update master contract."}

2026-02-13 15:04:06,145 - ERROR - [AUTO] optionsymbol failed for CE: HTTP 404: {"status": "error", "message": "No strikes found for NIFTY expiring 17FEB26. Please check expiry date or update master contract."}

2026-02-13 15:04:07,313 - ERROR - [AUTO] optionsymbol failed for PE: HTTP 404: {"status": "error", "message": "No strikes found for NIFTY expiring 17FEB26. Please check expiry date or update master contract."}

2026-02-13 15:04:15,100 - ERROR - [AUTO] optionsymbol failed for CE: HTTP 404: {"status": "error", "message": "No strikes found for NIFTY expiring 17FEB26. Please check expiry date or update master contract."}

2026-02-13 15:04:18,052 - ERROR - [AUTO] optionsymbol failed for PE: HTTP 404: {"status": "error", "message": "No strikes found for NIFTY expiring 17FEB26. Please check expiry date or update master contract."}

2026-02-13 15:04:25,558 - ERROR - [AUTO] optionsymbol failed for CE: HTTP 404: {"status": "error", "message": "No strikes found for NIFTY expiring 17FEB26. Please check expiry date or update master contract."}

2026-02-13 15:04:26,686 - ERROR - [AUTO] optionsymbol failed for PE: HTTP 404: {"status": "error", "message": "No strikes found for NIFTY expiring 17FEB26. Please check expiry date or update master contract."}

2026-02-13 15:04:36,915 - ERROR - [AUTO] optionsymbol failed for CE: HTTP 404: {"status": "error", "message": "No strikes found for NIFTY expiring 17FEB26. Please check expiry date or update master contract."}

2026-02-13 15:04:38,184 - ERROR - [AUTO] optionsymbol failed for PE: HTTP 404: {"status": "error", "message": "No strikes found for NIFTY expiring 17FEB26. Please check expiry date or update master contract."}

2026-02-13 15:04:48,105 - ERROR - [AUTO] optionsymbol failed for CE: HTTP 404: {"status": "error", "message": "No strikes found for NIFTY expiring 17FEB26. Please check expiry date or update master contract."}

2026-02-13 15:04:50,740 - ERROR - [AUTO] optionsymbol failed for PE: HTTP 404: {"status": "error", "message": "No strikes found for NIFTY expiring 17FEB26. Please check expiry date or update master contract."}

2026-02-13 15:04:58,356 - ERROR - [AUTO] optionsymbol failed for CE: HTTP 404: {"status": "error", "message": "No strikes found for NIFTY expiring 17FEB26. Please check expiry date or update master contract."}

2026-02-13 15:04:59,489 - ERROR - [AUTO] optionsymbol failed for PE: HTTP 404: {"status": "error", "message": "No strikes found for NIFTY expiring 17FEB26. Please check expiry date or update master contract."}

2026-02-13 15:05:07,971 - ERROR - [AUTO] optionsymbol failed for CE: HTTP 404: {"status": "error", "message": "No strikes found for NIFTY expiring 17FEB26. Please check expiry date or update master contract."}

2026-02-13 15:05:09,227 - ERROR - [AUTO] optionsymbol failed for PE: HTTP 404: {"status": "error", "message": "No strikes found for NIFTY expiring 17FEB26. Please check expiry date or update master contract."}

2026-02-13 15:05:18,669 - ERROR - [AUTO] optionsymbol failed for CE: HTTP 404: {"status": "error", "message": "No strikes found for NIFTY expiring 17FEB26. Please check expiry date or update master contract."}

2026-02-13 15:05:21,042 - ERROR - [AUTO] optionsymbol failed for PE: HTTP 404: {"status": "error", "message": "No strikes found for NIFTY expiring 17FEB26. Please check expiry date or update master contract."}

2026-02-13 15:05:28,854 - ERROR - [AUTO] optionsymbol failed for CE: HTTP 404: {"status": "error", "message": "No strikes found for NIFTY expiring 17FEB26. Please check expiry date or update master contract."}

2026-02-13 15:05:30,070 - ERROR - [AUTO] optionsymbol failed for PE: HTTP 404: {"status": "error", "message": "No strikes found for NIFTY expiring 17FEB26. Please check expiry date or update master contract."}

2026-02-13 15:05:38,066 - ERROR - [AUTO] optionsymbol failed for CE: HTTP 404: {"status": "error", "message": "No strikes found for NIFTY expiring 17FEB26. Please check expiry date or update master contract."}

2026-02-13 15:05:39,262 - ERROR - [AUTO] optionsymbol failed for PE: HTTP 404: {"status": "error", "message": "No strikes found for NIFTY expiring 17FEB26. Please check expiry date or update master contract."}

2026-02-13 15:05:48,937 - ERROR - [AUTO] optionsymbol failed for CE: HTTP 404: {"status": "error", "message": "No strikes found for NIFTY expiring 17FEB26. Please check expiry date or update master contract."}

2026-02-13 15:05:51,503 - ERROR - [AUTO] optionsymbol failed for PE: HTTP 404: {"status": "error", "message": "No strikes found for NIFTY expiring 17FEB26. Please check expiry date or update master contract."}

2026-02-13 15:05:58,852 - ERROR - [AUTO] optionsymbol failed for CE: HTTP 404: {"status": "error", "message": "No strikes found for NIFTY expiring 17FEB26. Please check expiry date or update master contract."}

2026-02-13 15:06:00,137 - ERROR - [AUTO] optionsymbol failed for PE: HTTP 404: {"status": "error", "message": "No strikes found for NIFTY expiring 17FEB26. Please check expiry date or update master contract."}

2026-02-13 15:06:08,685 - ERROR - [AUTO] optionsymbol failed for CE: HTTP 404: {"status": "error", "message": "No strikes found for NIFTY expiring 17FEB26. Please check expiry date or update master contract."}

2026-02-13 15:06:09,920 - ERROR - [AUTO] optionsymbol failed for PE: HTTP 404: {"status": "error", "message": "No strikes found for NIFTY expiring 17FEB26. Please check expiry date or update master contract."}

2026-02-13 15:06:18,921 - ERROR - [AUTO] optionsymbol failed for CE: HTTP 404: {"status": "error", "message": "No strikes found for NIFTY expiring 17FEB26. Please check expiry date or update master contract."}

2026-02-13 15:06:22,082 - ERROR - [AUTO] optionsymbol failed for PE: HTTP 404: {"status": "error", "message": "No strikes found for NIFTY expiring 17FEB26. Please check expiry date or update master contract."}

2026-02-13 15:06:29,480 - ERROR - [AUTO] optionsymbol failed for CE: HTTP 404: {"status": "error", "message": "No strikes found for NIFTY expiring 17FEB26. Please check expiry date or update master contract."}

2026-02-13 15:06:30,748 - ERROR - [AUTO] optionsymbol failed for PE: HTTP 404: {"status": "error", "message": "No strikes found for NIFTY expiring 17FEB26. Please check expiry date or update master contract."}

2026-02-13 15:06:38,499 - ERROR - [AUTO] optionsymbol failed for CE: HTTP 404: {"status": "error", "message": "No strikes found for NIFTY expiring 17FEB26. Please check expiry date or update master contract."}

2026-02-13 15:06:39,707 - ERROR - [AUTO] optionsymbol failed for PE: HTTP 404: {"status": "error", "message": "No strikes found for NIFTY expiring 17FEB26. Please check expiry date or update master contract."}

2026-02-13 15:06:47,126 - ERROR - [AUTO] optionsymbol failed for CE: HTTP 404: {"status": "error", "message": "No strikes found for NIFTY expiring 17FEB26. Please check expiry date or update master contract."}

2026-02-13 15:06:50,324 - ERROR - [AUTO] optionsymbol failed for PE: HTTP 404: {"status": "error", "message": "No strikes found for NIFTY expiring 17FEB26. Please check expiry date or update master contract."}

2026-02-13 15:06:57,747 - ERROR - [AUTO] optionsymbol failed for CE: HTTP 404: {"status": "error", "message": "No strikes found for NIFTY expiring 17FEB26. Please check expiry date or update master contract."}

2026-02-13 15:06:58,908 - ERROR - [AUTO] optionsymbol failed for PE: HTTP 404: {"status": "error", "message": "No strikes found for NIFTY expiring 17FEB26. Please check expiry date or update master contract."}

2026-02-13 15:07:09,540 - ERROR - [AUTO] optionsymbol failed for CE: HTTP 404: {"status": "error", "message": "No strikes found for NIFTY expiring 17FEB26. Please check expiry date or update master contract."}

2026-02-13 15:07:10,963 - ERROR - [AUTO] optionsymbol failed for PE: HTTP 404: {"status": "error", "message": "No strikes found for NIFTY expiring 17FEB26. Please check expiry date or update master contract."}

2026-02-13 15:07:20,253 - ERROR - [AUTO] optionsymbol failed for CE: HTTP 404: {"status": "error", "message": "No strikes found for NIFTY expiring 17FEB26. Please check expiry date or update master contract."}

2026-02-13 15:07:22,807 - ERROR - [AUTO] optionsymbol failed for PE: HTTP 404: {"status": "error", "message": "No strikes found for NIFTY expiring 17FEB26. Please check expiry date or update master contract."}

2026-02-13 15:07:30,376 - ERROR - [AUTO] optionsymbol failed for CE: HTTP 404: {"status": "error", "message": "No strikes found for NIFTY expiring 17FEB26. Please check expiry date or update master contract."}

2026-02-13 15:07:31,705 - ERROR - [AUTO] optionsymbol failed for PE: HTTP 404: {"status": "error", "message": "No strikes found for NIFTY expiring 17FEB26. Please check expiry date or update master contract."}

2026-02-13 15:07:39,205 - ERROR - [AUTO] optionsymbol failed for CE: HTTP 404: {"status": "error", "message": "No strikes found for NIFTY expiring 17FEB26. Please check expiry date or update master contract."}

2026-02-13 15:07:40,427 - ERROR - [AUTO] optionsymbol failed for PE: HTTP 404: {"status": "error", "message": "No strikes found for NIFTY expiring 17FEB26. Please check expiry date or update master contract."}

2026-02-13 15:07:49,352 - ERROR - [AUTO] optionsymbol failed for CE: HTTP 404: {"status": "error", "message": "No strikes found for NIFTY expiring 17FEB26. Please check expiry date or update master contract."}

2026-02-13 15:07:52,441 - ERROR - [AUTO] optionsymbol failed for PE: HTTP 404: {"status": "error", "message": "No strikes found for NIFTY expiring 17FEB26. Please check expiry date or update master contract."}

2026-02-13 15:07:59,920 - ERROR - [AUTO] optionsymbol failed for CE: HTTP 404: {"status": "error", "message": "No strikes found for NIFTY expiring 17FEB26. Please check expiry date or update master contract."}

2026-02-13 15:08:01,166 - ERROR - [AUTO] optionsymbol failed for PE: HTTP 404: {"status": "error", "message": "No strikes found for NIFTY expiring 17FEB26. Please check expiry date or update master contract."}

2026-02-13 15:08:09,212 - ERROR - [AUTO] optionsymbol failed for CE: HTTP 404: {"status": "error", "message": "No strikes found for NIFTY expiring 17FEB26. Please check expiry date or update master contract."}

2026-02-13 15:08:10,422 - ERROR - [AUTO] optionsymbol failed for PE: HTTP 404: {"status": "error", "message": "No strikes found for NIFTY expiring 17FEB26. Please check expiry date or update master contract."}

2026-02-13 15:08:18,625 - ERROR - [AUTO] optionsymbol failed for CE: HTTP 404: {"status": "error", "message": "No strikes found for NIFTY expiring 17FEB26. Please check expiry date or update master contract."}

2026-02-13 15:08:21,359 - ERROR - [AUTO] optionsymbol failed for PE: HTTP 404: {"status": "error", "message": "No strikes found for NIFTY expiring 17FEB26. Please check expiry date or update master contract."}

2026-02-13 15:08:28,820 - ERROR - [AUTO] optionsymbol failed for CE: HTTP 404: {"status": "error", "message": "No strikes found for NIFTY expiring 17FEB26. Please check expiry date or update master contract."}

2026-02-13 15:08:29,992 - ERROR - [AUTO] optionsymbol failed for PE: HTTP 404: {"status": "error", "message": "No strikes found for NIFTY expiring 17FEB26. Please check expiry date or update master contract."}

2026-02-13 15:08:38,925 - ERROR - [AUTO] optionsymbol failed for CE: HTTP 404: {"status": "error", "message": "No strikes found for NIFTY expiring 17FEB26. Please check expiry date or update master contract."}

2026-02-13 15:08:40,077 - ERROR - [AUTO] optionsymbol failed for PE: HTTP 404: {"status": "error", "message": "No strikes found for NIFTY expiring 17FEB26. Please check expiry date or update master contract."}

2026-02-13 15:08:49,944 - ERROR - [AUTO] optionsymbol failed for CE: HTTP 404: {"status": "error", "message": "No strikes found for NIFTY expiring 17FEB26. Please check expiry date or update master contract."}

2026-02-13 15:08:52,272 - ERROR - [AUTO] optionsymbol failed for PE: HTTP 404: {"status": "error", "message": "No strikes found for NIFTY expiring 17FEB26. Please check expiry date or update master contract."}

2026-02-13 15:09:00,000 - ERROR - [AUTO] optionsymbol failed for CE: HTTP 404: {"status": "error", "message": "No strikes found for NIFTY expiring 17FEB26. Please check expiry date or update master contract."}

2026-02-13 15:09:01,224 - ERROR - [AUTO] optionsymbol failed for PE: HTTP 404: {"status": "error", "message": "No strikes found for NIFTY expiring 17FEB26. Please check expiry date or update master contract."}

2026-02-13 15:09:09,932 - ERROR - [AUTO] optionsymbol failed for CE: HTTP 404: {"status": "error", "message": "No strikes found for NIFTY expiring 17FEB26. Please check expiry date or update master contract."}

2026-02-13 15:09:11,419 - ERROR - [AUTO] optionsymbol failed for PE: HTTP 404: {"status": "error", "message": "No strikes found for NIFTY expiring 17FEB26. Please check expiry date or update master contract."}

2026-02-13 15:09:20,579 - ERROR - [AUTO] optionsymbol failed for CE: HTTP 404: {"status": "error", "message": "No strikes found for NIFTY expiring 17FEB26. Please check expiry date or update master contract."}

2026-02-13 15:09:23,834 - ERROR - [AUTO] optionsymbol failed for PE: HTTP 404: {"status": "error", "message": "No strikes found for NIFTY expiring 17FEB26. Please check expiry date or update master contract."}

2026-02-13 15:09:31,275 - ERROR - [AUTO] optionsymbol failed for CE: HTTP 404: {"status": "error", "message": "No strikes found for NIFTY expiring 17FEB26. Please check expiry date or update master contract."}

2026-02-13 15:09:32,396 - ERROR - [AUTO] optionsymbol failed for PE: HTTP 404: {"status": "error", "message": "No strikes found for NIFTY expiring 17FEB26. Please check expiry date or update master contract."}

2026-02-13 15:09:41,653 - ERROR - [AUTO] optionsymbol failed for CE: HTTP 404: {"status": "error", "message": "No strikes found for NIFTY expiring 17FEB26. Please check expiry date or update master contract."}

2026-02-13 15:09:42,809 - ERROR - [AUTO] optionsymbol failed for PE: HTTP 404: {"status": "error", "message": "No strikes found for NIFTY expiring 17FEB26. Please check expiry date or update master contract."}

2026-02-13 15:09:52,111 - ERROR - [AUTO] optionsymbol failed for CE: HTTP 404: {"status": "error", "message": "No strikes found for NIFTY expiring 17FEB26. Please check expiry date or update master contract."}

2026-02-13 15:09:55,611 - ERROR - [AUTO] optionsymbol failed for PE: HTTP 404: {"status": "error", "message": "No strikes found for NIFTY expiring 17FEB26. Please check expiry date or update master contract."}

2026-02-13 15:10:03,788 - ERROR - [AUTO] optionsymbol failed for CE: HTTP 404: {"status": "error", "message": "No strikes found for NIFTY expiring 17FEB26. Please check expiry date or update master contract."}

2026-02-13 15:10:05,029 - ERROR - [AUTO] optionsymbol failed for PE: HTTP 404: {"status": "error", "message": "No strikes found for NIFTY expiring 17FEB26. Please check expiry date or update master contract."}

2026-02-13 15:10:12,617 - ERROR - [AUTO] optionsymbol failed for CE: HTTP 404: {"status": "error", "message": "No strikes found for NIFTY expiring 17FEB26. Please check expiry date or update master contract."}

2026-02-13 15:10:13,958 - ERROR - [AUTO] optionsymbol failed for PE: HTTP 404: {"status": "error", "message": "No strikes found for NIFTY expiring 17FEB26. Please check expiry date or update master contract."}

2026-02-13 15:10:23,386 - ERROR - [AUTO] optionsymbol failed for CE: HTTP 404: {"status": "error", "message": "No strikes found for NIFTY expiring 17FEB26. Please check expiry date or update master contract."}

2026-02-13 15:10:26,047 - ERROR - [AUTO] optionsymbol failed for PE: HTTP 404: {"status": "error", "message": "No strikes found for NIFTY expiring 17FEB26. Please check expiry date or update master contract."}

2026-02-13 15:10:33,642 - ERROR - [AUTO] optionsymbol failed for CE: HTTP 404: {"status": "error", "message": "No strikes found for NIFTY expiring 17FEB26. Please check expiry date or update master contract."}

2026-02-13 15:10:35,079 - ERROR - [AUTO] optionsymbol failed for PE: HTTP 404: {"status": "error", "message": "No strikes found for NIFTY expiring 17FEB26. Please check expiry date or update master contract."}

2026-02-13 15:10:46,381 - ERROR - [AUTO] optionsymbol failed for CE: HTTP 404: {"status": "error", "message": "No strikes found for NIFTY expiring 17FEB26. Please check expiry date or update master contract."}

2026-02-13 15:10:47,615 - ERROR - [AUTO] optionsymbol failed for PE: HTTP 404: {"status": "error", "message": "No strikes found for NIFTY expiring 17FEB26. Please check expiry date or update master contract."}

2026-02-13 15:10:57,471 - ERROR - [AUTO] optionsymbol failed for CE: HTTP 404: {"status": "error", "message": "No strikes found for NIFTY expiring 17FEB26. Please check expiry date or update master contract."}

2026-02-13 15:11:00,148 - ERROR - [AUTO] optionsymbol failed for PE: HTTP 404: {"status": "error", "message": "No strikes found for NIFTY expiring 17FEB26. Please check expiry date or update master contract."}

2026-02-13 15:11:07,740 - ERROR - [AUTO] optionsymbol failed for CE: HTTP 404: {"status": "error", "message": "No strikes found for NIFTY expiring 17FEB26. Please check expiry date or update master contract."}

2026-02-13 15:11:09,022 - ERROR - [AUTO] optionsymbol failed for PE: HTTP 404: {"status": "error", "message": "No strikes found for NIFTY expiring 17FEB26. Please check expiry date or update master contract."}

2026-02-13 15:11:17,776 - ERROR - [AUTO] optionsymbol failed for CE: HTTP 404: {"status": "error", "message": "No strikes found for NIFTY expiring 17FEB26. Please check expiry date or update master contract."}

2026-02-13 15:11:18,925 - ERROR - [AUTO] optionsymbol failed for PE: HTTP 404: {"status": "error", "message": "No strikes found for NIFTY expiring 17FEB26. Please check expiry date or update master contract."}

2026-02-13 15:11:28,998 - ERROR - [AUTO] optionsymbol failed for CE: HTTP 404: {"status": "error", "message": "No strikes found for NIFTY expiring 17FEB26. Please check expiry date or update master contract."}

2026-02-13 15:11:32,172 - ERROR - [AUTO] optionsymbol failed for PE: HTTP 404: {"status": "error", "message": "No strikes found for NIFTY expiring 17FEB26. Please check expiry date or update master contract."}

2026-02-13 15:11:39,772 - ERROR - [AUTO] optionsymbol failed for CE: HTTP 404: {"status": "error", "message": "No strikes found for NIFTY expiring 17FEB26. Please check expiry date or update master contract."}

2026-02-13 15:11:41,071 - ERROR - [AUTO] optionsymbol failed for PE: HTTP 404: {"status": "error", "message": "No strikes found for NIFTY expiring 17FEB26. Please check expiry date or update master contract."}

2026-02-13 15:11:49,372 - ERROR - [AUTO] optionsymbol failed for CE: HTTP 404: {"status": "error", "message": "No strikes found for NIFTY expiring 17FEB26. Please check expiry date or update master contract."}

2026-02-13 15:11:50,589 - ERROR - [AUTO] optionsymbol failed for PE: HTTP 404: {"status": "error", "message": "No strikes found for NIFTY expiring 17FEB26. Please check expiry date or update master contract."}

2026-02-13 15:12:00,066 - ERROR - [AUTO] optionsymbol failed for CE: HTTP 404: {"status": "error", "message": "No strikes found for NIFTY expiring 17FEB26. Please check expiry date or update master contract."}

2026-02-13 15:12:02,770 - ERROR - [AUTO] optionsymbol failed for PE: HTTP 404: {"status": "error", "message": "No strikes found for NIFTY expiring 17FEB26. Please check expiry date or update master contract."}

2026-02-13 15:12:10,962 - ERROR - [AUTO] optionsymbol failed for CE: HTTP 404: {"status": "error", "message": "No strikes found for NIFTY expiring 17FEB26. Please check expiry date or update master contract."}

2026-02-13 15:12:12,350 - ERROR - [AUTO] optionsymbol failed for PE: HTTP 404: {"status": "error", "message": "No strikes found for NIFTY expiring 17FEB26. Please check expiry date or update master contract."}

2026-02-13 15:12:21,343 - ERROR - [AUTO] optionsymbol failed for CE: HTTP 404: {"status": "error", "message": "No strikes found for NIFTY expiring 17FEB26. Please check expiry date or update master contract."}

2026-02-13 15:12:22,747 - ERROR - [AUTO] optionsymbol failed for PE: HTTP 404: {"status": "error", "message": "No strikes found for NIFTY expiring 17FEB26. Please check expiry date or update master contract."}

2026-02-13 15:12:31,862 - ERROR - [AUTO] optionsymbol failed for CE: HTTP 404: {"status": "error", "message": "No strikes found for NIFTY expiring 17FEB26. Please check expiry date or update master contract."}

2026-02-13 15:12:34,744 - ERROR - [AUTO] optionsymbol failed for PE: HTTP 404: {"status": "error", "message": "No strikes found for NIFTY expiring 17FEB26. Please check expiry date or update master contract."}

2026-02-13 15:12:42,778 - ERROR - [AUTO] optionsymbol failed for CE: HTTP 404: {"status": "error", "message": "No strikes found for NIFTY expiring 17FEB26. Please check expiry date or update master contract."}

2026-02-13 15:12:44,308 - ERROR - [AUTO] optionsymbol failed for PE: HTTP 404: {"status": "error", "message": "No strikes found for NIFTY expiring 17FEB26. Please check expiry date or update master contract."}

2026-02-13 15:12:52,720 - ERROR - [AUTO] optionsymbol failed for CE: HTTP 404: {"status": "error", "message": "No strikes found for NIFTY expiring 17FEB26. Please check expiry date or update master contract."}

2026-02-13 15:12:54,030 - ERROR - [AUTO] optionsymbol failed for PE: HTTP 404: {"status": "error", "message": "No strikes found for NIFTY expiring 17FEB26. Please check expiry date or update master contract."}

2026-02-13 15:13:03,808 - ERROR - [AUTO] optionsymbol failed for CE: HTTP 404: {"status": "error", "message": "No strikes found for NIFTY expiring 17FEB26. Please check expiry date or update master contract."}

2026-02-13 15:13:07,351 - ERROR - [AUTO] optionsymbol failed for PE: HTTP 404: {"status": "error", "message": "No strikes found for NIFTY expiring 17FEB26. Please check expiry date or update master contract."}

2026-02-13 15:13:14,984 - ERROR - [AUTO] optionsymbol failed for CE: HTTP 404: {"status": "error", "message": "No strikes found for NIFTY expiring 17FEB26. Please check expiry date or update master contract."}

2026-02-13 15:13:16,203 - ERROR - [AUTO] optionsymbol failed for PE: HTTP 404: {"status": "error", "message": "No strikes found for NIFTY expiring 17FEB26. Please check expiry date or update master contract."}

2026-02-13 15:13:25,849 - ERROR - [AUTO] optionsymbol failed for CE: HTTP 404: {"status": "error", "message": "No strikes found for NIFTY expiring 17FEB26. Please check expiry date or update master contract."}

2026-02-13 15:13:27,132 - ERROR - [AUTO] optionsymbol failed for PE: HTTP 404: {"status": "error", "message": "No strikes found for NIFTY expiring 17FEB26. Please check expiry date or update master contract."}

2026-02-13 15:13:35,888 - ERROR - [AUTO] optionsymbol failed for CE: HTTP 404: {"status": "error", "message": "No strikes found for NIFTY expiring 17FEB26. Please check expiry date or update master contract."}

2026-02-13 15:13:39,180 - ERROR - [AUTO] optionsymbol failed for PE: HTTP 404: {"status": "error", "message": "No strikes found for NIFTY expiring 17FEB26. Please check expiry date or update master contract."}

2026-02-13 15:13:46,628 - ERROR - [AUTO] optionsymbol failed for CE: HTTP 404: {"status": "error", "message": "No strikes found for NIFTY expiring 17FEB26. Please check expiry date or update master contract."}

2026-02-13 15:13:47,897 - ERROR - [AUTO] optionsymbol failed for PE: HTTP 404: {"status": "error", "message": "No strikes found for NIFTY expiring 17FEB26. Please check expiry date or update master contract."}

2026-02-13 15:13:56,545 - ERROR - [AUTO] optionsymbol failed for CE: HTTP 404: {"status": "error", "message": "No strikes found for NIFTY expiring 17FEB26. Please check expiry date or update master contract."}

2026-02-13 15:13:57,854 - ERROR - [AUTO] optionsymbol failed for PE: HTTP 404: {"status": "error", "message": "No strikes found for NIFTY expiring 17FEB26. Please check expiry date or update master contract."}

2026-02-13 15:14:07,033 - ERROR - [AUTO] optionsymbol failed for CE: HTTP 404: {"status": "error", "message": "No strikes found for NIFTY expiring 17FEB26. Please check expiry date or update master contract."}

2026-02-13 15:14:10,410 - ERROR - [AUTO] optionsymbol failed for PE: HTTP 404: {"status": "error", "message": "No strikes found for NIFTY expiring 17FEB26. Please check expiry date or update master contract."}

2026-02-13 15:14:17,905 - ERROR - [AUTO] optionsymbol failed for CE: HTTP 404: {"status": "error", "message": "No strikes found for NIFTY expiring 17FEB26. Please check expiry date or update master contract."}

2026-02-13 15:14:19,059 - ERROR - [AUTO] optionsymbol failed for PE: HTTP 404: {"status": "error", "message": "No strikes found for NIFTY expiring 17FEB26. Please check expiry date or update master contract."}

2026-02-13 15:14:27,579 - ERROR - [AUTO] optionsymbol failed for CE: HTTP 404: {"status": "error", "message": "No strikes found for NIFTY expiring 17FEB26. Please check expiry date or update master contract."}

2026-02-13 15:14:28,747 - ERROR - [AUTO] optionsymbol failed for PE: HTTP 404: {"status": "error", "message": "No strikes found for NIFTY expiring 17FEB26. Please check expiry date or update master contract."}

2026-02-13 15:14:36,228 - ERROR - [AUTO] optionsymbol failed for CE: HTTP 404: {"status": "error", "message": "No strikes found for NIFTY expiring 17FEB26. Please check expiry date or update master contract."}

2026-02-13 15:14:39,319 - ERROR - [AUTO] optionsymbol failed for PE: HTTP 404: {"status": "error", "message": "No strikes found for NIFTY expiring 17FEB26. Please check expiry date or update master contract."}

2026-02-13 15:14:47,010 - ERROR - [AUTO] optionsymbol failed for CE: HTTP 404: {"status": "error", "message": "No strikes found for NIFTY expiring 17FEB26. Please check expiry date or update master contract."}

2026-02-13 15:14:48,285 - ERROR - [AUTO] optionsymbol failed for PE: HTTP 404: {"status": "error", "message": "No strikes found for NIFTY expiring 17FEB26. Please check expiry date or update master contract."}

2026-02-13 15:14:58,095 - ERROR - [AUTO] optionsymbol failed for CE: HTTP 404: {"status": "error", "message": "No strikes found for NIFTY expiring 17FEB26. Please check expiry date or update master contract."}

2026-02-13 15:14:59,309 - ERROR - [AUTO] optionsymbol failed for PE: HTTP 404: {"status": "error", "message": "No strikes found for NIFTY expiring 17FEB26. Please check expiry date or update master contract."}

